amount,amount_deviation,new_payee,transaction_velocity,unusual_hour,location_change,new_device,suspicious
3508.94,0.3498,0,0,0,0,0,0
4876.83,0.0446,1,0,0,0,0,0
2489.2,-0.1302,0,0,0,0,0,0
5046.75,2.9741,0,0,0,0,1,0
3924.99,1.8874,0,0,0,0,0,0
8310.35,1.8672,0,4,0,0,0,0
1881.28,-0.0373,0,4,0,0,0,0
3449.18,0.0525,0,4,0,0,0,0
770.51,-0.0888,0,0,0,0,0,0
2777.78,-0.1433,0,0,0,0,0,0
1915.55,-0.023,0,2,1,0,0,0
5899.0,0.5693,1,0,0,0,0,0
1506.02,0.0596,0,0,1,0,0,0
1379.43,-0.1811,0,5,0,0,0,0
710.41,-0.1492,0,0,0,0,0,0
4464.35,0.0701,0,0,0,0,1,0
2747.98,0.0791,0,0,0,0,0,0
2405.8,2.8726,0,1,0,0,0,1
4064.39,-0.0008,0,0,0,0,0,0
2073.07,1.551,0,2,0,1,0,0
12924.3,2.1723,1,0,0,0,0,1
5336.51,0.1388,0,0,0,0,0,0
1334.51,-0.3159,0,2,0,0,0,0
3382.94,-0.0355,0,3,0,0,0,0
4924.76,0.018,0,2,0,0,0,0
4063.37,0.4765,1,1,1,0,1,1
1055.3,-0.1674,0,1,0,0,0,0
7196.44,3.0277,0,1,0,0,0,0
3828.46,0.6397,0,0,0,0,0,0
6243.11,0.3376,0,4,0,0,0,0
4337.41,-0.129,0,1,0,0,0,0
3822.03,1.7407,0,3,1,0,0,0
5186.21,0.1872,0,1,0,0,0,0
1326.0,0.3561,0,0,0,0,0,0
7393.38,1.6002,0,0,1,0,0,0
530.95,0.0614,0,0,0,0,1,0
788.08,-0.0872,1,2,0,0,0,0
1313.79,0.1067,0,1,0,0,0,0
2054.83,0.4484,0,0,0,0,0,0
15671.17,2.1981,0,0,0,0,0,0
1675.22,0.1068,0,3,0,0,0,0
1126.31,0.6191,0,0,0,0,1,0
1095.45,-0.0936,0,1,0,0,0,0
21660.3,3.5473,0,1,0,0,0,0
3842.54,-0.0381,0,0,0,0,0,0
1840.48,0.19,0,4,0,0,0,0
5242.06,0.3088,0,0,0,0,0,0
1978.22,0.1567,0,0,0,1,0,0
4111.31,0.0383,0,0,0,0,0,0
3689.66,0.3758,0,3,0,0,0,0
4514.61,0.0542,0,1,0,0,0,0
1194.64,0.1653,0,1,0,0,1,0
775.85,-0.324,0,0,0,0,1,0
2129.63,-0.2842,0,4,0,0,0,0
1735.19,-0.154,0,1,0,0,0,0
2425.55,-0.493,1,2,0,1,0,0
4842.54,0.0599,0,0,0,1,0,0
1123.43,0.6518,0,6,0,0,0,1
1530.09,1.8055,0,0,0,0,1,0
8904.64,1.2518,0,1,0,0,0,0
1613.93,-0.1384,0,1,1,0,0,0
3914.67,-0.0238,0,1,0,0,0,0
2247.84,0.1041,0,0,0,0,0,0
7390.09,0.9444,0,1,0,0,0,0
13637.61,3.8133,0,3,0,0,0,0
2357.86,-0.2548,0,0,0,0,0,0
7367.74,1.7932,0,1,0,0,0,0
6756.16,0.5284,0,3,1,1,0,1
3410.62,0.1997,0,0,0,1,0,0
7905.44,0.9919,0,3,0,0,0,0
5872.61,1.0716,0,1,0,0,0,0
1215.96,-0.0073,0,0,0,0,0,0
1693.77,-0.4017,0,0,1,0,0,0
2157.64,0.1329,0,1,0,0,0,0
6256.34,2.2135,0,3,0,0,0,0
2428.59,-0.0353,0,3,0,0,0,0
6627.47,0.8009,0,1,0,0,0,0
4884.25,0.2629,0,0,0,1,0,0
2870.42,0.123,0,1,0,0,0,0
3310.06,3.4523,0,0,0,0,0,0
3601.95,-0.2019,0,0,0,0,0,0
3441.72,-0.245,0,0,0,0,0,0
2632.67,-0.0393,0,0,0,0,0,0
3329.13,0.1827,1,0,0,0,0,0
3486.79,0.0491,0,0,1,0,0,0
6378.89,1.8585,0,0,0,0,0,0
3331.84,-0.1285,0,2,1,0,0,0
5204.47,1.8109,0,0,0,0,0,0
1648.81,-0.0298,0,1,0,0,0,0
3151.8,0.1749,0,0,0,0,0,0
1142.95,-0.0566,1,2,0,0,0,0
942.51,-0.0488,0,0,0,0,0,0
1190.98,0.5857,0,2,0,0,0,0
2270.35,-0.3419,0,1,0,0,0,0
4058.5,-0.1269,0,1,0,1,0,0
1413.91,0.1173,0,0,0,0,0,0
4493.39,0.5043,0,0,0,0,0,0
3619.6,-0.2218,0,0,0,1,0,0
2801.81,-0.1191,0,0,0,0,0,0
11312.12,1.3189,0,1,0,0,0,0
660.15,-0.1218,0,0,1,0,0,0
6638.05,0.4206,0,3,0,0,0,0
15471.51,2.1179,0,0,0,0,0,0
6445.16,0.8103,0,0,0,0,0,0
4770.07,0.0459,0,0,0,0,0,0
1607.46,0.475,0,4,0,0,0,0
781.51,-0.1965,0,0,0,0,0,0
1429.52,-0.4836,0,1,0,0,0,0
2616.79,0.046,1,0,0,0,1,0
564.13,-0.0577,0,1,0,0,0,0
3337.2,-0.0731,0,0,0,0,0,0
1800.53,0.0557,0,2,0,0,0,0
2991.58,-0.3134,0,0,0,0,0,0
3197.56,-0.3445,0,2,0,1,1,0
1612.32,-0.0751,0,0,1,1,0,0
2388.67,-0.01,0,2,0,0,0,0
1672.84,-0.2106,0,0,0,0,0,0
3270.02,0.125,0,0,0,0,0,0
1192.59,-0.0108,0,1,0,0,0,0
4832.69,0.1074,0,1,0,0,0,0
4134.46,-0.0091,0,0,1,0,0,0
2323.0,-0.2519,0,0,0,0,0,0
3820.58,-0.0394,0,0,0,1,0,0
887.46,-0.1395,0,0,0,0,0,0
4515.71,2.2775,0,4,0,0,0,0
2375.3,-0.0366,0,5,0,0,0,0
4243.79,0.4321,0,1,0,0,0,0
1029.81,-0.1261,0,1,0,0,0,0
4309.13,-0.1019,0,0,0,0,0,0
771.75,0.0223,0,5,0,0,1,0
4501.8,0.0619,0,2,1,0,1,0
4706.08,0.158,0,0,0,0,0,0
3314.29,0.1324,0,0,0,0,0,0
2847.63,0.0267,0,0,1,0,0,0
3116.28,-0.2304,0,4,0,0,0,0
892.12,-0.0651,1,0,0,0,0,0
1217.74,0.2204,0,3,0,0,1,0
3084.93,0.0669,0,0,1,0,0,0
1214.17,-0.3542,1,0,0,0,0,0
1423.02,0.2953,0,0,0,0,0,0
1296.1,-0.1907,0,1,0,0,0,0
995.08,0.1416,0,0,0,0,0,0
4481.56,1.7557,0,2,0,0,0,0
4260.03,-0.0828,0,0,0,1,1,0
3725.1,0.5021,0,4,0,0,0,0
7768.48,1.6683,1,1,0,0,1,0
2557.49,-0.1213,0,0,0,0,0,0
1811.81,-0.5253,0,0,0,0,0,0
1422.44,0.2266,0,0,0,0,0,0
2955.71,1.9453,0,0,0,0,0,0
12917.2,2.0018,0,4,0,0,0,0
6472.62,0.3352,1,0,0,0,0,0
3263.06,-0.3216,1,0,0,1,0,0
8267.31,2.5993,0,2,0,0,0,0
2319.11,-0.2506,0,1,0,0,0,0
1050.22,-0.0164,1,0,0,0,0,0
6851.14,1.3263,0,2,0,0,0,0
2138.54,-0.0207,0,2,0,0,0,0
2546.05,0.0323,0,1,0,0,0,0
3805.49,0.05,0,1,0,0,0,0
3938.0,-0.1877,0,0,0,0,1,0
612.01,-0.232,0,0,0,0,0,0
1184.01,-0.0891,1,0,0,0,0,0
5376.99,0.2527,0,2,0,0,1,0
3918.15,0.3922,0,3,0,0,0,0
3453.38,1.9461,0,1,0,0,0,0
2786.7,2.2167,0,7,1,0,0,1
4269.05,0.2234,0,1,0,0,0,0
3385.47,-0.279,0,0,0,0,0,0
2019.15,-0.0794,0,4,0,0,0,0
1128.1,-0.3178,0,0,0,0,0,0
2709.3,-0.4116,0,3,0,0,0,0
1280.73,-0.1555,0,0,1,0,0,0
13374.02,1.886,0,0,0,0,0,0
3525.12,0.1855,0,0,1,0,0,0
1687.5,-0.1351,0,7,0,0,0,0
3738.98,0.7717,0,1,1,0,0,0
12531.51,2.7009,0,0,0,0,0,0
2651.34,0.9099,1,3,1,0,0,0
3688.07,0.1404,1,0,0,0,0,0
4670.06,3.1888,0,3,0,0,0,0
3768.19,-0.0672,0,0,0,0,0,0
2365.44,1.4923,0,3,0,0,0,0
7384.3,1.93,1,1,0,0,0,0
9485.79,1.5108,1,0,0,0,1,0
4183.11,-0.0506,0,2,0,0,0,0
1594.77,-0.3225,0,0,0,0,0,0
2845.06,0.05,0,0,0,0,0,0
7629.1,0.7101,1,0,0,0,0,0
6035.32,0.2258,0,0,0,0,0,0
3007.69,1.2191,0,6,0,0,0,0
983.99,0.1574,1,0,0,0,0,0
2193.05,0.1087,0,0,0,0,0,0
5580.03,0.1494,0,1,0,0,0,0
2847.35,-0.0701,0,0,0,0,1,0
2553.16,-0.2208,0,4,0,0,0,0
2103.85,0.1816,0,0,0,0,0,0
1702.93,-0.025,0,0,0,0,0,0
824.47,-0.1007,0,0,0,0,0,0
2441.43,-0.2343,0,0,0,0,0,0
1530.29,0.2216,0,4,0,0,0,0
2826.52,0.0108,0,0,0,0,1,0
3892.15,-0.1052,0,0,0,0,1,0
1330.02,0.0873,0,3,1,0,0,0
2387.39,-0.1295,0,2,0,0,0,0
2860.72,1.4983,0,3,0,0,0,0
1446.94,1.081,0,1,0,0,0,0
1934.46,0.1905,0,0,0,1,0,0
3662.14,0.0453,0,3,0,0,0,0
11353.7,2.5053,1,1,0,0,0,0
12502.1,2.3116,0,0,1,0,0,0
2530.79,0.0594,0,1,0,0,0,0
3825.51,-0.0076,0,2,0,0,0,0
5759.86,3.0989,0,0,1,1,0,1
13512.51,1.7739,0,5,0,0,1,0
3299.97,-0.1968,0,0,1,0,0,0
2923.11,0.0895,0,2,0,0,0,0
1320.49,-0.0311,0,0,0,0,0,0
3094.73,0.0969,0,2,0,1,0,0
1051.0,-0.1076,0,0,0,0,0,0
3844.22,-0.0573,0,0,0,0,0,0
3978.48,0.3735,0,0,0,0,0,0
3820.73,-0.1482,0,5,0,0,0,0
2687.21,0.2425,0,1,0,0,0,0
15875.62,2.7611,0,0,0,0,0,0
4528.89,0.1839,0,0,0,0,0,0
8738.91,1.6793,0,1,0,0,0,0
6691.27,0.4406,0,2,0,0,0,0
10184.89,1.1723,0,2,1,0,0,0
2244.81,0.4152,0,5,0,0,0,0
2035.06,-0.2931,0,1,0,0,0,0
841.43,0.3617,0,1,0,0,0,0
2433.72,0.0138,0,3,0,0,0,0
3096.69,3.0121,0,2,0,1,0,0
3837.84,0.1522,1,0,0,0,0,0
1433.77,-0.2985,0,2,0,0,0,0
2729.36,0.2645,0,0,0,0,0,0
1624.77,1.2662,0,5,0,0,0,0
4886.85,1.8448,0,0,0,0,0,0
2082.09,-0.3648,0,1,0,0,0,0
4255.95,-0.0021,0,0,0,1,0,0
1117.25,-0.0726,0,4,0,0,0,0
5294.26,0.3832,0,1,0,0,1,0
5059.5,0.3931,0,3,0,0,0,0
19410.85,3.3554,0,3,0,0,0,0
1682.97,0.0712,0,3,0,0,0,0
3094.52,0.0562,0,4,0,0,0,0
4459.04,0.1031,0,0,0,0,1,0
5658.13,0.1815,0,0,0,0,0,0
3248.67,0.9901,0,0,0,0,0,0
4846.88,0.2888,0,0,0,0,0,0
1361.82,-0.0487,0,0,1,0,0,0
5487.83,0.287,0,1,0,0,0,0
524.48,-0.0806,0,1,0,0,0,0
5827.55,0.217,0,1,0,0,0,0
2166.6,0.2233,0,0,1,0,0,0
1772.51,0.008,0,0,0,0,0,0
5489.13,0.1861,0,4,0,0,0,1
3875.19,-0.1022,0,2,0,0,0,0
1682.67,0.2086,0,1,0,0,0,0
3068.12,-0.1798,0,0,0,0,0,0
4011.22,-0.1579,0,0,1,0,0,0
4518.25,0.0624,1,0,0,0,0,0
6231.94,0.5297,0,4,0,1,0,0
2850.92,0.1015,0,0,0,0,0,0
3724.81,0.2816,0,1,0,0,0,0
1051.94,0.3612,0,0,0,0,1,0
1610.7,2.0925,0,2,1,0,0,0
2237.77,-0.1606,0,3,0,0,0,0
2231.27,-0.2054,0,0,0,0,0,0
3633.69,-0.049,0,0,0,0,0,0
3342.65,0.3225,0,0,0,0,0,0
3199.97,0.0026,0,0,0,0,0,0
4625.43,0.2266,1,2,0,0,0,0
1979.05,-0.0425,0,0,0,0,0,0
10429.91,1.4339,0,3,0,0,0,0
2289.19,0.1552,0,0,0,0,0,0
2996.8,0.1704,0,0,0,0,0,0
8533.76,0.8787,0,0,0,0,0,0
4295.83,1.6649,0,1,0,0,0,0
3506.67,-0.0547,0,1,0,1,0,0
1925.98,0.0853,0,1,0,0,0,0
2516.61,-0.098,0,1,0,0,0,0
1677.61,0.3847,0,2,0,1,0,1
706.51,0.1796,0,0,1,0,0,0
934.58,-0.1639,0,2,0,1,0,0
2875.72,-0.2122,0,1,0,0,0,0
2378.94,1.0306,0,2,0,0,0,0
5221.75,0.0511,0,2,0,0,0,0
458.6,-0.2408,0,0,0,0,0,0
4065.34,0.3952,1,1,0,0,0,0
1152.79,0.4957,0,2,0,0,0,0
4886.62,-0.0157,0,2,0,0,0,0
9997.5,1.6461,0,0,0,0,0,0
7702.58,1.9235,0,5,0,0,0,0
3722.27,0.805,1,2,0,0,0,0
1334.73,-0.0061,0,3,1,0,0,0
4536.62,0.0265,0,0,0,0,0,0
2804.82,0.8463,0,0,0,1,0,0
1054.75,-0.022,0,2,0,0,1,0
7819.12,1.5674,0,1,0,0,0,0
1510.97,0.784,0,2,0,0,0,0
2479.12,-0.0833,0,0,0,0,0,0
1965.44,0.2893,0,7,0,0,0,0
2690.46,1.7715,0,0,1,0,0,0
1959.66,-0.0876,0,0,0,0,0,0
2311.31,-0.3797,0,0,0,0,0,0
1532.31,1.3328,1,3,0,0,0,0
4493.76,0.1422,0,1,0,0,1,0
827.78,-0.1105,0,1,0,0,0,0
825.69,-0.2193,0,2,1,0,0,0
8876.71,2.9587,0,2,0,0,1,0
3748.65,0.3526,0,1,0,0,0,0
1940.63,0.5516,0,1,1,0,0,0
3054.4,-0.2974,0,0,0,0,0,0
451.08,-0.1242,0,2,0,0,0,0
8936.06,1.6438,1,5,1,0,0,0
5283.99,1.265,0,6,1,0,0,0
1492.64,0.0236,0,3,0,0,0,0
3553.21,0.3304,0,1,0,0,0,0
3485.68,-0.2274,0,2,0,0,0,0
1425.23,-0.1651,0,0,1,0,0,0
3842.32,0.1944,0,2,0,0,1,0
4322.95,1.4149,0,3,0,0,0,0
10253.87,1.2331,0,1,0,1,0,0
3909.55,-0.2022,0,0,0,0,0,0
4980.44,0.3564,0,2,0,0,0,0
5249.56,1.1647,0,0,0,0,0,0
2115.16,0.242,0,1,0,0,0,0
5574.33,0.2869,1,2,0,0,0,0
3155.21,-0.0848,0,2,0,0,0,0
467.97,-0.1033,0,0,0,0,0,0
7546.62,0.5544,0,2,0,0,0,0
2225.01,2.1987,0,5,0,0,0,0
1603.85,-0.0712,1,2,0,0,0,0
5700.32,0.3037,0,2,0,0,0,0
1797.28,0.1067,0,0,0,0,0,0
12601.34,1.5685,1,1,0,0,0,0
4388.34,1.1439,0,0,0,0,0,0
3285.67,-0.1348,0,1,0,0,0,0
4782.57,0.2299,0,0,0,0,0,0
2406.36,-0.0448,0,0,0,0,0,0
3366.91,-0.0379,0,5,0,0,1,0
1451.43,1.4148,0,0,1,0,0,0
3003.97,-0.0403,0,1,1,0,0,0
1252.71,0.0565,0,0,1,0,0,0
2647.51,0.2106,0,0,0,0,0,0
1040.71,0.0712,0,2,0,0,0,0
4432.7,0.1642,0,0,0,0,0,0
775.86,0.1719,0,2,0,0,0,0
845.56,-0.2647,0,2,0,0,0,0
2374.54,-0.1141,0,3,0,0,0,0
2429.69,0.813,0,1,0,0,0,0
1837.3,-0.386,0,0,1,0,0,0
2603.7,0.2572,0,0,0,0,0,0
4102.09,0.3176,0,0,1,0,0,0
1444.0,-0.2244,0,4,0,0,0,0
12414.94,1.8258,0,0,0,0,1,0
2680.65,0.2085,0,0,0,0,0,0
3620.45,-0.04,0,0,0,0,0,0
7963.28,1.9727,0,4,0,0,0,0
4117.74,-0.1139,0,0,0,0,0,0
5485.36,0.2483,0,1,0,0,0,0
4583.02,0.1184,0,0,0,1,0,0
1142.27,-0.0251,0,0,1,0,0,0
2470.78,-0.242,0,2,0,0,0,0
5026.86,1.1848,0,0,1,0,0,0
3089.91,1.5277,0,1,0,0,1,0
484.58,-0.1342,0,1,1,0,0,0
5075.8,0.1695,0,0,1,0,0,0
4015.36,-0.0996,0,1,0,0,0,0
4069.84,-0.1218,0,1,0,0,1,0
1179.68,0.6692,0,3,0,0,0,0
7810.08,1.3147,0,0,0,0,1,0
1613.05,-0.3004,0,3,0,0,0,0
1254.66,-0.4568,0,4,1,0,0,0
4344.98,0.0586,0,0,0,0,0,0
6028.28,0.9343,1,0,0,0,0,0
2909.95,-0.0269,1,0,0,0,0,0
9774.89,1.6068,0,0,0,0,0,0
519.28,-0.1417,0,1,0,0,0,0
337.77,-0.4781,0,3,0,0,0,0
1385.15,0.0137,1,2,0,0,0,0
2780.74,0.0086,0,2,0,0,0,0
2341.17,-0.1479,0,5,0,0,0,0
3422.6,0.0557,0,0,0,1,0,0
3554.68,0.4108,0,0,0,0,0,0
1671.25,0.1894,0,0,1,0,0,0
2223.97,0.1282,0,1,0,1,0,0
1671.0,-0.0826,0,1,1,0,0,0
1896.74,1.3905,0,1,0,0,0,0
4937.64,1.3175,0,3,0,0,1,0
985.91,0.7514,0,1,0,0,1,0
6551.31,1.6128,0,1,0,0,0,0
2908.65,0.0132,0,0,0,0,1,0
2683.39,-0.1427,1,0,0,0,0,0
869.35,-0.0722,0,4,0,0,0,0
3241.97,-0.2909,1,1,0,0,0,0
3624.63,0.5301,0,2,0,0,0,0
1631.48,-0.1307,0,1,0,0,0,0
2685.96,-0.1327,0,0,1,0,0,0
2570.61,0.0309,0,2,0,0,0,0
4744.14,0.1843,0,1,0,0,0,0
4414.7,-0.0395,0,1,0,0,0,0
2011.28,-0.3967,0,2,0,0,0,0
4186.49,0.0427,0,0,0,0,1,0
4923.88,0.0174,0,0,0,0,0,0
4150.27,0.1821,0,5,0,0,1,0
5537.47,0.2473,0,2,0,0,0,0
5855.85,0.4192,0,0,0,0,0,0
1016.85,0.3125,0,0,1,0,1,0
7041.63,1.0787,0,0,0,0,0,0
2848.95,1.3172,0,1,0,0,0,0
1243.77,0.0099,0,1,0,0,0,0
7406.13,1.1517,1,3,1,0,0,1
5150.94,0.0335,1,0,0,1,1,0
2519.83,-0.3183,0,0,0,0,0,0
2073.7,0.1832,1,0,0,0,0,0
11534.71,1.5117,0,0,0,0,0,0
2039.74,-0.184,0,3,0,0,0,0
4428.57,0.0173,0,1,0,0,0,0
4998.04,0.0078,0,4,0,0,0,0
2413.5,0.3782,0,0,0,0,0,0
1736.62,-0.1056,0,4,0,0,0,0
6398.98,0.3264,1,1,1,0,0,1
6435.87,1.605,0,0,0,1,0,0
2515.1,-0.3683,0,0,0,0,0,0
1257.27,-0.0537,0,4,0,0,0,0
2443.13,0.2155,0,0,0,0,0,0
1938.12,-0.1511,0,1,0,0,0,0
3124.82,-0.0087,0,0,0,0,0,0
4876.24,0.0121,0,1,0,0,0,0
810.94,-0.4934,0,0,0,0,0,0
4264.14,-0.0324,0,0,1,0,1,0
7377.12,1.7217,0,2,0,0,0,0
2930.85,-0.1795,0,0,0,0,0,0
1308.6,0.0944,0,0,0,0,0,0
3058.85,-0.0712,0,0,0,0,1,0
4837.01,0.2014,0,4,0,0,0,0
2378.56,-0.1815,1,0,0,0,0,0
680.37,-0.1302,0,1,0,0,0,0
3511.62,-0.2721,0,4,0,0,0,0
27562.53,7.4179,0,0,0,0,0,1
4975.41,0.0647,0,0,0,0,1,0
8213.43,2.6593,0,1,0,0,0,0
1305.43,-0.0628,0,1,0,0,0,0
3751.48,-0.0273,1,0,0,0,0,0
2861.82,1.1197,0,0,0,0,0,0
1188.38,0.1455,0,0,0,0,0,0
13114.68,1.6817,0,5,0,0,0,0
820.68,0.0043,0,2,0,0,0,0
5001.76,0.0195,0,1,0,0,0,0
1056.88,0.1056,0,0,0,0,0,0
3390.16,-0.1961,0,0,0,0,0,0
3508.73,0.1211,0,0,0,0,1,0
6984.92,1.51,1,3,0,0,0,0
3068.79,0.0381,0,0,0,0,0,0
10248.1,1.3755,0,0,0,0,0,0
3186.55,-0.1538,0,1,0,0,0,0
3096.5,-0.1842,0,2,0,0,0,0
2948.39,-0.0019,0,0,1,0,0,0
796.31,-0.0411,0,2,0,0,0,0
2148.54,-0.0767,0,3,0,0,1,0
10527.67,1.125,0,0,0,0,0,0
8810.72,1.9148,0,1,1,0,0,0
1305.86,0.0604,0,0,0,1,0,0
1011.83,-0.0111,0,2,1,0,0,0
4750.39,0.1914,0,0,0,0,0,0
4367.57,-0.0356,0,1,0,0,0,0
1949.52,-0.4075,0,0,0,0,0,0
970.02,-0.1292,0,0,0,0,0,0
4835.82,-0.0249,0,1,1,0,0,0
807.73,0.5947,0,1,0,0,0,0
2157.06,0.0873,0,0,0,0,0,0
4872.03,0.2766,0,2,0,0,0,0
2585.67,-0.1127,0,0,0,0,0,0
1123.47,-0.1838,0,1,1,0,0,0
2349.04,0.0841,0,0,0,0,0,0
2116.75,-0.007,0,3,0,0,0,0
4592.39,1.6783,1,0,0,0,0,0
4101.7,0.0952,0,0,0,0,1,0
4471.48,0.1171,1,5,0,0,0,0
3417.97,-0.0435,0,1,0,0,0,0
1997.24,-0.1621,0,2,1,0,0,0
2059.45,0.3285,0,0,0,0,0,0
1206.47,-0.188,0,2,0,0,0,0
731.21,-0.1844,0,1,0,0,1,0
2879.29,-0.1191,0,2,0,1,0,0
961.56,0.1998,0,1,0,0,0,0
4683.89,0.2189,0,1,0,0,0,0
4203.35,0.0808,0,0,0,0,0,0
1058.52,0.7427,0,1,0,0,0,0
9327.92,1.701,0,0,0,0,0,0
29817.84,7.7472,1,1,0,1,0,1
3824.25,0.1006,0,2,1,0,0,0
4997.74,0.0925,0,2,1,0,0,0
1887.91,0.9813,0,5,0,0,0,0
1595.42,1.5812,0,4,0,0,0,0
1495.16,-0.0871,0,1,0,0,1,0
3220.53,-0.2018,0,3,0,1,0,0
1352.43,-0.2448,0,1,0,0,0,0
1610.01,0.5289,0,3,1,0,0,0
2622.19,-0.0074,1,1,0,1,0,0
3349.88,0.1981,0,2,0,0,0,0
3946.55,0.3277,0,1,1,0,0,0
4386.41,-0.0687,0,0,0,0,0,0
3655.76,1.5024,0,1,0,0,0,0
3095.47,0.9036,0,3,0,0,1,1
4589.85,1.8706,0,2,0,0,0,0
2760.71,0.1484,0,0,0,0,0,0
1514.97,-0.1762,0,1,0,0,0,0
4941.99,0.2146,0,5,0,0,0,0
1708.49,0.2485,0,3,0,0,0,0
5467.78,2.2302,0,0,0,0,0,0
1418.21,0.1094,0,1,0,0,0,0
5409.5,0.087,0,1,0,0,0,0
6203.5,0.5602,0,2,0,0,0,0
2795.16,0.9448,0,1,0,0,0,0
3861.51,-0.0105,0,2,0,0,0,0
1215.67,-0.0944,0,1,1,0,1,0
3906.63,-0.1056,0,0,0,0,0,0
1552.89,0.8719,0,0,0,0,0,0
4374.9,1.466,0,2,0,0,0,0
5792.51,0.1784,0,0,0,0,0,0
5721.74,0.9115,0,0,0,1,0,0
5263.52,0.2364,1,0,0,0,0,0
3523.37,0.1239,1,0,0,0,0,0
3891.97,-0.1902,0,1,0,0,1,0
4316.82,0.1012,0,1,0,0,0,0
7536.08,0.9143,0,3,0,0,0,0
13423.84,2.5255,0,0,0,0,0,0
1244.73,-0.0331,0,1,0,0,0,0
5000.8,0.1277,0,0,0,0,0,0
6989.02,2.2505,0,5,0,0,0,1
6908.03,0.4788,0,3,0,0,0,0
11729.61,1.6293,0,0,0,0,0,0
1882.15,0.0117,0,1,1,0,0,0
5923.55,0.438,0,0,0,0,0,0
2773.71,-0.2148,1,1,0,0,0,0
2038.03,-0.4068,1,2,0,0,0,0
1192.14,0.0424,0,0,0,0,0,0
4191.53,-0.1304,0,1,0,0,0,0
1693.62,-0.2822,0,2,0,0,0,0
1424.34,-0.2911,0,3,0,0,0,0
18064.49,3.1694,0,0,0,0,0,0
3776.54,2.164,0,0,1,0,0,0
4072.2,0.0172,1,2,0,0,0,0
7487.44,1.6857,0,1,0,0,0,0
3502.22,0.1141,1,1,0,0,0,0
1647.56,-0.1774,0,0,0,0,0,0
2902.17,0.2234,0,2,0,0,0,0
2285.51,0.0532,0,1,0,0,0,0
3713.39,-0.0218,0,2,0,0,0,0
5502.36,0.1598,0,3,0,0,0,0
3900.6,-0.0427,0,0,0,0,0,0
1053.43,0.1023,0,1,0,0,1,0
882.72,-0.0955,1,1,0,0,0,0
2632.33,-0.3723,0,0,0,0,0,0
3015.29,-0.1842,0,0,0,0,0,0
475.44,-0.2386,0,0,0,0,0,0
5444.32,1.3378,1,0,1,0,0,1
2800.81,0.4097,0,2,0,0,0,0
643.47,-0.2138,0,0,0,1,0,0
15452.98,2.2012,0,0,1,0,1,1
26059.38,7.0409,0,4,0,0,0,1
1232.61,0.0171,0,0,0,0,0,0
1007.71,-0.2355,0,1,0,0,0,0
6210.81,0.7424,0,2,0,0,0,0
2082.05,0.1628,0,3,0,0,0,0
1004.64,0.0774,1,2,1,1,0,0
4815.51,0.011,0,4,0,0,0,0
12029.84,1.5248,0,2,1,0,0,0
2072.89,0.3824,0,0,1,0,0,0
1030.03,-0.2225,0,4,0,0,0,0
1015.71,-0.017,0,1,1,0,0,0
4719.57,0.0114,0,0,0,0,0,0
5350.24,0.6187,0,4,0,1,0,1
1882.74,1.0874,0,2,0,0,0,0
2306.65,-0.1299,0,1,0,0,1,0
4674.3,0.1833,1,1,0,0,0,0
8257.05,1.1514,0,0,0,0,0,0
1032.84,0.0672,0,3,0,0,0,0
1446.09,-0.1199,0,0,0,0,0,0
3258.71,-0.0003,0,1,0,0,0,0
3867.72,0.0936,0,0,0,0,0,0
2780.27,1.5843,1,1,0,1,0,0
595.96,-0.308,0,0,0,0,0,0
3589.7,0.3716,0,1,0,0,0,0
1168.44,-0.2663,0,0,0,0,0,0
4975.78,0.5302,0,3,0,0,0,0
2458.46,-0.0981,0,0,1,0,0,0
4473.45,0.2062,0,0,1,0,1,0
16649.05,2.436,0,0,0,0,0,0
3049.21,0.8232,0,3,0,1,0,1
5139.15,0.2102,0,1,0,0,0,0
4003.97,0.1222,0,0,0,0,0,0
1521.32,-0.2648,0,3,0,0,0,0
4640.36,0.1651,0,2,1,0,0,0
7323.36,1.4037,0,1,0,0,1,0
1245.14,-0.0589,1,0,0,0,0,0
11308.34,1.2854,0,7,0,0,0,0
1472.79,0.025,0,4,0,0,0,0
22199.12,6.6918,0,0,0,0,0,1
1326.9,0.9568,0,2,0,0,0,0
4600.18,0.4766,0,1,0,0,0,0
4098.68,1.813,0,0,0,0,0,0
608.57,-0.0041,0,4,0,0,0,0
530.11,-0.4474,0,1,0,0,0,0
25413.79,6.4643,0,3,0,0,0,1
2364.94,0.2175,0,0,0,0,0,0
5013.97,0.0054,0,4,0,1,0,0
4270.42,-0.072,0,0,0,0,0,0
3390.57,-0.2246,0,1,0,0,0,0
2038.01,-0.2504,0,2,0,0,0,0
8168.43,0.8945,0,0,0,0,0,0
1089.04,-0.0044,0,0,0,0,0,0
3805.24,0.477,0,2,0,0,0,0
4867.95,0.3264,0,2,0,0,0,0
7477.58,3.0517,0,0,1,0,0,0
3538.8,-0.19,0,1,1,0,0,0
3689.07,0.5758,1,2,0,0,0,0
1555.04,0.1056,0,2,1,0,0,0
1745.25,0.1477,0,1,1,0,0,0
4133.03,0.0881,0,1,0,0,0,0
4699.82,0.1732,1,0,0,0,0,0
731.84,-0.0429,1,5,0,1,0,0
4585.63,0.1091,0,3,1,0,0,0
2550.73,0.1199,0,2,0,0,0,0
1574.43,0.0233,1,0,0,1,0,0
1682.75,-0.1864,0,1,0,0,0,0
2310.75,-0.3221,0,1,1,0,0,0
2135.68,0.1425,0,3,0,0,0,0
3731.74,0.132,0,0,0,0,0,0
6144.8,0.685,1,3,0,0,0,0
896.97,-0.2435,0,1,0,0,0,0
2519.22,0.0659,0,1,0,0,0,0
902.35,0.0814,0,2,0,0,0,0
2362.26,-0.0727,0,2,0,0,0,0
1400.1,0.1529,1,2,0,1,0,0
2670.46,0.0065,0,0,0,0,0,0
464.39,-0.283,0,0,0,0,0,0
2305.19,1.6656,0,1,0,0,0,0
642.37,-0.0518,0,0,0,0,0,0
3522.84,1.8491,0,1,0,0,0,0
756.78,-0.0455,0,2,0,0,0,0
5121.0,0.1215,0,3,0,1,0,0
2989.15,0.5081,0,0,0,0,0,0
1312.64,-0.2809,0,0,0,0,0,0
2982.47,0.0446,0,1,0,0,0,0
2346.88,-0.1123,0,3,0,0,0,0
3496.39,0.0466,0,2,1,0,0,0
11659.36,2.0331,0,0,0,0,0,0
2755.36,-0.1304,1,1,1,0,0,0
4447.63,-0.0774,0,2,0,0,0,0
5451.89,0.9553,1,5,1,0,0,1
3904.84,1.2267,0,4,0,0,1,1
3115.39,0.0681,0,0,1,0,0,0
779.06,-0.3892,0,0,0,1,0,0
7277.24,1.0346,0,2,1,0,0,0
4133.82,0.4231,0,1,0,0,0,0
5196.95,0.2191,0,1,0,0,0,0
1888.52,0.0627,0,2,0,1,0,0
2119.44,0.1288,0,0,0,0,0,0
17903.44,2.9196,0,0,0,0,0,0
2786.1,0.1235,1,1,0,0,1,0
2118.44,-0.3612,0,0,0,0,0,0
3593.74,0.1288,0,1,0,0,0,0
1808.02,-0.1294,0,3,0,0,0,0
3494.7,-0.0642,0,0,1,1,0,0
1426.01,0.2833,0,1,0,0,0,0
5049.15,0.2277,0,1,0,0,0,0
3047.41,-0.0014,0,3,0,0,0,0
3063.38,0.0863,0,1,0,0,0,0
8057.29,0.6646,0,0,0,0,0,0
3128.82,0.2051,0,3,0,0,0,0
4180.14,0.0155,0,0,0,0,0,0
3599.27,-0.1163,0,3,0,0,0,0
2174.48,-0.334,0,0,0,0,0,0
5345.94,0.334,0,1,0,0,0,0
6091.31,0.4654,0,4,1,0,0,0
3636.01,1.6997,0,0,0,0,0,0
3881.38,0.1565,0,0,1,0,0,0
445.88,-0.1699,0,0,0,0,0,0
1410.39,-0.3446,0,1,0,0,0,0
1167.32,0.5089,0,1,1,0,0,0
2250.96,0.1061,0,0,0,0,0,0
1829.35,-0.0343,0,1,0,0,0,0
3904.6,-0.2117,0,0,0,0,0,0
3349.52,-0.21,0,1,0,0,0,0
531.43,-0.3837,0,0,0,0,0,0
3611.09,-0.1365,0,4,1,0,0,0
901.64,0.0353,0,2,0,1,0,0
764.36,0.1577,0,1,0,0,0,0
4615.82,-0.0345,0,0,0,0,0,0
3720.08,0.8878,0,4,0,0,0,1
2267.02,-0.081,0,0,0,0,0,0
2709.73,-0.1359,0,1,0,0,0,0
17940.54,2.7208,1,0,0,0,0,0
1225.88,0.0182,0,0,0,1,0,0
3739.08,-0.1128,0,0,0,0,0,0
4702.51,-0.0546,0,0,0,0,0,0
1927.57,0.3229,0,0,0,0,0,0
5656.84,0.2912,0,3,0,0,0,0
1424.85,-0.0361,0,1,0,0,0,0
727.11,-0.041,0,7,0,0,0,0
2066.64,0.4135,0,5,0,0,0,0
4130.79,0.0519,0,0,0,0,0,0
3110.25,-0.1752,0,1,0,0,0,0
5439.75,0.1754,0,4,0,0,0,0
3272.51,0.4945,0,0,0,0,0,0
1111.65,1.0124,0,2,0,1,0,0
2022.35,-0.1598,0,0,0,0,0,0
803.18,0.0469,0,0,1,0,0,0
3605.54,0.2621,1,3,0,0,0,0
3751.22,-0.1249,0,0,0,0,0,0
7640.71,1.173,0,0,0,0,0,0
1808.17,0.2388,0,3,0,0,0,0
8231.62,1.2767,0,0,0,0,0,0
1985.36,-0.1807,0,3,0,0,0,0
12112.97,2.5505,0,3,0,1,0,1
1526.82,-0.006,0,0,0,0,0,0
3960.27,0.9153,1,0,0,0,0,0
5804.14,0.1807,1,2,0,0,0,0
5012.45,0.4858,0,0,0,0,0,0
26575.3,5.3259,1,1,1,0,1,1
1162.31,-0.0412,0,0,0,0,0,0
3397.09,0.3264,0,0,0,0,0,0
754.46,-0.1658,0,0,0,0,0,0
3626.24,2.0283,0,0,0,1,0,0
670.23,-0.2529,0,0,0,0,0,0
15742.93,2.2514,1,0,0,0,0,1
21668.09,3.9498,0,2,0,0,0,0
3651.21,-0.0308,0,1,0,0,0,0
3325.03,-0.1105,1,0,0,1,0,0
2984.16,-0.0653,0,2,0,0,0,0
1810.76,-0.0932,0,0,0,0,0,0
2477.73,-0.0291,0,1,0,0,0,0
2664.67,-0.3339,0,2,0,0,0,0
1211.44,-0.137,0,1,0,0,0,0
4545.37,0.0999,0,1,0,0,0,0
3130.6,0.0865,0,0,0,0,0,0
6744.84,1.0659,0,0,0,0,0,0
4582.97,-0.0275,0,1,0,0,0,0
3882.22,0.1015,0,2,0,1,0,0
2270.58,-0.1931,0,0,0,0,0,0
3330.2,-0.1823,0,0,0,0,0,0
1176.97,-0.0676,0,0,0,0,0,0
13260.18,1.9492,1,0,0,0,0,0
642.75,0.1901,0,4,0,1,1,0
2521.51,0.0167,0,0,0,0,0,0
4340.03,0.2806,1,0,0,1,0,0
644.7,0.0702,0,0,0,0,0,0
6597.1,1.6792,0,0,0,0,0,0
1268.31,0.2737,0,0,0,0,1,0
2598.36,-0.0656,0,0,0,0,0,0
3521.57,1.2324,0,0,0,0,0,0
4859.33,0.0404,0,1,0,0,0,0
4745.32,0.0161,0,2,0,0,0,0
4617.81,0.0565,0,0,0,0,1,0
2604.25,-0.0949,0,2,0,0,0,0
2798.49,-0.2835,1,0,0,0,0,0
1799.85,0.4279,1,2,0,0,0,0
2756.69,-0.3748,0,1,0,0,1,0
2668.52,-0.1417,0,4,0,0,0,0
3337.7,0.3504,0,0,0,0,0,0
4191.04,0.1807,0,0,0,0,1,0
585.12,-0.1237,0,1,0,0,0,0
4199.26,0.0347,0,1,0,1,1,0
5415.48,0.239,0,0,0,0,0,0
4064.69,-0.1836,0,1,1,0,0,0
4561.88,-0.0514,0,1,0,0,0,0
1624.22,-0.2804,0,2,0,1,0,0
760.63,-0.0682,0,3,0,0,0,0
4743.89,0.0512,0,0,0,0,0,0
18022.55,3.2508,0,1,0,0,0,0
2851.37,-0.2949,0,0,0,0,0,0
12279.15,1.6559,0,0,0,0,0,0
2287.9,0.3658,0,0,0,0,0,0
6160.0,0.3355,0,7,0,0,0,0
2033.18,-0.2699,0,0,0,0,0,0
4283.73,0.1124,0,1,0,1,0,0
2987.23,-0.0085,0,0,0,0,0,0
1134.27,0.8089,0,2,1,1,0,1
3063.32,1.6686,0,6,0,0,0,0
16224.9,2.7169,1,3,0,0,0,1
974.1,-0.4473,0,1,0,0,0,0
1318.11,0.169,0,1,1,0,0,0
847.39,0.5867,0,0,0,0,0,0
3719.35,-0.0644,1,2,0,0,0,0
2188.6,-0.0518,0,0,0,0,0,0
4810.58,0.0834,0,2,0,0,0,0
1315.51,0.4556,0,1,0,0,0,0
2596.54,0.1274,0,1,0,0,0,0
3245.11,-0.1331,0,2,0,0,0,0
2375.03,0.0327,0,0,0,0,0,0
6205.6,0.287,0,0,0,1,0,0
5752.2,1.5041,0,1,0,0,0,0
15669.02,2.2173,0,0,0,0,0,0
3820.47,0.5855,0,0,0,0,0,0
3814.18,-0.1214,0,0,0,0,0,0
10377.41,1.5386,0,0,1,0,0,0
7298.2,0.5704,0,3,0,0,0,0
4121.98,0.1405,0,1,1,0,0,0
2183.15,-0.0429,0,0,0,1,0,0
8024.31,1.5542,0,2,0,0,0,0
721.88,0.2167,0,0,0,0,0,0
3892.43,-0.1981,1,4,0,0,0,0
2598.75,0.66,0,0,0,0,0,0
9317.4,1.1206,0,0,0,0,0,0
4941.28,0.2434,1,0,0,0,0,0
3891.54,0.2012,0,0,0,0,0,0
768.42,-0.1727,0,1,0,0,0,0
1579.39,0.0303,0,0,0,0,0,0
1999.97,-0.0287,0,0,0,1,0,0
10895.24,1.2355,0,1,0,0,1,0
8014.67,1.3448,0,0,0,0,0,0
1404.3,0.7171,0,3,0,0,1,0
2454.48,-0.2209,0,2,1,0,0,0
871.71,-0.1175,0,1,0,0,0,0
2774.5,-0.1125,0,3,1,0,0,0
2244.41,0.4583,0,1,0,0,0,0
1513.36,-0.2001,0,1,0,0,0,0
8088.95,0.6296,0,0,0,0,0,0
2329.46,-0.0412,0,0,0,0,0,0
2797.91,-0.0533,0,2,0,0,0,0
2537.87,-0.2482,0,5,0,0,0,0
544.98,-0.6964,0,2,0,0,0,0
852.86,-0.0397,0,1,1,0,0,0
6524.74,1.0395,0,0,0,0,0,0
3387.86,0.349,1,4,1,0,0,1
2025.11,0.0048,0,3,1,0,0,0
2954.12,0.5175,0,0,0,0,0,0
2919.25,-0.006,0,1,0,0,0,0
6032.95,0.3427,0,0,0,1,0,0
3745.61,0.36,0,5,0,0,0,0
952.95,0.0918,0,1,0,0,0,0
1096.87,-0.0892,0,1,1,0,0,0
3998.74,-0.1018,0,1,0,0,0,0
1453.47,-0.0965,0,2,1,0,0,0
13060.14,1.9737,0,0,0,0,0,0
3007.6,-0.1019,0,3,0,0,1,0
945.13,-0.2528,0,1,0,0,0,0
14960.5,3.2496,0,1,1,0,0,0
2422.63,-0.1637,0,0,0,0,0,0
6538.7,0.3082,1,0,0,0,0,0
1827.94,-0.0371,0,0,0,0,0,0
2539.49,0.198,0,0,1,0,0,0
8795.6,2.622,0,2,1,0,1,1
2187.08,0.2701,1,2,0,0,0,0
8446.3,1.5776,0,0,0,0,1,0
2034.85,0.2435,0,0,0,0,0,0
1988.64,-0.3417,0,2,0,0,1,0
1720.14,-0.1696,0,1,0,0,0,0
4697.24,0.1109,0,0,0,0,0,0
4516.12,0.1433,0,1,0,0,0,0
3623.95,0.4269,0,0,1,1,0,0
1330.43,-0.0872,0,1,0,0,0,0
647.47,-0.1455,0,1,0,0,0,0
3231.98,-0.0495,0,3,0,0,0,0
8208.94,1.7839,0,0,1,0,1,0
948.19,-0.0497,0,3,0,0,0,0
5719.91,0.5563,0,3,0,0,0,0
2446.63,0.4044,0,0,0,0,0,0
947.5,-0.2386,0,0,0,0,0,0
1242.85,0.0577,0,1,0,0,0,0
3549.93,-0.2776,0,0,0,0,1,0
1036.61,0.3392,0,1,0,0,0,0
3317.4,0.4246,0,1,0,0,0,0
7228.19,0.5803,0,0,0,0,0,0
3315.42,0.1745,0,1,0,0,0,0
847.58,-0.0971,0,3,0,0,0,0
7752.6,3.2705,0,2,0,0,1,0
8566.69,0.848,0,2,0,0,0,0
6814.65,0.8959,0,2,0,0,0,0
2925.36,-0.1118,0,2,1,0,0,0
1859.44,0.3885,1,0,0,0,0,0
4889.83,0.7468,0,0,1,0,0,0
976.84,0.001,1,0,0,0,0,0
4476.87,-0.0327,0,4,0,0,0,0
1911.74,-0.013,0,0,0,0,0,0
16179.04,3.835,0,0,0,0,0,0
2044.0,-0.0486,0,0,0,0,0,0
3111.99,-0.0122,0,0,0,0,0,0
2749.05,0.0029,0,3,0,0,0,0
957.92,0.1083,0,1,0,0,0,0
5099.16,0.2432,0,4,0,0,0,0
1429.35,-0.4829,0,2,0,0,0,0
2498.77,0.404,1,0,0,0,0,0
10893.81,1.7353,0,0,0,0,0,0
5720.22,0.828,0,2,0,0,0,0
12064.48,1.4548,0,1,0,0,0,0
4586.44,1.0937,0,1,0,1,0,0
7288.21,1.9545,0,0,0,0,0,0
3045.69,0.0035,0,2,0,0,0,0
775.76,-0.2282,0,0,0,0,0,0
2269.34,0.5182,0,1,0,0,0,0
9257.66,0.9051,0,0,0,0,0,0
4003.12,0.2256,0,3,0,1,0,0
2414.67,0.3732,0,0,0,0,1,0
4595.77,0.1411,0,0,0,0,0,0
1913.11,0.3226,0,0,0,0,0,0
3541.74,0.0828,0,0,0,0,0,0
4884.96,1.6282,0,2,0,0,0,0
3368.68,0.1671,0,0,0,0,0,0
2247.48,-0.1479,0,0,0,0,0,0
7900.37,0.8014,0,2,0,0,0,0
867.46,0.6705,0,0,0,1,0,0
4102.62,0.1064,0,0,0,0,0,0
3220.87,0.0097,1,1,0,0,0,0
3453.48,-0.0601,0,0,0,0,0,0
5743.12,0.2393,0,3,0,0,0,0
1761.18,1.4482,0,4,0,0,0,0
1715.26,-0.215,1,2,0,0,0,0
4647.47,-0.0332,0,1,0,0,0,0
5383.05,0.5721,0,1,0,0,0,0
609.31,0.046,0,0,0,0,0,0
5708.92,0.7384,0,1,0,0,0,0
4011.56,0.1089,0,3,1,0,0,0
2232.4,-0.2131,0,0,0,0,0,0
4025.07,0.0314,0,2,0,0,0,0
2039.87,-0.0636,0,0,0,0,0,0
1782.32,-0.4649,0,1,0,0,0,0
10210.59,1.6722,0,1,0,0,0,0
1028.53,0.1321,0,2,0,0,0,0
4810.55,0.1628,1,0,0,0,0,0
10612.86,2.2215,1,3,0,0,0,0
4186.2,0.1425,0,2,0,0,0,0
1208.26,-0.3484,0,1,0,0,0,0
2536.69,1.1715,0,0,1,0,0,0
4180.52,0.0544,0,0,0,0,0,0
3257.65,-0.3451,0,0,1,1,0,0
2326.66,0.194,0,1,0,0,0,0
3106.68,0.5566,0,1,0,0,0,1
7824.13,0.9829,0,1,0,0,0,0
14179.3,2.1661,0,1,0,0,0,0
1865.38,-0.2751,0,0,1,0,0,0
5698.5,0.3909,0,4,0,0,0,0
6251.31,0.4643,0,2,0,0,0,0
3250.88,0.18,0,5,0,0,0,0
2654.11,0.3274,0,0,1,0,0,0
11936.7,1.8341,0,0,0,0,1,0
1891.7,0.249,0,2,0,0,0,0
1114.46,-0.3397,0,1,0,0,0,0
1294.72,0.6531,0,1,0,0,0,0
1765.74,-0.0179,0,3,0,0,0,0
6474.34,1.5705,0,1,0,0,0,0
907.33,-0.0086,0,0,0,1,1,0
1617.63,-0.5068,0,1,0,0,0,0
5965.82,1.5863,0,1,0,0,0,0
4291.94,0.1556,0,1,0,0,0,0
6247.89,2.9295,0,4,0,0,0,1
6418.12,1.9323,0,1,0,0,0,0
16964.99,2.719,0,0,0,1,0,0
2441.36,1.2222,0,0,0,0,0,0
4398.97,1.707,0,2,1,0,0,0
1301.54,0.0162,0,4,0,0,0,0
2758.12,0.0424,0,0,0,0,0,0
6697.63,0.4746,1,6,0,0,0,0
4719.21,1.5955,0,0,0,0,0,0
1339.89,-0.0135,0,2,1,0,0,0
11414.66,1.3543,0,0,0,0,0,0
1992.25,0.0429,1,0,0,0,1,0
3173.17,0.0127,0,0,0,0,0,0
960.59,-0.0928,0,2,0,0,0,0
3873.83,-0.2183,0,3,0,0,0,0
4460.69,0.0263,0,0,0,0,1,0
12117.6,1.5646,0,1,0,0,0,0
11563.41,2.4881,0,0,0,0,1,0
4477.17,-0.0448,0,0,0,0,0,0
6579.19,0.5558,0,2,0,0,0,0
25500.61,6.1443,1,4,1,0,0,1
2130.44,0.0459,0,4,0,0,0,0
2504.11,0.1789,0,0,0,0,0,0
18000.22,2.9598,0,0,0,0,0,0
3786.89,0.528,1,0,0,0,0,0
922.41,0.2061,1,0,0,0,0,0
5283.52,0.1339,0,0,0,0,0,0
1541.19,1.089,0,1,0,0,0,0
1364.21,-0.1654,0,2,0,0,0,0
4002.86,-0.1165,0,0,0,0,0,0
3667.96,0.1736,0,0,0,0,0,0
2859.72,-0.0356,0,0,0,0,1,0
4761.68,0.2932,0,1,0,0,0,0
6670.58,1.9613,0,1,0,1,0,0
4073.09,-0.014,1,3,0,0,0,0
11763.19,1.4616,0,1,0,0,0,0
8368.99,1.095,0,0,0,0,0,0
10023.5,1.1436,0,1,0,0,0,0
4083.69,0.066,0,2,0,0,0,0
16369.17,3.2061,0,1,0,0,0,1
12877.11,3.8541,0,4,1,0,0,1
4859.41,0.5428,0,1,0,0,0,1
2424.66,-0.1225,0,3,0,0,0,0
1114.47,-0.1869,0,1,0,0,0,0
11710.64,1.5279,0,0,0,0,0,0
5425.02,0.598,0,0,0,0,0,0
2441.52,-0.2846,0,0,0,0,0,0
9918.58,1.7361,1,0,0,0,0,0
5318.69,0.2086,0,3,1,0,0,0
4026.85,0.1837,0,0,0,0,0,0
1732.85,0.3089,0,5,0,0,0,0
2088.89,0.084,0,0,1,1,0,0
3282.67,1.4336,0,0,0,0,0,0
840.31,-0.2115,0,0,0,0,0,0
11938.57,1.9127,0,1,0,0,0,0
5156.4,1.4325,1,2,1,0,0,1
3042.79,0.3183,0,5,0,0,0,0
2360.11,0.565,0,1,0,0,0,0
2510.09,0.4142,0,0,0,0,0,0
925.23,0.7462,0,0,1,0,0,0
5083.19,1.6104,0,3,0,0,0,0
5340.99,0.3967,0,0,0,0,0,0
6543.89,1.2647,0,0,0,0,0,0
4419.28,0.5893,0,0,0,0,0,0
969.14,0.0102,0,3,0,0,1,0
7946.59,1.5772,0,3,0,1,0,1
2701.83,0.1183,0,2,0,1,0,0
3784.28,-0.0832,0,0,0,0,0,0
3934.51,-0.0546,0,0,0,0,1,0
1693.87,0.2251,1,3,0,0,0,0
3732.62,0.1671,0,6,0,1,0,0
3281.82,-0.0578,1,2,0,1,0,0
3744.34,-0.0592,0,1,0,0,0,0
6860.65,1.006,0,0,1,0,0,0
2194.61,0.387,0,1,0,0,0,0
3814.48,-0.0213,0,0,0,0,0,0
13895.83,1.8116,0,3,0,0,0,0
1102.4,0.0146,0,0,0,0,0,0
751.58,-0.001,0,0,0,0,0,0
2746.41,0.0542,0,3,0,0,0,0
1244.77,0.1745,0,0,0,0,0,0
1076.62,-0.2041,0,1,1,0,1,0
2321.52,-0.1169,0,0,1,0,0,0
790.86,0.066,0,2,0,0,1,0
11709.02,3.2023,0,0,0,0,0,0
741.61,0.1267,0,0,1,0,0,0
1706.13,0.5937,0,0,0,0,0,0
3936.34,0.2083,0,0,0,0,0,0
2359.73,0.3539,0,1,0,0,0,0
1551.92,-0.0201,1,0,0,1,0,0
8498.39,1.8518,0,0,0,0,0,0
2381.7,-0.2019,0,0,0,0,0,0
3407.48,0.0576,0,1,1,0,0,0
2470.51,0.344,1,7,0,0,0,1
3069.25,-0.1328,0,4,0,0,0,0
2696.55,-0.1713,0,2,1,0,0,0
3784.06,0.2605,0,2,0,0,0,0
3145.66,1.1149,1,0,0,0,0,0
5448.2,0.1679,0,1,0,0,0,0
6449.92,0.3328,0,2,0,0,0,0
1368.01,0.0763,0,0,0,0,0,0
2090.87,-0.0752,0,0,0,0,0,0
2111.2,0.1885,0,0,0,0,0,0
3060.73,-0.3732,0,0,0,0,0,0
3066.15,0.047,0,0,0,0,0,0
2496.23,0.0165,0,0,0,0,0,0
1866.27,0.1469,0,0,0,0,0,0
1064.67,-0.2912,0,0,0,0,0,0
2447.93,0.7795,0,0,0,0,0,0
4133.31,0.0911,0,1,0,0,0,0
7267.25,0.9671,0,0,0,0,0,0
2921.24,0.3523,0,0,0,0,0,0
1710.62,-0.3581,1,0,0,0,0,0
2211.27,1.7377,1,0,0,0,0,0
1708.2,1.1528,0,0,0,0,0,0
3643.62,-0.0835,0,1,0,0,0,0
3452.5,0.2433,0,0,0,0,1,0
6763.32,1.7609,0,0,0,1,0,0
4104.87,0.0314,0,0,0,0,0,0
3809.25,0.3149,0,2,0,0,0,0
3840.06,0.1005,0,1,1,0,0,0
5314.09,0.0921,0,1,0,0,0,0
1853.59,-0.0492,0,0,0,0,0,0
3319.7,-0.0109,0,4,0,0,0,0
5010.99,0.037,0,2,0,0,0,0
1828.21,-0.344,0,0,0,0,0,0
3105.48,-0.1327,0,3,1,0,0,0
4158.49,-0.0032,0,3,0,0,1,0
1792.52,-0.2403,1,0,0,0,0,0
1620.79,0.1738,0,0,1,0,0,0
959.41,-0.0894,0,0,1,0,0,0
1916.85,0.2603,0,0,0,0,1,0
1411.03,-0.3477,0,2,1,0,0,0
8533.2,1.6591,0,2,0,1,0,0
10404.04,1.8029,0,0,0,0,0,0
5105.2,0.0528,0,3,0,0,0,0
3791.32,0.0482,0,0,0,0,0,0
3963.02,0.0367,0,0,0,0,0,0
1261.94,-0.1535,0,1,0,0,0,0
5155.98,1.4021,0,0,0,0,0,0
1839.26,-0.0992,0,4,0,0,0,0
4554.22,0.4592,0,3,0,0,0,0
18657.57,3.1046,0,2,1,0,0,0
3811.61,1.4343,0,2,0,1,1,1
20481.14,5.7877,1,2,0,1,0,1
2802.1,-0.4122,0,2,0,0,0,0
3808.87,-0.0935,1,2,0,0,0,0
6550.36,0.3368,0,2,0,0,0,0
1134.42,-0.0014,0,0,0,1,0,0
1780.43,-0.426,0,1,0,0,0,0
3630.57,-0.1941,0,1,0,0,0,0
5242.06,0.2528,0,1,0,0,0,0
3453.53,-0.101,0,0,0,0,0,0
1748.58,-0.2609,0,1,0,0,0,0
2133.87,-0.225,0,0,0,0,0,0
4191.33,0.2081,0,2,0,0,0,0
1150.78,-0.3257,0,0,0,0,0,0
4339.65,0.172,0,2,0,0,0,0
2986.17,0.0498,0,2,0,0,0,0
1219.26,-0.1969,0,1,0,0,0,0
1736.53,0.6353,0,0,0,0,0,0
4611.42,0.0547,1,1,1,0,0,0
1615.1,1.9657,0,0,0,0,0,0
3697.97,0.1004,0,1,0,0,0,0
2996.14,0.7239,0,0,0,0,0,0
914.56,-0.1206,0,0,0,0,0,0
12183.06,1.6987,0,1,0,0,0,0
9618.52,1.0317,0,3,0,0,0,0
2562.56,0.1136,0,1,0,0,0,1
536.27,-0.3858,0,0,0,0,0,0
2856.28,0.7428,0,0,0,0,0,0
5492.74,0.4109,0,2,1,0,0,0
4146.49,-0.134,0,2,0,0,0,0
1898.15,-0.2001,0,3,0,0,0,0
2368.43,0.8464,0,1,0,0,0,0
3576.73,1.5553,0,0,0,0,0,0
4305.65,0.1806,0,0,0,0,0,0
2905.44,0.1951,0,0,0,0,0,0
1461.91,0.353,0,0,0,0,0,0
1918.38,1.9257,0,0,0,0,0,0
1968.15,0.8577,0,2,0,1,0,0
5848.88,0.1981,0,0,0,0,0,0
2649.65,0.1121,0,0,0,0,0,0
6138.81,3.6944,0,2,0,0,0,0
4025.2,-0.1,0,1,0,0,0,0
1985.28,0.7805,0,0,0,0,0,0
3489.02,-0.2396,0,2,0,0,0,0
4691.65,0.099,0,2,0,1,0,0
8195.58,0.7612,0,0,0,0,0,0
2565.86,0.165,0,2,0,0,0,0
5728.76,0.4443,0,0,0,0,0,0
887.75,-0.1708,0,2,0,0,0,0
8197.07,0.7902,0,1,1,0,0,0
6137.13,0.4915,0,0,0,0,0,0
1295.37,0.0991,0,0,1,1,0,0
4494.03,0.168,0,0,0,0,1,0
4110.41,-0.0078,0,4,0,0,0,0
2216.2,0.3818,0,5,1,0,0,1
3335.72,-0.0411,0,1,0,0,0,0
1344.68,-0.2223,0,0,0,0,0,0
1350.63,-0.0869,0,0,0,0,0,0
790.54,0.4246,0,3,0,0,1,0
2764.15,-0.1284,0,0,0,0,1,0
2873.18,-0.1469,0,1,0,0,0,0
4664.54,-0.0433,1,2,0,0,0,0
4354.38,-0.002,0,0,0,0,0,0
1584.09,0.3658,0,3,0,0,0,0
4003.55,0.1316,0,1,0,0,0,0
1618.35,0.1564,0,2,0,0,0,0
4074.38,1.5931,0,4,1,0,0,0
4148.93,0.1207,0,0,0,1,0,0
3150.34,-0.1967,1,1,0,0,0,0
5460.23,0.1011,0,0,0,0,0,0
2208.48,-0.4021,0,0,0,0,0,0
2669.22,-0.3123,0,2,0,0,0,0
2050.86,-0.5821,0,0,0,0,1,0
1776.09,0.1552,0,0,0,0,0,0
726.93,-0.2356,0,2,0,0,0,0
3700.69,-0.1549,0,2,0,0,0,0
2960.2,-0.0365,0,1,0,1,0,0
4543.91,0.2741,0,0,0,0,0,0
1430.46,-0.0239,0,0,0,0,1,0
2255.88,0.1458,0,3,0,0,0,0
2149.01,-0.4459,0,1,1,0,0,0
2417.77,-0.2368,0,0,0,0,0,0
818.2,-0.1372,0,0,0,0,0,0
1343.62,-0.115,0,6,0,0,0,0
5772.49,0.6206,0,1,0,0,1,1
2897.3,-0.0284,0,0,0,0,0,0
2358.44,0.2321,0,0,0,0,0,0
3600.58,0.089,0,0,0,0,0,0
1295.49,0.2405,0,3,0,0,0,0
3344.47,0.0564,0,2,0,0,0,0
1939.57,0.1715,0,2,0,0,1,0
1956.24,-0.1602,0,2,0,0,0,0
4749.75,0.1339,0,0,0,0,0,0
714.38,-0.3684,0,2,0,0,0,0
1611.24,0.2094,0,3,0,0,0,0
1555.37,-0.5812,1,3,0,0,0,0
2737.6,0.1055,0,3,0,0,0,0
855.11,0.0327,0,3,0,0,0,0
2137.63,-0.4828,0,1,0,0,0,0
4564.04,0.0753,0,1,0,0,0,0
3117.18,-0.2024,0,1,0,0,0,0
2064.59,-0.1423,0,0,0,0,0,0
1719.93,0.3892,0,1,0,0,0,0
5388.47,0.3198,0,0,0,0,0,0
5091.71,0.0677,0,1,0,0,1,0
4813.2,0.1213,0,4,0,0,0,0
2274.33,-0.1822,0,2,0,0,0,0
2543.09,0.4104,0,0,0,0,0,0
2022.47,-0.0159,0,0,0,0,0,0
3790.63,0.0686,0,1,0,0,0,0
873.31,-0.2617,1,0,0,0,0,0
2105.51,0.0824,0,1,0,0,0,0
3888.17,-0.0734,0,0,0,0,0,0
8996.41,1.8409,0,2,0,0,0,0
1202.93,0.4682,0,1,1,0,0,0
9083.28,1.3467,0,1,0,0,0,0
6673.93,0.9221,1,2,0,0,0,0
5489.77,0.4224,0,1,0,0,0,0
2040.81,0.0115,0,1,0,0,0,0
2170.44,-0.3239,0,0,0,1,0,0
1618.62,-0.1623,0,1,1,0,0,0
9474.5,1.1389,0,0,0,0,0,0
3489.43,-0.0554,0,0,0,0,0,0
14481.7,2.7074,0,2,0,0,0,0
2116.92,-0.0267,0,1,0,0,1,0
3329.06,0.092,0,0,0,0,0,0
4334.35,0.89,0,0,0,0,0,0
8755.46,0.8288,1,2,0,1,0,1
3751.65,0.3679,0,1,0,0,0,0
2714.38,0.06,0,0,0,1,0,0
4453.36,0.2012,0,0,0,0,0,0
14186.0,3.6779,0,2,0,0,0,0
3298.88,-0.0378,0,0,0,0,0,0
3246.06,-0.0688,0,0,0,0,0,0
4492.23,0.2286,0,0,0,0,0,0
5600.34,0.1722,0,0,0,0,0,0
3125.5,-0.1616,1,2,1,0,0,0
1259.4,0.2912,0,0,0,1,0,0
4403.07,1.0435,0,0,0,0,0,0
15741.26,2.1946,1,2,0,1,0,1
2388.36,-0.393,0,1,0,0,0,0
13725.66,6.1535,0,5,1,0,1,1
2197.46,-0.1527,0,2,0,0,0,0
5259.31,1.405,0,2,0,0,0,0
5146.96,0.2107,0,1,0,1,0,0
12933.95,3.0994,0,0,0,0,0,0
3662.11,-0.1961,0,4,0,0,0,0
4804.28,0.0518,0,4,0,0,0,0
2709.3,0.1026,0,0,0,0,0,0
9801.51,1.179,0,2,1,0,1,1
2281.59,0.0087,0,3,0,0,0,0
1139.64,-0.2769,0,2,0,0,0,0
4303.55,0.5407,0,0,0,0,0,0
5963.7,0.3323,1,5,0,0,0,0
3701.45,0.0817,0,0,0,0,0,0
5398.99,0.3599,0,2,0,0,0,0
1788.91,0.0965,0,1,0,0,0,0
1165.0,-0.2055,0,0,0,0,0,0
1309.04,-0.0584,0,3,0,0,1,0
2683.66,-0.0637,0,2,0,0,1,0
1043.95,0.2004,1,2,0,0,0,0
24177.04,3.8684,0,0,0,0,0,0
1099.64,-0.1435,0,1,0,0,0,0
3235.31,0.3145,0,0,1,0,0,0
3441.97,0.7292,0,7,1,1,0,1
2166.83,0.0013,0,0,0,1,0,0
2528.66,-0.2887,0,0,0,0,0,0
5964.52,0.3021,0,0,0,0,0,0
755.72,0.4308,0,1,1,0,0,0
3299.05,-0.0356,0,0,0,0,0,0
8511.41,1.2626,0,6,0,0,0,0
2461.48,1.1127,0,2,0,0,0,0
4845.08,0.0484,0,0,0,0,1,0
903.04,0.4807,0,0,0,0,0,0
6026.33,0.6175,1,0,0,0,0,0
1389.18,0.0848,0,0,0,0,1,0
3440.73,0.3708,0,3,0,0,0,0
3990.96,0.067,0,1,0,0,0,0
4890.49,0.0902,0,4,0,0,1,0
2032.11,0.0402,0,2,0,0,1,0
1544.47,1.1893,0,2,0,0,0,0
877.84,0.3241,0,0,0,0,0,0
1143.46,-0.0885,0,1,0,0,0,0
2888.39,-0.0446,1,0,0,0,0,0
849.97,-0.291,0,1,0,0,0,0
3048.8,0.0455,0,4,0,0,0,0
5123.44,0.4764,0,0,1,0,0,0
2999.9,0.3661,1,1,0,0,0,0
3592.75,-0.0297,0,0,0,1,0,0
2677.98,0.8864,1,3,0,0,0,0
691.6,-0.1772,0,0,0,0,0,0
5488.37,0.5405,0,4,0,0,0,0
4766.54,0.02,0,0,0,0,0,0
3439.43,0.8548,1,2,0,1,0,0
643.0,0.211,0,0,0,0,0,0
13414.47,1.7377,0,3,0,0,0,0
1121.87,0.7668,0,0,0,0,0,0
4741.1,0.4151,0,1,0,0,0,0
3167.05,0.9641,0,1,0,0,0,0
4408.62,0.1934,0,1,0,0,0,0
3199.76,0.0116,0,1,0,0,1,0
2938.38,-0.0474,0,1,0,0,0,0
4458.56,1.8194,1,0,0,0,0,0
3458.3,0.3691,1,2,0,1,0,0
2919.92,-0.0067,0,3,0,0,0,0
13326.18,2.8272,0,0,0,0,0,0
1656.46,0.9685,0,1,0,0,0,0
1213.12,-0.0789,0,2,0,0,0,0
2367.31,0.0195,0,2,0,0,0,0
4505.09,0.8714,0,0,0,0,0,1
4782.95,0.257,0,4,0,0,1,0
3972.95,0.2918,0,1,0,0,0,0
3940.84,0.1253,0,1,0,0,0,0
3675.67,-0.0088,0,2,0,0,0,0
2913.43,0.0356,0,0,0,0,0,0
992.31,0.1885,0,3,0,0,0,0
2671.24,-0.2919,0,0,0,1,0,0
1918.98,0.1028,0,4,0,0,0,0
3180.11,-0.0431,0,3,0,0,0,0
3267.89,0.8978,0,0,0,0,0,0
2420.89,0.4308,0,1,0,0,0,0
1885.05,-0.086,0,2,0,0,0,0
4032.38,-0.0914,0,0,0,1,0,0
4748.55,2.3636,0,4,1,0,1,1
4825.62,0.4225,0,1,0,0,0,0
2971.21,0.0604,0,3,1,0,0,0
1433.11,-0.261,0,0,0,0,0,0
1171.87,-0.0185,0,0,0,0,1,0
4724.74,1.5409,0,2,0,0,0,0
5911.98,2.529,0,0,0,0,0,0
2606.09,0.9709,0,0,0,1,0,0
1685.88,-0.2507,0,0,0,0,0,0
986.96,-0.0544,0,0,0,1,0,0
1702.38,0.0435,1,0,0,0,0,0
3231.62,0.1568,1,0,0,0,0,0
1482.68,-0.1613,0,1,0,0,0,0
4231.07,0.4362,0,0,0,0,0,0
5720.42,0.579,0,1,0,0,0,0
4066.02,1.1554,0,0,1,0,0,0
346.83,-0.5874,0,1,0,0,0,0
2189.63,0.0292,0,0,0,0,0,0
905.59,-0.2473,0,4,0,0,0,0
1585.66,0.1633,1,0,0,0,0,0
846.31,0.3962,0,0,0,0,0,0
2266.93,0.0332,0,1,0,0,0,0
7447.66,0.5614,0,1,0,0,0,0
5387.66,0.0945,1,1,0,0,0,0
944.29,0.0543,0,0,0,0,0,0
4131.33,0.239,1,0,0,1,0,0
5580.15,0.2124,0,5,0,0,0,0
3489.06,-0.2254,0,1,0,0,0,0
2286.25,0.1179,0,1,1,0,0,0
5784.99,2.2471,0,1,0,0,0,0
717.0,0.069,1,2,0,0,1,0
2910.21,1.752,1,2,0,0,1,0
3968.83,-0.2044,0,2,0,0,0,0
4723.52,1.9017,0,0,0,0,0,0
9458.46,1.0151,0,2,0,0,1,0
6557.24,0.471,0,0,0,0,0,0
2693.17,-0.0756,0,1,1,0,0,0
4877.71,0.0325,0,0,0,0,0,0
5461.43,0.479,0,1,0,1,0,0
5494.83,0.9539,1,3,0,1,0,1
5928.53,0.2796,0,0,0,0,1,0
8451.49,1.4447,0,1,0,0,1,0
4901.02,0.0705,0,4,0,0,0,0
3447.27,-0.1196,0,4,0,0,0,0
728.78,-0.0519,0,1,0,0,1,0
1045.04,0.076,0,0,0,0,0,0
1107.99,-0.2686,0,0,0,0,0,0
3516.35,-0.1695,0,0,0,0,0,0
3566.73,-0.0704,0,4,0,0,0,0
3954.9,1.9331,0,1,0,0,0,0
7626.2,1.246,0,3,0,1,0,1
2623.53,1.48,0,2,0,0,0,0
5878.4,0.1861,1,0,0,0,0,0
2205.13,-0.1192,0,1,0,0,0,0
1388.62,-0.0296,0,0,1,0,0,0
11352.1,1.9803,1,1,0,0,0,0
2646.21,-0.0457,0,0,0,0,1,0
2619.1,-0.0017,0,2,0,0,0,0
3407.71,0.1536,0,0,0,0,0,0
2203.72,-0.2126,0,2,0,0,0,0
4307.93,0.1379,0,1,0,0,0,0
5519.71,0.1496,0,3,0,0,0,0
9742.0,1.886,0,0,0,0,0,0
2069.36,-0.0983,0,1,1,0,1,0
1717.88,0.2943,0,7,0,0,0,0
5367.21,1.7292,0,1,0,0,0,0
784.45,-0.1607,0,0,0,0,0,0
4858.26,1.4125,0,1,0,0,0,0
4577.29,0.1045,0,0,0,0,1,0
5433.17,0.2056,0,2,0,0,0,0
4549.6,-0.0751,0,0,0,0,0,0
2138.35,0.0644,0,0,0,0,0,0
13191.24,1.7308,0,0,0,0,0,0
1173.54,0.2311,0,0,0,0,0,0
4471.19,-0.0871,0,0,0,0,0,0
1804.88,-0.2125,1,0,0,0,0,0
3156.08,0.1367,0,0,0,0,0,0
1331.19,0.4207,0,0,0,0,0,0
3363.05,-0.167,0,1,0,0,0,0
2470.58,0.0128,0,1,0,0,0,0
1514.57,0.0029,0,0,0,1,0,0
5165.6,0.139,0,5,0,1,0,0
1281.24,0.1143,0,1,0,0,0,0
3763.74,-0.1959,0,0,0,0,0,0
1769.63,-0.4083,0,4,0,0,0,0
4955.96,0.7405,0,3,0,0,0,0
883.55,-0.1025,0,1,0,0,0,0
1072.78,-0.2736,0,0,0,0,0,0
2217.89,0.3142,0,0,0,0,1,0
5895.57,0.2329,0,2,0,0,0,0
2711.52,-0.1972,0,0,0,0,0,0
2939.81,-0.0128,0,2,1,0,1,0
4109.27,1.1843,0,2,0,0,0,0
1723.03,-0.0466,0,2,0,0,0,0
1343.71,0.1653,1,3,0,0,0,0
2914.68,-0.2351,0,0,0,0,0,0
1146.41,-0.1727,0,0,0,0,0,0
5727.31,0.3098,0,1,0,0,0,0
2061.49,-0.3815,0,0,0,0,0,0
15731.37,2.2387,1,2,0,1,1,1
1526.29,0.2313,0,2,0,0,0,0
2146.93,-0.012,0,4,0,1,0,0
669.86,-0.0717,0,1,0,0,0,0
1640.9,0.1999,0,0,1,0,0,0
10146.03,3.1685,0,1,0,0,0,0
6315.87,2.9552,0,0,0,0,0,0
4042.74,0.0377,0,1,0,0,0,0
4472.93,-0.0873,0,1,0,0,0,0
4332.73,-0.1108,1,3,0,0,0,0
2830.68,-0.2959,0,2,0,0,0,0
4798.84,0.1894,0,3,0,0,0,0
1324.21,-0.1063,0,1,1,0,0,0
2690.87,0.2907,0,1,0,0,0,0
883.94,0.1408,0,0,0,0,0,0
1385.83,0.242,0,0,0,0,0,0
2622.92,0.1605,1,1,0,0,0,0
5592.71,3.2934,0,0,0,0,1,0
1429.3,0.141,1,0,0,1,0,0
4350.85,0.1367,0,0,0,0,0,0
7720.81,1.5295,0,1,0,0,0,0
5754.32,0.5628,0,1,0,0,0,0
2303.88,-0.057,0,0,0,0,0,0
3243.5,-0.0389,0,3,0,0,0,0
3518.49,0.0212,0,0,0,0,0,0
2071.13,-0.2906,0,1,0,0,0,0
2983.02,0.1298,1,1,0,0,0,0
6441.02,0.9554,1,0,0,0,0,0
8825.68,1.2276,0,0,0,0,0,0
7139.25,0.4469,1,4,0,0,0,0
1850.4,0.0928,1,1,0,0,1,0
3725.35,-0.1174,0,6,0,0,0,0
12601.53,1.6887,0,1,0,0,0,0
3025.64,-0.1292,0,0,0,0,0,0
3636.1,1.8522,0,0,0,1,0,0
417.72,-0.3103,0,3,0,0,0,0
2134.34,0.2577,0,2,1,0,0,0
2752.76,1.5407,0,1,0,0,0,0
5450.19,0.7482,0,2,0,0,0,0
4606.43,0.0309,0,2,0,0,0,0
2011.52,-0.4609,0,1,0,0,0,0
1746.25,-0.1857,0,0,0,0,0,0
851.22,-0.0378,0,1,0,0,0,0
542.1,-0.0752,0,1,0,0,0,0
3858.22,0.1813,0,1,0,0,0,0
10677.35,1.5759,0,3,0,0,0,0
4306.86,1.8722,0,3,0,0,0,0
9738.02,0.995,0,0,0,0,0,0
1755.33,0.0415,0,2,0,0,0,0
1236.86,-0.4864,0,3,0,0,0,0
1674.21,-0.0277,0,1,0,1,0,0
3066.4,-0.2732,0,3,0,1,0,0
1967.87,-0.1254,0,2,0,1,0,0
3774.07,0.2599,0,1,0,0,0,0
2689.93,0.3995,0,2,0,0,0,0
13088.38,1.9161,0,0,0,0,0,0
2322.41,-0.4501,0,0,0,0,0,0
4149.88,-0.0511,0,3,0,0,0,0
4428.42,-0.0414,0,0,0,0,0,0
2891.08,2.9052,0,7,0,0,1,1
14188.48,1.9394,0,3,0,0,0,0
4820.71,0.2183,1,0,0,0,0,0
5100.11,0.0831,0,5,0,0,0,0
867.38,-0.2242,0,0,0,0,0,0
5952.57,0.2303,0,2,0,0,0,0
1364.33,-0.4355,0,3,0,0,0,0
1655.38,1.7638,0,2,0,0,0,0
3917.02,-0.0656,0,0,0,0,0,0
2575.62,-0.2873,0,0,0,0,0,0
5322.56,0.2602,0,2,0,0,0,0
1110.58,-0.2791,0,0,0,0,0,0
21560.45,3.7725,1,0,1,0,0,1
15638.43,3.7422,0,3,0,0,0,0
10591.51,1.5466,1,2,0,0,1,1
2557.87,0.1878,0,1,0,0,0,0
1894.9,0.0334,0,1,0,0,0,0
4008.98,0.164,1,1,0,0,0,0
1576.12,0.0601,0,1,0,0,0,0
1034.69,-0.3931,0,0,0,0,0,0
1658.49,0.1836,0,2,0,0,0,0
2944.72,-0.1341,0,0,0,0,0,0
1947.41,-0.0449,0,0,0,0,0,0
1565.69,-0.2188,0,1,0,0,0,0
2194.52,0.3977,0,2,0,0,1,0
2126.67,-0.1862,0,4,0,0,0,0
4186.0,-0.0538,0,0,0,1,0,0
844.45,-0.1569,0,3,1,0,0,0
4227.74,0.1017,0,0,1,0,0,0
3898.22,-0.1468,0,5,0,0,0,0
6367.87,0.3414,0,3,0,0,0,0
11691.86,1.8394,0,0,0,1,0,0
3474.34,1.3157,0,1,0,0,0,0
1813.47,0.086,0,0,0,0,0,0
13173.45,1.9228,0,0,0,0,0,0
3430.23,-0.104,1,3,0,0,0,0
749.81,0.0487,1,0,0,0,0,0
5128.06,0.4777,0,2,0,0,0,0
814.03,-0.203,0,0,0,0,0,0
5150.36,0.1662,1,3,0,1,0,0
2294.34,0.4287,0,2,0,0,0,0
3935.9,-0.0841,0,0,0,1,0,0
6241.54,0.6853,0,5,1,0,1,1
1737.59,-0.055,0,2,0,0,1,0
4934.9,0.2595,0,1,0,0,0,0
2233.44,0.2313,0,1,0,0,0,0
3363.0,0.185,0,1,0,0,0,0
5353.37,0.7991,0,0,0,1,0,0
4600.67,0.0398,0,2,0,0,0,0
12247.13,1.5313,0,3,1,0,0,0
731.52,-0.1036,0,2,0,0,0,0
2414.2,-0.3988,0,0,0,0,0,0
3434.16,0.0598,0,0,0,0,1,0
1536.55,0.118,0,1,0,0,1,0
1996.12,-0.2708,0,2,0,0,0,0
1773.69,0.8101,0,0,0,1,0,1
9734.98,1.3482,0,0,0,0,0,0
3750.27,0.2275,1,4,0,0,0,0
11113.64,1.2552,0,0,0,0,0,0
1504.81,-0.0105,0,0,0,0,0,0
3318.68,-0.1186,0,4,0,1,0,0
525.78,-0.3363,0,0,0,0,0,0
5130.45,0.1245,0,1,0,0,0,0
3045.54,0.1742,0,2,0,0,1,0
5600.36,0.1276,0,1,0,0,0,0
1509.37,-0.074,0,4,0,0,0,0
2874.92,-0.0729,0,1,0,0,0,0
506.43,-0.0578,0,2,0,0,0,0
1310.18,0.899,0,0,0,0,0,0
3001.6,-0.3353,0,1,0,0,0,0
2744.38,0.1661,0,1,0,0,0,0
4549.3,0.0554,0,1,0,0,0,0
4118.58,-0.0295,1,2,0,0,0,0
10514.28,1.4992,0,2,1,0,0,0
3560.24,0.066,0,2,0,0,0,0
12236.84,3.2098,0,1,0,1,0,0
3478.86,0.06,0,1,0,0,0,0
4216.37,0.2895,1,0,0,0,0,0
2093.46,-0.1974,0,2,0,0,0,0
2049.02,-0.1244,0,0,0,0,0,0
2067.71,0.2774,0,0,0,0,0,0
5242.2,0.1334,0,2,0,0,0,0
2347.9,-0.0504,0,3,0,0,0,0
12390.32,1.6608,0,0,0,0,0,0
3711.36,0.1082,0,0,0,0,0,0
3141.89,-0.1773,0,2,0,0,0,0
5178.67,0.4877,0,0,0,0,1,0
9396.95,1.1437,0,7,0,0,0,0
2693.49,-0.2207,0,2,0,0,0,0
980.56,-0.2203,0,1,0,0,0,0
7101.38,1.6142,0,0,0,0,0,0
1118.63,0.3891,0,2,0,0,0,0
2310.23,0.0028,0,1,0,0,0,0
4790.09,1.7636,0,0,0,0,0,0
5649.69,0.3006,0,0,0,0,0,0
6282.14,2.7357,0,3,1,0,0,1
1210.74,-0.2758,0,2,0,0,1,0
1305.55,0.161,1,0,0,0,0,0
1252.59,-0.3135,1,0,0,0,0,0
1755.23,-0.4116,0,0,0,0,0,0
3664.55,-0.0156,0,2,0,0,0,0
5142.41,2.7833,0,3,1,1,1,1
9041.95,1.1642,0,4,0,1,0,0
15389.6,2.654,1,2,0,0,0,1
10696.62,1.956,0,1,0,1,0,0
2393.85,-0.0243,0,2,0,0,0,0
1893.97,-0.1478,0,5,0,1,0,0
5639.56,0.1973,0,0,0,0,1,0
7708.73,1.1279,0,2,0,0,0,0
5007.53,0.2447,0,0,0,0,0,0
590.08,0.1653,0,1,0,0,0,0
1614.91,0.0112,0,3,0,1,0,0
4919.31,1.2893,0,0,0,0,0,0
528.84,-0.3192,0,0,0,0,0,0
1567.61,-0.2156,0,0,0,0,0,0
2263.59,0.0086,0,0,0,0,0,0
5580.15,0.6978,0,2,0,0,0,1
5748.94,0.1668,0,0,0,0,0,0
5232.22,0.1973,0,0,0,1,0,0
4171.81,0.7634,0,1,0,0,1,0
3477.5,0.0682,1,0,0,0,0,0
3426.56,0.0781,0,0,0,1,0,0
4474.06,-0.0691,0,1,0,0,0,0
970.33,-0.1555,1,3,0,0,0,0
3689.05,0.8251,0,2,0,0,0,0
3986.41,0.3387,0,0,0,0,0,0
2821.31,-0.1332,0,0,0,0,1,0
2239.13,-0.2781,0,0,1,0,0,0
9637.91,1.8503,0,0,0,0,0,0
5323.47,0.1896,0,1,1,0,0,0
660.5,0.2553,0,3,0,0,0,0
4324.19,0.1824,1,3,0,0,0,0
650.88,-0.5503,0,0,0,0,0,0
4257.7,0.1831,1,0,0,0,0,0
3730.76,0.2715,0,0,0,0,0,0
4529.17,0.1756,0,1,0,0,0,0
2565.65,-0.0006,0,1,0,0,0,0
460.87,-0.1124,0,2,0,0,0,0
2259.24,0.1141,0,0,0,0,0,0
4338.51,-0.0784,0,0,0,0,0,0
3803.74,-0.0591,0,0,0,0,0,0
5124.46,0.148,0,0,0,0,0,0
8854.39,0.8701,0,0,0,0,0,0
1710.63,-0.1478,0,0,0,0,0,0
4249.11,2.2035,0,0,1,0,0,0
1323.94,-0.1628,0,0,0,0,1,0
1329.37,0.1559,0,0,0,0,1,0
2872.9,1.6625,0,4,0,1,0,1
4620.64,0.1672,0,1,0,0,0,0
4357.57,1.0708,0,3,0,0,0,0
4304.36,-0.102,0,1,0,0,0,0
1665.71,0.6914,1,2,0,0,0,0
2740.97,0.0644,0,0,0,0,0,0
8934.98,1.0757,0,0,0,0,0,0
5904.77,1.804,0,0,0,0,0,0
1553.69,-0.1612,1,0,0,0,0,0
2900.04,0.134,1,0,0,1,0,0
1737.65,0.0546,0,2,0,1,0,0
597.86,-0.3731,0,1,1,0,0,0
5188.77,0.13,1,0,0,0,0,0
2913.79,-0.1853,0,0,0,0,0,0
2506.91,1.2864,0,1,0,0,0,0
6942.63,0.8896,0,4,0,0,0,0
959.13,0.0418,0,4,0,0,1,0
645.16,-0.2262,0,1,0,0,1,0
1918.07,-0.2236,0,0,1,0,0,0
6462.2,1.0238,0,1,0,0,0,0
2046.44,-0.1192,0,0,0,0,0,0
1528.93,-0.2937,0,1,0,0,0,0
4503.03,-0.0723,0,5,0,0,0,0
2410.5,0.0878,0,2,0,0,0,0
1090.69,0.0794,0,1,0,0,0,0
883.21,-0.1332,0,0,0,0,1,0
844.92,0.1274,1,0,0,0,1,0
3147.9,-0.2439,1,1,1,0,0,0
2548.83,-0.2808,0,0,0,0,0,0
2843.12,1.9913,0,2,1,0,1,0
3349.37,0.1683,0,1,0,0,0,0
3047.13,0.8655,0,0,0,0,0,0
710.71,-0.0952,0,1,0,0,0,0
1809.85,0.122,0,2,0,0,1,0
1890.27,-0.047,0,1,0,1,0,0
1806.83,0.0524,0,1,1,0,0,0
5159.6,0.1226,0,0,0,0,0,0
1678.33,0.0851,0,0,0,0,0,0
12294.91,1.9352,0,3,0,0,0,0
2107.9,-0.1173,0,2,0,0,1,0
2592.21,-0.1566,0,2,0,0,0,0
645.96,-0.6431,0,0,1,0,0,0
8545.1,1.1943,0,4,1,0,0,0
2781.42,-0.1578,0,0,0,0,0,0
3893.27,-0.2025,0,0,1,0,0,0
2879.28,0.0289,0,1,0,0,0,0
1664.29,-0.306,0,1,0,1,0,0
4037.06,0.2764,0,0,0,1,0,0
2208.14,0.1834,0,1,0,0,0,1
2937.87,-0.0778,0,1,1,0,0,0
4730.41,0.0114,1,2,0,0,0,0
1726.51,-0.3988,0,4,0,1,0,0
946.56,-0.4107,0,1,0,0,0,0
14433.41,2.6426,1,2,0,0,1,1
1365.24,0.4375,0,0,0,0,1,0
4453.44,0.8425,0,6,0,0,1,1
5797.85,0.4351,1,1,0,0,0,0
3963.3,1.0941,0,0,1,0,1,0
8131.71,1.2173,1,1,0,0,0,0
5880.54,0.7512,0,7,0,0,0,0
1148.52,0.0644,0,2,0,0,0,0
4091.22,0.0744,0,0,1,0,0,0
1073.01,0.0352,0,0,0,0,0,0
1188.47,0.2741,0,0,0,0,0,0
3849.96,-0.1258,0,1,1,0,0,0
14543.85,2.4453,0,1,0,0,0,0
13188.21,3.5641,1,2,0,0,1,1
16522.2,3.0921,0,0,0,0,0,0
5253.47,0.1756,0,0,0,0,0,0
979.75,-0.3381,0,4,0,0,0,0
1194.71,-0.3197,0,0,0,0,0,0
3405.32,0.4602,1,1,0,1,0,0
3689.83,-0.1734,0,0,0,0,0,0
2038.6,0.1595,0,2,0,0,0,1
6507.95,1.0734,0,0,0,0,0,0
9402.1,1.8092,0,0,0,0,0,0
6391.04,0.3693,1,5,0,0,0,0
1624.95,-0.1113,1,3,0,1,0,0
6669.58,0.5941,0,0,0,0,1,0
2308.62,-0.1012,0,1,0,0,0,0
3490.8,0.0493,0,2,0,0,0,0
9625.49,1.9338,0,2,0,0,0,0
2830.19,-0.0127,0,4,0,0,0,0
6421.47,0.3185,0,0,0,0,0,0
3613.33,-0.2121,0,0,0,0,0,0
2523.58,-0.2934,0,2,0,0,0,0
1058.45,0.4427,0,0,0,0,0,0
2197.8,0.4792,0,2,0,0,0,0
1392.47,-0.1837,0,0,0,0,0,0
677.4,-0.0782,0,0,0,1,0,0
900.99,-0.1431,0,1,0,0,0,0
603.36,-0.3173,0,0,0,0,0,0
4487.33,1.23,0,2,0,0,0,0
1165.27,0.2762,0,0,0,0,0,0
2459.2,0.1688,0,0,0,0,0,0
3942.75,-0.1099,0,3,0,0,0,0
1843.79,0.2933,0,6,0,0,0,0
2563.21,-0.0618,0,1,0,0,0,0
909.14,0.3717,0,1,1,0,0,0
6595.37,1.3257,1,2,0,0,0,0
2772.75,-0.3212,0,2,0,0,0,0
3165.15,-0.289,0,0,0,0,0,0
1674.16,-0.0476,0,0,0,0,0,0
8861.88,1.9821,1,3,0,1,0,1
2645.15,-0.1527,0,1,0,0,0,0
2031.68,-0.4751,0,0,0,0,1,0
747.86,-0.0748,0,0,1,0,0,0
5430.53,0.9004,0,4,0,0,0,0
11947.19,1.3896,0,2,0,1,1,0
5037.04,7.903,0,2,0,0,1,1
5022.01,0.3694,0,1,0,0,0,0
1509.88,1.6462,1,1,0,0,0,0
1561.39,0.0765,0,3,1,0,0,0
5692.78,0.2418,0,0,0,0,0,0
3457.93,1.9031,0,0,0,0,0,0
5167.53,0.472,0,2,0,0,0,0
681.55,-0.1215,0,0,0,0,0,0
3185.72,-0.3525,0,2,0,0,0,0
6650.33,0.7626,1,0,0,0,0,0
3617.27,1.0447,1,3,0,0,0,0
2408.74,-0.2837,0,0,0,0,0,0
15829.85,2.3078,0,1,1,0,0,1
3383.31,-0.068,0,2,0,0,0,0
1218.91,-0.1653,0,0,1,0,1,0
495.86,-0.0845,0,0,0,0,0,0
2815.22,0.0705,0,1,0,0,0,0
3725.06,-0.2,0,3,0,0,0,0
5765.64,1.5422,0,0,0,0,0,0
1508.88,-0.291,0,5,0,0,0,0
2357.23,0.2815,0,0,0,0,0,0
4595.95,0.0793,0,0,0,0,0,0
5059.29,0.1893,0,1,0,0,0,0
2253.97,1.1996,1,2,0,1,0,0
3305.37,-0.1939,0,1,0,0,0,0
3229.34,-0.2168,0,4,0,0,0,0
4590.46,0.3532,0,0,0,0,0,0
2726.26,-0.0397,0,0,0,0,0,0
5957.44,0.1994,0,0,0,0,0,0
2994.95,0.2404,1,2,0,1,0,0
1294.35,0.0636,1,0,0,0,0,0
4204.13,0.0459,0,1,0,0,0,0
16722.42,3.3645,0,1,0,0,0,0
12884.23,1.6251,0,1,0,0,0,0
1556.88,0.0824,0,5,0,0,0,0
7434.85,0.5513,0,2,0,0,0,0
7172.54,0.5642,0,2,0,0,0,0
6676.45,0.6473,0,5,0,1,1,1
868.01,0.326,0,3,0,0,0,0
922.36,-0.0768,1,2,0,0,0,0
1539.16,0.031,0,1,0,0,0,0
2115.65,0.0714,0,6,0,0,0,0
8441.69,1.0201,1,3,0,0,0,1
4030.2,0.0084,0,0,0,0,0,0
3826.04,0.1117,1,0,0,0,0,0
3466.97,-0.0608,0,1,0,0,0,0
2499.25,1.4707,0,0,0,0,0,0
2988.68,0.0375,0,0,0,0,0,0
4943.25,0.7396,0,2,1,0,0,0
2902.06,1.4346,0,0,0,0,0,0
3120.72,0.1304,0,1,0,0,0,0
3797.52,-0.0408,1,0,0,0,0,0
781.76,-0.1164,0,0,0,1,0,0
4540.69,0.1489,0,0,0,0,0,0
606.15,0.02,0,4,0,0,1,0
5477.94,0.2076,0,0,1,0,1,0
4819.0,0.0498,0,1,0,0,0,0
1371.36,0.3179,0,0,0,0,0,0
3139.59,-0.1795,0,0,0,0,0,0
1936.41,-0.1615,1,1,0,0,0,0
4378.07,4.6149,0,4,0,0,0,1
3466.03,0.1377,0,2,1,0,0,0
1372.34,0.0407,0,3,0,0,0,0
3201.54,0.1626,0,2,0,0,0,0
2772.79,-0.1599,0,0,0,1,0,0
3646.2,0.1175,0,0,0,0,0,0
3628.86,-0.1085,0,7,0,0,0,0
6819.99,2.1329,0,1,0,0,0,0
2748.91,0.0877,0,0,0,0,0,0
5619.2,0.1683,0,0,0,0,0,0
1062.57,0.4399,0,0,0,0,0,0
2022.87,-0.2332,0,4,0,0,0,0
2302.94,0.1034,0,3,0,0,0,0
2968.36,-0.0606,0,0,0,0,0,0
3294.55,-0.06,0,2,0,0,0,0
3794.9,-0.2006,0,0,0,0,0,0
19207.47,3.9969,0,0,0,0,0,0
2006.27,0.2312,1,0,1,0,1,0
9430.57,1.6074,0,2,0,0,1,0
1112.43,0.7332,0,7,0,0,0,0
2092.1,0.9335,0,0,0,0,0,0
985.35,-0.0017,0,0,0,0,0,0
2538.44,-0.1187,0,0,0,1,0,0
1914.4,-0.364,1,0,0,0,0,0
3284.36,0.1156,0,4,0,0,0,0
5127.78,0.3835,1,1,0,0,0,0
1372.28,0.5409,1,1,0,0,1,0
1074.22,-0.1652,0,0,0,0,0,0
10459.12,1.841,0,2,0,0,0,0
1732.36,1.1746,0,1,0,1,0,1
1420.14,-0.2975,0,0,0,0,0,0
1882.25,0.03,0,1,0,0,0,0
4598.71,2.9882,0,0,0,1,0,0
1311.18,-0.0528,0,0,0,0,0,0
1336.79,-0.01,0,0,0,0,0,0
22396.67,3.8139,0,0,0,0,0,0
898.18,-0.1754,0,1,0,0,0,0
3833.61,-0.0966,0,1,0,0,0,0
10007.82,1.8125,0,0,0,0,0,0
3487.16,0.8843,0,3,1,1,0,1
5777.34,2.5005,0,4,0,1,1,1
4069.11,0.0221,0,0,0,0,0,0
22320.66,3.935,0,0,0,1,0,0
5187.56,0.1777,0,0,0,0,0,0
2956.84,0.134,0,3,0,0,0,0
2646.07,-0.1168,1,1,0,1,0,0
2681.44,-0.0179,0,1,1,0,0,0
3481.19,-0.0887,0,5,0,0,0,0
4055.09,-0.076,1,1,0,0,0,0
750.43,-0.1256,0,2,0,0,0,0
3068.24,-0.2552,0,0,0,0,0,0
5487.42,0.1528,0,4,0,0,0,0
3248.61,1.8155,0,1,0,0,0,0
1287.5,0.2438,0,0,0,0,0,0
6796.35,1.1433,0,6,0,0,0,1
1491.48,1.201,0,2,1,0,0,1
2103.07,-0.0714,1,2,1,0,0,0
4106.2,0.1057,0,0,0,0,0,1
5558.53,0.152,0,0,0,0,0,0
6139.04,0.6172,0,3,0,0,0,0
8465.8,1.9571,0,2,1,0,0,0
2451.19,-0.123,0,1,0,0,1,0
3476.55,0.1018,0,0,0,0,0,0
4406.69,0.0154,0,1,0,0,0,0
634.85,0.119,0,2,0,0,0,0
4778.62,0.2401,0,0,0,0,1,0
1119.7,-0.1048,0,0,0,0,0,0
4036.15,-0.0003,0,0,0,0,0,0
3926.97,-0.0242,1,0,0,0,1,0
9632.43,1.3037,0,3,0,0,0,0
12868.87,1.8841,0,0,0,0,1,0
1479.91,0.2935,1,0,0,0,0,0
17403.44,3.1337,0,1,0,0,0,0
2508.32,-0.3253,0,2,0,0,0,0
4100.65,0.0707,0,0,0,0,0,0
849.52,-0.3422,0,0,0,0,0,0
761.62,0.2169,1,1,0,1,0,0
5189.61,0.5052,0,0,0,0,0,0
1628.93,1.0506,0,2,0,0,0,0
3199.94,-0.1489,0,0,0,0,0,0
3005.87,-0.2272,0,4,0,0,0,0
9719.33,1.5492,0,2,0,0,0,0
6964.27,0.5702,0,2,0,0,0,0
3658.53,0.0069,0,1,0,0,0,0
4181.34,-0.1328,0,3,1,0,1,0
1238.98,0.7449,0,1,0,0,0,0
462.93,-0.1524,0,0,0,0,0,0
3897.74,0.1619,0,4,0,0,0,0
3250.18,-0.1666,0,0,0,0,0,0
1444.32,-0.0257,0,1,0,0,0,0
916.36,-0.1433,0,0,1,0,0,0
13099.33,2.2385,0,1,1,0,0,0
2263.54,-0.0267,1,0,0,0,0,0
5645.12,0.1828,0,0,0,0,0,0
2090.26,-0.3198,0,0,0,0,0,0
9590.23,1.0917,0,1,0,0,0,0
924.23,0.0342,0,3,0,0,0,0
4716.94,0.2789,0,6,0,0,0,0
2339.6,-0.0009,1,1,1,0,0,0
3941.79,0.4396,1,4,1,0,0,1
2992.35,0.2401,0,2,0,0,0,0
463.15,-0.3003,0,1,0,0,0,0
2411.28,1.5555,0,0,0,0,0,0
1082.08,-0.0343,0,0,0,0,0,0
5243.87,0.4736,0,1,0,0,0,0
4763.46,0.1539,0,0,0,0,0,0
5258.73,1.1176,0,0,0,0,0,0
1452.14,-0.1753,0,1,1,0,0,0
4460.74,-0.0653,0,1,0,0,1,0
1569.4,0.641,0,0,0,1,0,0
13398.66,1.8899,0,0,0,0,0,0
3343.44,0.0931,0,0,0,0,0,0
5455.75,0.1201,1,0,0,0,0,0
401.69,-0.1977,0,0,0,0,1,0
1283.54,0.0566,0,1,1,0,0,0
1763.34,0.2719,1,0,0,0,0,0
3261.24,-0.0151,0,1,0,0,0,0
8810.73,3.5505,0,2,0,0,0,0
472.88,-0.1523,0,3,0,0,1,0
2431.07,-0.0515,0,3,0,0,0,0
820.11,-0.2446,0,1,0,0,0,0
628.59,0.0921,0,2,0,0,0,0
5951.44,0.4489,0,1,0,0,0,0
3179.16,-0.0687,0,1,1,0,0,0
6166.59,1.4683,0,5,0,0,0,0
5085.07,0.0189,0,3,0,0,1,0
1963.88,-0.0753,0,2,1,0,0,0
5219.2,1.0518,1,5,1,0,1,1
9617.39,2.6649,1,2,1,0,0,0
8547.52,1.5745,0,3,0,0,0,0
5480.68,0.1945,1,3,0,0,1,0
5760.39,0.235,0,3,0,0,0,0
4933.98,1.3409,0,2,1,1,1,0
11853.26,1.9946,0,1,0,0,1,0
5261.13,0.1963,0,1,0,0,0,0
1290.44,-0.0513,0,2,0,1,0,0
588.8,-0.1044,0,1,0,0,0,0
5235.17,0.0952,0,3,0,0,0,0
4586.25,0.2454,0,2,0,0,0,0
3516.86,0.3693,1,1,0,0,0,0
2422.46,0.4255,0,0,0,0,0,0
2313.05,-0.021,0,2,0,0,0,0
4013.43,0.3298,0,0,0,0,0,0
3248.54,0.1497,1,0,0,0,0,0
7031.46,3.2811,0,1,0,0,0,0
3982.01,0.9771,0,1,0,0,0,0
4575.3,0.2466,0,0,0,0,0,0
10283.31,2.5052,0,1,0,1,0,0
4428.87,0.3522,0,3,0,0,0,0
432.64,-0.3158,0,1,0,0,0,0
13354.25,2.49,1,0,0,0,0,0
1874.7,0.1572,0,2,0,0,0,0
5585.48,0.1178,0,0,0,0,0,0
10180.23,1.5817,1,0,0,0,0,0
12085.19,1.5181,0,0,0,0,1,0
1658.21,-0.0663,0,0,0,0,0,0
3574.44,0.1459,0,4,0,1,0,0
20778.8,3.6821,0,2,0,0,0,0
1898.96,1.2051,0,0,0,0,0,0
1078.92,-0.3307,0,0,0,0,0,0
2240.53,-0.0572,0,2,0,0,1,0
1078.79,-0.0084,0,0,0,0,0,0
5778.39,1.2369,0,1,0,0,0,0
1382.0,-0.1142,0,0,0,0,0,0
478.5,-0.1551,0,0,0,0,1,0
4025.45,-0.0863,0,1,0,0,0,0
727.95,-0.081,0,1,1,0,0,0
10372.12,1.2454,0,2,1,0,0,1
668.22,-0.0254,0,2,0,0,0,0
1032.58,-0.1449,0,1,0,0,0,0
4161.47,0.0108,0,4,0,0,0,0
2692.45,0.2591,1,1,0,0,0,0
1353.29,-0.0441,0,0,0,0,0,0
744.03,-0.2044,0,0,0,0,0,0
3936.04,-0.1583,0,0,1,0,0,0
4136.08,-0.0856,0,0,0,0,0,0
1321.6,-0.0571,0,2,0,0,0,0
4679.84,0.1134,0,1,0,0,0,0
4262.53,-0.0822,0,1,0,0,0,0
1497.14,0.2364,0,0,0,0,0,0
3307.71,-0.1918,0,2,0,0,0,0
2769.18,-0.1412,0,0,0,0,0,0
8385.11,1.9458,0,0,0,0,0,0
4636.77,0.0001,0,0,0,1,0,0
3715.63,-0.1016,0,2,0,0,0,0
9638.62,2.716,0,0,0,0,1,0
3510.61,-0.0717,0,0,0,0,0,0
4405.48,0.0172,0,0,0,0,0,0
1252.74,-0.5363,1,0,0,0,0,0
3007.08,-0.2401,0,3,0,0,0,0
5145.52,0.069,1,1,0,0,0,0
1481.18,-0.2485,0,2,0,0,0,0
3609.1,-0.115,0,0,1,0,0,0
5901.08,0.4184,0,1,0,0,0,0
4889.74,0.0888,0,1,0,0,0,0
4287.59,-0.0808,0,3,0,0,1,0
3160.23,0.0904,0,0,0,0,0,0
4905.14,0.2031,0,1,0,0,0,0
3963.72,0.1471,0,1,0,0,0,0
4172.63,-0.1642,0,3,0,1,0,0
5219.52,0.1355,0,1,0,0,0,0
5796.34,1.9697,0,0,0,1,0,0
1437.86,0.306,0,1,0,0,0,0
4520.44,0.9684,0,1,0,0,0,0
856.41,-0.0672,0,3,0,0,0,0
3371.72,0.1745,1,5,0,0,0,0
5622.95,3.7668,0,0,0,0,1,0
949.88,-0.0584,0,0,0,1,0,0
2711.26,-0.2343,0,0,0,0,0,0
5432.24,0.2239,0,1,0,0,0,0
4427.65,0.1137,0,4,0,0,0,0
4427.34,0.0189,0,2,0,0,0,0
4442.05,0.2818,0,3,0,0,0,0
2287.22,0.1913,0,0,0,0,0,0
3526.36,-0.0658,0,1,0,0,0,0
2606.36,-0.3553,0,1,0,0,0,0
3755.14,0.0498,0,0,0,0,0,0
4357.13,0.1435,0,1,0,0,0,0
1446.01,0.0665,0,2,0,0,1,0
2762.74,0.0664,0,2,0,0,0,0
888.65,-0.1778,0,1,0,0,0,0
6254.05,0.2712,0,2,0,0,0,0
1167.89,-0.1044,0,2,0,0,0,0
2549.06,0.1793,0,1,0,0,0,0
5954.69,4.7266,0,2,1,1,0,1
5280.56,0.164,0,2,0,0,0,0
5580.9,0.3568,0,0,0,0,0,0
25546.34,4.5796,0,4,0,0,0,1
1400.47,0.1487,0,2,0,0,0,0
2297.92,-0.0848,0,1,0,0,0,0
6034.41,1.6723,0,2,0,0,0,0
594.87,0.0102,1,0,0,0,0,0
3792.04,-0.0639,0,0,0,0,0,0
4995.76,0.7342,0,1,0,0,0,0
2248.96,0.7403,0,1,0,0,0,0
4120.07,1.0933,0,5,0,0,0,1
9913.3,1.5739,0,1,0,0,0,0
6572.7,0.5755,0,1,0,0,0,0
1888.68,0.0897,0,0,0,0,0,0
5666.37,0.446,0,0,0,0,0,0
929.6,0.1131,0,3,0,0,0,0
1295.55,0.0474,1,0,0,0,0,0
732.72,-0.3831,0,1,0,0,0,0
2303.6,0.2198,0,0,0,0,0,0
1058.33,0.2866,0,0,0,0,1,0
1780.47,0.0513,0,0,0,0,0,0
5249.7,1.374,1,3,0,0,0,1
8009.65,1.849,0,0,0,0,0,0
3732.84,4.9934,1,3,0,0,0,1
7301.6,0.5363,0,0,0,0,0,0
961.19,-0.1196,0,1,0,0,0,0
6674.44,0.336,0,2,0,0,0,0
1287.2,-0.453,1,1,0,1,0,0
3121.8,0.0987,0,0,0,0,0,0
2722.36,-0.0583,0,0,0,0,1,0
9891.83,1.0314,0,0,0,0,1,0
4615.18,3.085,0,1,0,0,0,0
4540.09,0.0472,0,0,0,0,0,0
6160.61,0.6661,0,0,0,0,0,0
5094.6,0.3284,0,0,0,0,0,0
3972.06,0.1481,0,4,0,0,1,0
3172.17,0.3137,0,0,0,0,0,0
1489.69,-0.207,0,0,0,0,0,0
6922.66,1.6552,1,0,0,0,0,0
1868.07,-0.3131,0,1,1,0,0,0
3758.11,0.3729,0,0,0,0,0,0
2991.18,0.2506,0,0,0,0,0,0
12872.21,1.9172,0,0,0,0,0,0
2765.92,-0.039,0,2,0,0,0,0
3259.6,0.8537,0,0,0,0,0,0
1867.69,2.1525,0,0,0,0,0,0
3465.52,-0.0553,0,0,0,0,0,0
1015.31,-0.1741,0,5,0,0,0,0
1793.0,-0.2007,0,1,0,0,0,0
3575.67,-0.1276,0,0,0,0,0,0
2743.2,0.0966,0,0,0,0,0,0
1080.92,0.0602,0,1,0,0,0,0
4923.78,0.1254,0,1,1,0,0,0
6415.29,0.3098,0,2,0,0,0,0
4805.56,0.007,0,0,0,0,0,0
4783.02,0.2489,0,1,0,0,0,0
1170.35,0.0473,0,2,0,0,1,0
4225.76,-0.0875,0,0,0,0,0,0
2669.05,-0.0096,0,1,0,0,0,0
2321.28,-0.1552,0,1,0,0,0,0
2762.58,-0.0867,0,1,0,0,0,0
803.59,-0.5237,0,1,0,0,0,0
1716.84,2.3977,0,1,0,0,0,0
1320.88,-0.3412,0,2,0,0,0,0
5196.17,1.5963,0,0,0,0,0,0
7176.04,0.6955,0,0,0,0,0,0
1928.84,0.1805,0,0,0,0,1,0
1656.79,1.0169,0,1,0,0,0,0
1652.71,0.4161,0,0,0,1,0,0
3268.57,1.708,0,3,0,0,0,0
961.13,0.2686,1,1,0,1,0,0
4487.31,0.6528,0,1,0,0,0,0
575.69,0.0981,0,0,0,0,0,0
2797.27,-0.2348,0,1,0,0,0,0
1236.27,0.2788,0,0,0,0,0,0
2949.34,0.159,0,1,0,0,0,0
1955.17,-0.0123,0,0,0,0,1,0
715.69,-0.1217,0,0,1,0,0,0
3072.13,0.141,0,1,0,0,0,0
3435.02,-0.1247,0,3,0,0,0,0
2464.8,1.206,1,0,0,0,0,0
5198.0,0.0446,0,0,0,0,0,0
1714.68,-0.1719,0,1,1,0,0,0
2459.61,0.3545,1,0,0,0,0,0
2105.91,0.2199,0,0,1,0,0,0
575.31,-0.2257,0,1,0,0,0,0
4317.21,-0.1159,0,3,0,0,0,0
1600.24,-0.1804,0,0,0,0,0,0
2628.56,0.1548,0,1,0,0,0,0
3404.76,-0.093,0,1,0,0,0,0
2553.24,-0.1634,0,0,0,0,0,0
1602.0,-0.3563,0,3,0,0,0,0
2375.91,-0.0343,0,0,0,0,0,0
2737.35,-0.1769,0,2,0,0,0,0
3585.06,-0.1591,0,1,0,0,0,0
2907.53,0.4995,1,6,0,0,0,1
658.64,-0.3875,0,0,0,0,0,0
707.53,-0.4261,0,3,0,0,0,0
7814.76,0.5733,0,0,0,0,0,0
3513.18,3.5957,0,0,0,1,0,0
2501.55,0.4328,0,4,0,0,0,0
7016.76,1.5067,0,0,0,0,1,0
6069.09,0.271,1,1,0,0,1,0
1891.89,-0.3435,0,2,0,0,1,0
3015.97,1.177,0,0,0,0,0,0
5142.17,0.7095,0,2,0,0,0,0
7018.88,0.6308,0,1,0,0,0,0
5599.58,3.1936,0,2,0,0,0,1
5242.87,0.1828,0,0,0,0,0,0
4144.23,-0.0288,0,1,0,0,0,0
4370.27,0.2531,0,2,0,0,0,0
2132.76,0.2041,0,2,0,0,0,0
1155.6,0.1046,0,0,0,0,1,0
3315.42,-0.0055,0,1,1,0,0,0
3480.76,0.0995,0,0,0,0,0,0
567.28,-0.4186,0,0,0,0,0,0
7789.74,0.8285,0,0,0,0,1,1
2074.01,0.075,0,2,1,0,0,0
5067.71,0.0258,0,0,0,0,0,0
5568.25,0.2373,0,0,0,0,0,0
1513.19,-0.0805,0,0,0,0,0,0
2829.2,-0.0045,0,0,0,0,0,0
9593.41,1.547,0,6,0,0,0,0
5552.98,0.6111,0,1,0,0,0,0
5876.69,0.2869,0,0,0,0,0,0
2715.63,0.9295,0,1,0,0,0,0
929.45,-0.0208,0,0,0,0,0,0
5599.99,0.3038,0,3,0,0,1,0
4794.84,0.4177,0,2,0,0,0,0
476.81,-0.1267,0,2,0,0,0,0
4475.8,-0.0684,0,1,1,0,0,0
652.18,-0.147,0,1,0,0,1,0
10747.54,1.4503,1,2,0,0,0,0
1930.58,0.302,0,1,0,0,0,0
3597.23,0.1298,0,0,0,0,0,0
2356.72,-0.0721,0,0,0,0,0,0
6825.85,1.0387,1,0,0,0,0,0
3143.2,0.002,0,0,0,0,0,0
2918.0,-0.1035,0,1,0,0,0,0
3193.66,0.9781,0,4,0,1,0,1
5009.45,0.0269,1,1,0,1,0,0
4187.83,-0.0905,0,0,0,1,0,0
1366.8,0.0798,0,0,0,0,0,0
4110.33,2.9075,0,0,0,0,0,0
19586.66,3.2746,0,0,1,0,0,0
3735.31,-0.2189,0,0,0,0,0,0
1237.62,1.3212,0,1,0,0,0,0
4027.84,0.2394,1,1,0,0,0,0
4724.27,0.6317,0,3,0,0,0,0
3476.13,0.5895,0,1,0,0,0,0
2894.91,-0.1869,0,2,0,0,1,0
3002.11,0.2374,0,0,0,0,0,0
750.73,-0.2323,0,0,0,0,0,0
3673.33,-0.089,0,0,0,0,0,0
2439.63,0.7561,0,0,0,0,0,0
2974.24,0.2577,0,0,1,1,0,0
9685.23,1.2094,0,1,0,0,0,0
1191.59,-0.0493,0,0,0,1,0,0
4882.18,-0.0069,0,0,0,0,0,0
4318.34,0.2143,0,1,0,0,0,0
3812.71,0.1081,0,2,0,0,0,0
3298.03,-0.1126,0,0,0,0,0,0
1005.98,-0.7162,0,0,0,0,0,0
1493.42,-0.0449,1,1,0,0,0,0
19498.33,3.6206,0,2,0,0,0,0
307.74,-0.4301,0,1,0,0,1,0
801.23,-0.2719,0,0,0,0,0,0
3948.7,0.0405,0,1,0,0,0,0
6225.22,0.5937,1,0,0,0,1,0
2919.9,-0.2393,0,0,0,0,0,0
556.19,0.111,0,3,0,0,0,0
7561.51,1.42,1,0,0,1,0,1
1292.78,-0.053,0,0,0,0,0,0
2933.65,0.1569,1,0,0,0,0,0
7032.83,1.1739,0,3,0,0,0,0
3074.63,0.7954,0,0,0,0,0,0
9590.78,4.0445,1,0,0,1,0,1
5330.12,0.1486,1,1,0,0,0,0
1937.18,-0.1996,0,0,0,0,1,0
3763.05,0.904,0,0,0,0,0,0
2010.35,-0.2808,0,2,0,0,1,0
5258.6,0.1958,1,0,0,0,0,0
2678.53,0.114,0,1,0,0,0,0
6186.17,0.4289,0,2,0,0,0,0
1908.12,0.0615,1,0,0,0,0,0
2213.38,-0.4312,1,1,0,0,0,0
4332.01,0.2566,0,1,0,0,0,0
3638.91,0.0256,0,1,0,0,0,0
5704.0,0.2043,0,3,0,1,0,0
3699.74,0.1742,0,0,0,0,0,0
722.51,-0.2342,0,4,0,0,0,0
2292.95,-0.19,0,0,1,0,0,0
3100.32,0.1981,0,0,0,0,0,0
783.5,0.0214,0,0,0,0,0,0
1546.05,-0.0021,0,3,0,0,0,0
3789.52,0.0132,0,0,0,1,0,0
5574.08,0.2434,0,1,0,0,0,0
6364.44,0.387,0,0,0,0,1,0
1786.87,0.4929,0,0,0,0,0,0
878.03,-0.0328,0,0,0,0,0,0
2343.99,0.5117,0,0,0,0,0,0
3498.37,-0.2146,0,0,0,0,0,0
2553.58,-0.3787,0,2,1,0,0,0
1095.71,-0.1621,0,5,1,0,0,0
2398.5,0.0364,0,1,0,0,0,0
1904.47,-0.4765,0,0,0,0,0,0
4783.17,0.861,0,3,0,0,0,0
2200.59,0.4053,0,1,0,0,0,0
1745.65,-0.0389,0,0,0,0,0,0
2714.67,0.2146,0,0,0,0,0,0
6057.69,1.5731,0,0,0,0,0,0
5382.22,0.3954,0,3,0,0,0,0
8153.98,1.4697,0,0,0,0,0,0
6448.2,1.3936,0,0,0,0,0,0
741.5,0.0264,0,1,0,0,0,0
1106.91,0.1185,0,1,0,0,0,0
5583.99,0.214,0,6,0,0,0,0
607.17,-0.1931,0,0,0,0,0,0
3524.82,0.0749,0,2,0,0,0,0
3897.83,0.0547,0,0,0,1,0,0
3146.33,0.2402,0,1,0,0,0,0
3058.48,-0.348,1,1,0,0,0,0
13472.36,4.1933,1,3,1,0,0,1
10987.2,1.2723,0,2,0,0,0,0
10588.5,3.3958,0,4,0,0,0,0
3043.26,-0.256,0,2,0,0,0,0
2110.37,0.0419,0,0,0,0,0,0
8805.85,1.7857,1,0,0,0,0,0
2426.82,0.0295,0,1,1,0,0,0
6029.63,0.2533,1,0,0,0,0,0
2947.25,0.1839,0,2,0,0,0,0
1179.35,-0.0347,0,2,1,0,0,0
1259.04,0.2327,1,1,0,1,0,0
1333.91,0.1785,0,2,0,0,0,0
1486.39,-0.2846,0,0,0,0,0,0
6884.54,1.9826,0,1,0,0,0,0
1882.07,0.1321,0,1,0,0,0,0
1717.29,-0.1221,0,1,0,0,1,0
2010.94,1.2925,0,3,0,0,0,0
12050.67,3.6309,0,1,0,0,0,0
3902.98,0.1598,0,0,0,0,1,0
7810.86,0.6147,0,1,0,1,0,1
833.86,-0.1069,1,3,1,0,0,0
2007.65,0.0157,0,1,1,0,0,0
1991.64,0.0855,1,0,1,0,0,0
3031.14,-0.0722,0,0,0,0,0,0
3704.13,0.1056,0,2,0,0,0,0
2347.74,0.3466,0,3,0,1,0,1
3758.63,-0.109,0,0,0,0,0,0
1482.22,0.1998,0,2,0,0,0,0
4915.42,0.0203,0,0,0,0,0,0
621.44,-0.6801,0,0,0,0,0,0
5220.63,0.3125,1,3,0,0,0,0
3829.03,-0.1957,0,1,0,0,0,0
7813.07,0.625,0,2,0,0,0,0
4419.82,0.0429,1,5,1,0,0,0
15123.77,4.6177,0,3,0,1,1,1
2895.56,0.1153,0,0,0,0,1,0
5718.67,0.146,0,0,0,0,0,0
2606.72,1.5141,0,2,0,0,0,0
3502.51,-0.1173,0,0,0,0,1,0
947.21,-0.3599,1,0,0,0,0,0
2773.51,0.1275,0,0,0,0,0,0
983.8,-0.085,1,3,0,0,0,0
4080.42,0.4297,0,3,0,0,0,0
3790.11,0.2204,0,0,0,0,0,0
1020.53,-0.0212,0,1,0,0,0,0
3131.96,0.2419,0,0,0,1,0,0
8591.66,1.4398,0,0,0,0,0,0
477.43,-0.0886,0,0,0,0,0,0
830.42,-0.7887,0,0,0,1,0,0
2397.53,-0.1174,0,2,0,0,0,0
1873.83,0.8874,1,1,0,0,0,0
957.41,0.4476,0,7,0,0,0,0
7339.5,1.1868,0,3,0,0,0,0
1268.18,0.0491,0,3,0,0,0,0
1646.75,0.7557,0,1,0,0,0,0
1041.59,-0.0112,0,0,0,0,0,0
2462.82,-0.0606,1,1,0,0,0,0
1872.78,-0.1512,1,0,1,0,0,0
610.6,-0.0097,0,0,0,0,0,0
8352.92,1.339,0,1,0,0,0,0
6593.46,1.548,0,0,0,0,0,0
1116.52,-0.2292,0,0,0,0,0,0
3882.98,0.0941,1,1,0,0,0,0
6491.02,0.3479,0,3,0,0,0,0
3483.2,-0.2449,0,0,0,0,0,0
3327.39,-0.3027,0,0,0,0,0,0
3101.42,-0.3651,0,1,0,0,0,0
2315.4,-0.0227,0,0,0,0,0,0
4672.01,0.0078,0,2,0,0,0,0
1389.32,0.8951,0,0,0,0,0,0
4859.67,0.7705,0,4,0,0,0,1
1301.64,1.2544,0,5,0,0,0,0
6344.36,0.3595,0,2,0,0,0,0
1462.65,-0.097,0,2,0,0,0,0
3761.84,1.0628,1,0,0,0,0,0
3800.34,-0.0419,0,2,0,0,0,0
2508.16,-0.172,0,0,0,0,0,0
4460.18,0.4978,0,0,1,0,0,0
2149.61,-0.3148,0,1,0,0,0,0
3827.71,0.0585,0,0,0,0,0,0
6801.37,1.5671,0,1,0,0,0,0
1397.09,0.1453,0,1,1,0,0,0
3989.48,-0.2004,0,1,0,0,0,0
5001.79,0.2291,0,0,0,0,0,0
5478.3,0.1023,0,1,1,0,0,0
2066.36,-0.1201,0,0,0,1,0,0
560.57,0.0387,0,3,0,0,1,0
1037.11,-0.224,0,2,0,0,0,0
2843.31,0.0235,0,0,0,0,1,0
1666.64,0.2191,0,1,0,1,1,0
1326.38,-0.097,0,1,0,0,0,0
2201.37,0.075,0,2,0,0,0,0
2473.99,-0.2218,0,0,0,0,0,0
8465.29,3.2692,0,4,0,0,0,0
2620.12,0.1454,1,7,1,0,0,0
8429.22,1.3007,0,1,0,0,0,0
623.86,-0.2791,1,0,0,0,0,0
2251.07,0.2691,0,5,0,0,0,0
746.36,-0.5734,0,1,0,1,0,0
506.98,-0.2287,0,2,0,0,1,0
3925.24,0.0999,0,0,1,0,0,0
10165.72,1.1784,0,1,0,0,0,0
4923.42,-0.0008,0,0,1,0,0,0
2378.25,-0.1578,0,0,0,0,0,0
3092.29,0.2234,1,2,1,0,0,0
594.51,0.0319,0,1,0,0,0,0
2599.65,0.319,0,0,0,0,0,0
6422.76,0.3768,0,0,0,0,0,0
9013.06,1.5285,0,3,0,0,0,0
7127.26,1.3026,0,1,0,0,1,0
7028.4,2.4678,0,2,0,0,0,0
4163.96,0.0623,0,1,0,0,0,0
4529.68,0.0843,0,0,0,0,0,0
3569.82,0.0857,0,2,0,0,0,0
3143.39,0.3489,0,2,0,0,0,0
5051.28,0.0352,0,6,0,0,0,0
538.05,-0.3708,0,1,0,0,0,0
2666.25,-0.0176,0,0,0,0,0,0
4332.61,0.4055,0,1,0,0,0,0
738.89,0.1461,0,2,0,0,0,0
1552.73,0.3219,0,2,0,0,0,0
4599.48,0.2051,0,4,0,0,0,0
4776.8,0.1763,0,2,0,0,0,0
564.13,-0.207,1,0,0,0,0,0
2883.44,0.1445,0,2,0,0,0,0
5160.33,0.3034,0,0,0,1,0,0
2658.6,0.0071,0,1,0,0,0,0
8446.44,1.3003,0,1,0,0,0,0
2016.32,-0.1784,0,0,1,0,0,0
892.04,-0.1165,0,5,0,0,0,0
4357.27,-0.0174,0,1,0,0,0,0
4548.48,-0.079,1,0,0,0,0,0
5081.08,0.0816,0,1,0,0,0,0
984.81,0.0736,0,3,0,0,0,0
4670.99,0.1561,0,0,0,0,0,0
3471.8,0.1968,0,2,0,0,0,0
3402.67,-0.0222,0,0,0,0,0,0
5997.2,0.3357,0,1,0,0,0,0
3103.03,0.1425,0,0,0,0,0,0
1569.58,-0.251,0,0,0,0,0,0
8373.22,1.8276,0,4,0,0,0,0
11228.51,2.5416,0,1,0,0,0,0
3970.29,0.0752,0,3,0,0,0,0
8555.36,0.7699,0,0,0,0,0,0
5004.17,0.2719,0,1,0,0,0,0
1286.96,0.3948,0,0,0,0,1,0
902.15,-0.1579,0,1,0,0,0,0
1333.34,-0.3296,0,0,0,0,0,0
3199.92,-0.073,0,2,1,0,0,0
1598.34,-0.2648,0,0,0,0,0,0
2130.43,-0.3703,0,3,0,1,0,0
12613.35,2.0446,1,0,0,0,0,0
938.32,0.778,0,7,1,0,0,0
3867.25,0.1144,0,0,0,0,0,0
7617.88,0.7853,0,1,0,0,0,0
6564.28,1.5366,0,2,0,0,0,0
7356.28,1.9472,0,0,0,0,0,0
4014.84,-0.1401,0,6,0,0,0,0
612.31,-0.0419,0,1,0,0,0,0
5605.06,0.3073,0,3,0,0,0,0
3131.43,-0.1174,0,0,0,0,0,0
9021.9,1.0341,0,2,0,0,0,0
3059.25,-0.33,0,0,0,0,0,0
4491.65,-0.0953,0,0,0,0,0,0
14299.92,3.4701,0,3,0,0,0,0
1433.52,-0.4479,0,1,1,0,0,0
4360.42,0.1534,0,1,0,0,0,0
4192.34,-0.1395,0,2,0,0,0,0
1613.29,0.1882,0,0,0,0,0,0
1206.56,-0.2032,0,1,0,0,0,0
3569.88,-0.1558,0,1,0,0,0,0
897.77,-0.2346,0,0,0,0,0,0
6616.88,1.9672,1,0,0,1,0,1
5936.29,0.4512,0,1,0,0,0,0
1447.98,0.004,0,0,0,0,0,0
1222.92,0.2322,0,3,0,0,0,0
15987.6,3.1632,1,1,0,0,0,0
925.65,-0.0823,0,1,0,1,0,0
4458.34,0.3213,0,1,0,0,0,0
11675.94,1.681,0,2,0,0,0,0
2287.52,-0.1028,0,3,1,0,0,0
3050.41,-0.1324,0,1,0,0,0,0
2540.92,0.3725,0,2,0,0,0,0
3956.3,0.1164,1,1,0,0,0,0
4574.45,0.7969,1,3,1,0,0,1
2748.9,0.138,0,3,0,0,0,0
5093.8,0.1938,1,2,0,0,0,0
2701.61,-0.316,0,0,1,0,0,0
7597.08,0.5944,0,1,0,0,0,0
9235.19,1.4002,0,1,1,0,0,0
1853.48,0.1183,0,1,1,0,0,0
2209.37,0.8707,0,1,0,0,0,0
1979.18,0.009,0,3,0,0,0,0
1518.12,-0.1294,0,1,1,0,0,0
1871.59,0.9857,0,0,0,0,0,0
2594.57,0.1092,1,1,0,0,0,0
1931.55,1.9007,0,0,0,0,0,0
3481.71,0.0779,1,0,0,0,0,0
1540.97,0.2637,0,1,0,0,1,0
8163.2,1.3782,0,7,0,1,0,0
3724.31,-0.0392,0,1,0,0,0,0
3682.07,1.687,0,0,0,0,0,0
3848.54,-0.072,0,1,0,0,0,0
3341.99,0.4967,0,1,0,1,0,0
1273.02,0.2744,0,0,0,0,0,0
4592.2,0.1039,0,0,0,0,0,0
8394.84,1.3388,0,2,0,0,0,0
1856.5,0.1055,0,3,0,0,0,0
3825.6,0.6831,0,0,0,0,0,0
2047.75,0.8389,0,1,0,0,0,0
1710.96,0.22,0,0,1,0,0,0
2758.25,0.0669,0,1,0,0,0,0
6196.35,3.915,0,0,1,0,0,0
5654.12,0.2413,0,1,0,0,0,0
3732.17,-0.1922,0,5,0,0,0,0
11936.24,1.9401,0,1,0,0,0,1
8019.27,1.3094,0,3,0,0,0,0
3132.55,0.2685,0,0,0,0,0,0
1816.99,-0.3955,1,0,0,0,0,0
2509.61,-0.0989,0,1,0,0,0,0
4643.47,0.0725,0,1,1,0,0,0
3524.0,0.2228,0,3,0,0,0,0
5212.04,0.1969,0,7,0,0,0,0
5371.74,0.0957,0,0,0,0,0,0
7405.89,3.5891,0,0,0,1,0,0
2422.53,0.7917,0,1,0,0,0,0
3448.42,-0.036,0,0,0,1,0,0
4637.76,-0.0716,0,2,0,0,1,0
2439.92,-0.1507,0,2,1,1,0,0
3148.04,-0.2589,0,1,0,0,0,0
6542.94,0.3923,0,2,0,0,0,0
4637.1,0.3429,0,1,1,0,0,0
3972.37,0.404,0,1,0,0,0,0
4119.03,-0.1534,0,0,0,0,0,0
8241.0,1.5109,0,3,0,1,0,0
745.73,0.3727,0,2,0,0,0,0
2546.63,1.8861,0,0,0,0,0,0
6151.04,0.2882,0,1,0,0,0,0
5141.22,0.3049,0,0,0,0,0,0
2375.93,0.1249,0,0,0,0,0,0
6513.18,0.4501,0,1,0,0,0,0
3426.19,-0.0805,0,0,0,0,0,0
3781.06,-0.0167,0,5,0,0,0,0
2277.23,-0.4415,1,0,0,0,0,0
6961.19,0.7326,0,2,0,0,1,0
1539.91,0.3468,1,1,0,0,0,0
2385.44,-0.1049,0,0,0,0,0,0
5887.05,0.2108,0,4,0,1,0,0
8303.21,1.4398,0,4,0,0,0,0
3277.99,-0.1271,0,2,0,0,0,0
2067.83,-0.2101,0,1,0,0,0,0
5301.71,0.1106,0,1,0,0,0,0
1194.46,0.1737,0,1,0,0,0,0
4286.06,0.3879,0,2,0,0,0,0
5169.44,0.2246,0,5,0,0,1,0
3032.23,-0.0324,1,0,0,0,0,0
9280.89,1.7781,0,2,1,0,0,0
1933.09,-0.1681,0,2,0,0,1,0
2559.13,-0.2932,0,2,0,0,0,0
8847.72,1.0957,0,2,0,0,0,0
4392.79,0.1042,0,3,0,0,0,0
10152.68,1.6998,0,1,0,0,0,0
3848.58,-0.1684,0,0,0,1,0,0
3332.52,-0.0732,0,5,0,0,0,0
1264.23,0.178,0,2,0,0,0,0
453.25,-0.1469,0,1,0,0,0,0
25223.98,5.2736,0,0,0,1,0,1
3422.74,0.0126,0,4,0,0,0,0
2372.77,0.3802,0,0,0,0,1,1
2892.24,-0.0183,0,0,1,0,0,0
11144.45,1.6357,0,1,0,0,0,0
2678.41,0.5839,0,0,0,0,0,0
3072.73,0.2172,0,0,0,0,0,0
1951.48,0.0003,0,2,0,0,1,0
12128.85,2.2952,1,6,1,0,1,1
1324.34,0.465,0,3,1,0,0,0
6118.72,1.5911,0,2,0,0,0,0
955.19,0.0225,0,2,0,0,1,0
6055.0,0.6938,0,1,0,0,0,0
5013.04,0.0995,0,4,0,0,0,0
4178.12,0.2168,0,2,0,0,0,0
1582.11,1.8505,0,0,1,0,0,1
2504.9,-0.1257,0,0,0,0,0,0
6330.71,1.5342,0,0,0,0,0,0
2428.13,-0.1572,0,3,0,1,0,0
1740.67,-0.2023,0,1,0,0,0,0
1306.06,0.1309,0,4,0,0,1,0
3778.78,-0.029,0,3,1,1,0,0
2105.58,0.204,0,1,0,0,0,0
1919.29,0.8195,0,0,0,0,0,0
4241.4,0.0915,0,1,0,0,0,0
3144.9,0.0641,0,0,0,0,0,0
706.85,-0.4682,0,1,0,0,0,0
9311.97,1.9976,0,0,0,0,0,0
4290.86,0.0456,0,7,0,0,0,0
7427.47,1.4392,0,0,0,0,0,0
3181.99,0.0521,0,1,0,0,0,0
3105.47,-0.2453,0,4,0,0,0,0
6288.96,0.4586,0,1,0,0,0,0
4813.11,1.7411,0,0,0,0,0,0
4070.55,0.0599,0,3,0,0,0,0
2830.7,0.0829,0,0,1,0,0,0
2222.44,-0.0264,0,0,0,0,0,0
2832.81,-0.1708,0,0,0,0,0,0
3972.75,0.7332,0,1,0,0,0,1
1198.6,0.0029,0,4,0,0,0,0
13085.18,1.9466,1,1,0,0,0,0
6945.38,1.7207,0,2,0,0,0,0
2918.99,0.2369,0,4,0,0,0,0
8660.6,0.844,0,4,0,0,0,0
8575.21,1.5545,0,4,0,0,0,0
2214.95,-0.358,0,4,0,0,0,0
913.69,0.3812,0,1,0,0,0,1
4056.04,0.1029,0,3,0,0,0,0
7001.72,1.6138,0,0,0,0,0,0
1798.6,-0.0547,0,0,0,0,0,0
7175.09,0.637,0,3,1,0,0,1
336.52,-0.3467,0,0,0,1,0,0
3764.49,0.1885,0,1,0,0,0,0
5513.8,0.1192,0,1,0,0,1,0
2739.96,0.0001,0,2,0,0,0,0
5727.66,0.3888,0,6,0,0,0,0
4977.76,0.2446,0,4,0,0,0,0
1729.73,0.555,0,0,0,0,0,0
3733.79,0.0075,0,3,0,1,0,0
454.96,-0.1462,0,0,0,0,0,0
5659.97,0.2542,0,0,0,0,0,0
4832.56,0.097,0,4,0,1,0,0
3882.88,0.2896,0,1,0,0,0,0
7060.49,0.4208,0,1,0,1,0,0
9384.55,1.5614,0,0,0,0,0,0
5995.65,3.3888,0,0,0,0,0,0
11795.27,1.7933,0,0,0,0,0,0
2322.43,-0.0685,0,4,1,0,0,0
3304.01,-0.3163,0,1,0,0,0,0
4218.93,-0.0078,0,2,0,0,0,0
4444.81,0.6578,1,0,0,0,0,0
3399.23,-0.2381,0,1,1,0,0,0
2211.27,0.0259,0,1,0,0,0,0
1812.51,1.0434,0,1,0,0,0,0
12219.75,3.6403,0,1,0,0,0,0
4016.86,0.6742,1,0,0,0,0,1
3800.19,-0.0538,0,0,0,0,0,0
3178.34,-0.3405,0,0,0,0,0,0
904.51,0.0608,1,0,0,0,0,0
2455.71,0.1203,0,4,0,0,0,0
3426.76,-0.1725,0,0,0,0,0,0
2748.23,-0.2239,0,2,1,0,0,0
2131.23,0.3029,0,0,0,0,0,0
7505.36,0.8455,0,0,0,0,0,0
11751.56,1.3957,0,1,0,0,0,0
1611.49,0.0713,0,3,1,0,0,0
1827.91,0.4958,0,3,0,0,1,0
4148.87,0.3804,0,0,0,0,0,0
2294.93,0.212,0,0,0,0,0,0
2718.14,1.8936,0,1,0,0,0,0
1258.41,-0.3116,1,2,0,1,0,0
1237.53,0.472,0,0,0,0,0,0
4434.94,0.4375,0,2,0,0,0,0
1544.72,-0.3494,0,2,0,0,0,0
5341.01,0.1645,1,0,0,0,0,0
908.49,0.2607,0,1,0,1,0,0
6381.48,0.3042,0,3,1,0,0,0
1654.06,0.0544,0,2,0,0,0,0
3131.17,-0.0737,0,5,0,0,0,0
1453.31,0.188,1,3,0,0,0,0
6013.95,0.5104,0,1,0,0,0,0
3213.61,0.1709,0,1,1,0,1,0
2443.54,0.0221,0,0,0,0,1,0
823.51,-0.1944,0,0,0,0,0,0
3215.81,0.2891,0,2,0,0,0,0
4112.92,-0.0898,0,1,0,0,0,0
3863.66,0.1015,0,0,0,0,0,0
4652.22,1.2502,0,1,1,0,0,0
12377.08,2.2262,0,7,0,0,0,0
650.71,-0.3815,0,0,0,0,0,0
2006.95,0.2805,1,2,0,0,0,0
3010.4,-0.3744,0,0,0,0,0,0
2713.55,0.0173,0,7,0,0,0,0
770.01,-0.0501,0,5,0,0,0,0
4556.73,-0.017,0,0,0,0,0,0
1165.92,-0.0968,0,1,0,0,0,0
2565.35,-0.3846,0,0,0,1,0,0
4901.62,0.0362,0,1,0,0,0,0
11858.64,1.8113,0,1,0,0,1,0
2575.08,-0.3381,0,0,0,0,0,0
4102.25,0.18,0,1,0,0,0,0
2039.79,1.8005,0,1,0,0,0,0
6529.99,0.9669,0,1,0,0,1,0
1269.12,0.1802,0,0,1,0,0,0
4890.21,-0.0022,0,0,0,0,0,0
3635.93,-0.1036,0,0,0,1,0,0
1374.81,0.0751,0,2,0,0,0,0
12725.56,2.7422,0,0,0,0,1,0
7690.12,1.2076,1,3,0,0,0,0
2206.95,-0.3231,0,0,0,0,0,0
2113.19,0.0744,0,0,0,0,0,0
6062.87,0.3257,0,0,0,0,0,0
3660.56,-0.1479,1,1,0,0,1,0
9526.84,1.6033,1,0,0,0,0,0
5308.87,0.3794,0,3,0,0,0,0
8431.77,1.8953,0,0,1,0,0,0
2120.81,-0.2709,1,2,0,0,0,0
2477.94,0.0782,0,3,0,0,0,0
11356.89,1.3865,0,0,0,0,0,0
8722.51,1.3431,0,0,1,0,1,0
2971.35,-0.2089,0,0,1,0,0,0
1997.38,0.182,0,1,0,0,0,0
766.56,-0.2005,0,1,0,0,0,0
6136.96,0.3425,1,5,0,0,1,0
8948.18,2.9549,0,2,0,0,0,0
1878.52,-0.3351,0,0,0,0,0,0
1624.99,0.1084,0,0,0,0,0,0
4297.76,0.2144,0,2,0,0,0,0
3037.11,-0.1455,0,0,0,0,0,0
3496.42,-0.1977,1,0,0,1,0,0
1863.33,-0.5143,0,2,0,0,0,0
2810.66,0.0858,0,3,0,1,0,0
862.82,-0.7179,0,2,0,0,0,0
3659.44,1.209,1,0,1,0,0,0
330.0,-0.4159,0,0,0,0,0,0
9262.95,3.8264,0,0,0,0,0,0
3030.11,-0.1031,0,1,0,0,0,0
5762.74,0.2594,0,1,0,0,0,0
1018.43,-0.1542,1,0,0,1,0,0
588.41,-0.0735,0,1,1,0,0,0
2021.73,0.1968,0,2,0,0,0,0
1991.58,-0.3,0,0,0,0,0,0
2070.36,0.1414,0,3,0,0,0,0
4839.43,0.2406,0,0,0,0,0,0
1084.11,0.028,0,1,0,0,0,0
3828.84,-0.058,0,3,0,0,0,0
1042.42,0.0745,0,1,0,1,1,0
509.45,-0.0878,1,2,0,0,0,0
4830.38,0.1576,1,1,0,0,0,0
1994.58,-0.0392,0,0,0,0,0,0
2070.73,-0.5634,0,0,0,0,0,0
2655.45,-0.0571,0,0,0,0,0,0
1109.93,-0.165,1,1,1,0,0,0
5012.93,0.046,0,5,0,0,0,0
745.24,0.1184,0,3,0,0,0,0
5089.27,0.2378,0,0,0,0,0,0
1502.58,0.247,0,1,0,0,0,0
8678.01,0.8235,0,0,0,0,0,1
2121.83,-0.0618,0,0,1,0,0,0
1219.69,0.5583,0,0,0,0,0,0
2920.75,0.2496,0,4,0,0,0,0
2865.79,-0.2544,0,0,0,0,0,0
1762.79,-0.215,0,0,0,0,0,0
1646.03,0.4024,0,1,0,0,0,0
1770.13,-0.0342,1,0,1,1,0,0
6879.41,1.7409,0,1,0,0,0,0
13484.83,1.7632,0,0,0,0,0,0
7301.54,3.2502,0,0,0,0,0,0
1217.35,-0.1147,0,2,0,0,0,0
4175.03,-0.0962,0,0,0,0,0,0
6054.33,0.3485,0,1,0,0,0,0
4122.76,1.0406,0,1,0,0,0,0
3816.98,-0.0169,0,2,0,0,0,0
2972.49,-0.2117,0,4,1,0,0,0
1026.47,-0.0974,1,0,0,0,0,0
2930.29,-0.0917,0,0,0,0,0,0
9420.27,3.2944,0,0,0,0,0,0
6520.08,0.5927,0,3,0,0,0,0
1824.53,0.4336,1,0,0,0,0,0
3962.69,-0.1927,0,0,0,0,0,0
3943.03,-0.0293,0,0,0,0,0,0
14559.15,2.3052,0,0,0,0,0,0
3537.81,0.2559,0,0,1,0,0,0
2662.78,-0.46,0,2,0,0,0,0
11848.63,2.3663,0,0,0,0,0,0
2318.96,-0.1062,0,0,0,0,0,0
2943.24,-0.1071,0,0,0,0,0,0
3137.87,0.202,0,6,0,0,0,0
7502.6,1.711,0,0,0,0,0,0
623.67,-0.0326,0,1,0,0,0,0
1415.33,-0.1558,0,1,0,0,0,0
4077.05,0.2177,0,1,0,0,0,0
4057.27,0.4522,0,1,0,0,0,0
794.96,0.097,0,0,0,0,0,0
4267.3,0.2929,0,1,0,0,0,0
5765.51,1.0692,0,0,0,0,0,0
3123.79,0.2094,0,0,0,0,0,0
865.5,-0.3298,1,7,0,1,0,0
13651.6,3.2458,1,3,1,0,1,1
15808.2,3.1529,0,0,0,0,0,0
4518.24,-0.0289,0,0,0,0,0,0
1070.01,0.0497,0,3,0,0,0,0
2315.27,-0.0516,0,3,0,0,0,0
3797.88,-0.1601,0,0,0,0,0,0
2960.36,0.6925,0,7,0,0,0,0
2800.58,-0.0896,0,1,0,0,0,0
4502.44,-0.009,0,0,0,0,0,0
378.77,-0.4793,0,0,0,0,0,0
4672.97,0.2921,0,1,0,0,0,0
4494.58,1.5919,0,0,0,0,0,0
2680.36,-0.1196,0,1,0,0,0,0
3121.84,-0.0938,0,0,0,0,0,0
2080.53,0.3439,0,2,0,0,0,1
2695.66,-0.1319,0,3,0,1,0,0
4770.53,0.2361,0,3,0,0,0,0
5003.6,0.0607,0,6,0,0,0,0
5442.85,0.4232,0,1,1,0,0,0
5558.88,0.151,0,0,0,0,0,0
920.84,0.0184,0,0,0,0,0,0
3640.43,0.0205,0,6,0,0,1,0
3664.17,-0.1741,0,1,0,0,0,0
1738.92,0.1322,0,4,1,0,0,0
381.75,-0.3055,0,3,0,0,0,0
799.32,-0.2451,0,0,0,0,0,0
1336.77,0.2611,0,0,0,0,0,0
7910.55,1.3744,0,0,0,0,0,0
7027.33,0.5265,0,0,0,1,0,0
5685.26,0.7631,0,0,1,0,0,0
1450.45,-0.3298,0,0,0,0,0,0
32112.67,6.1456,0,5,0,0,0,1
1262.92,0.1739,0,2,0,1,0,1
4931.78,0.2077,0,1,0,0,0,0
7152.3,2.2881,1,6,0,1,0,1
3416.29,-0.1358,0,4,0,0,0,0
4293.89,-0.1185,1,0,0,1,0,0
15432.37,3.5209,0,0,0,0,0,0
3160.54,1.9304,0,0,0,0,0,0
2240.0,0.0753,0,2,0,0,0,0
3432.96,-0.2424,0,3,0,0,0,0
2456.92,-0.0734,0,2,0,0,0,0
1854.92,-0.0296,0,2,0,0,0,0
4804.81,0.0715,0,2,0,0,0,0
1249.66,-0.3343,0,1,0,0,0,0
10451.49,3.8537,0,0,0,0,0,0
1750.79,0.0754,0,0,0,0,0,0
13931.06,2.401,0,0,0,0,0,0
3720.79,0.2358,1,0,0,0,0,0
3912.84,0.292,0,4,0,0,0,0
4858.88,0.1211,0,1,0,0,0,0
3318.09,0.3114,0,0,0,0,0,0
8593.64,3.2898,0,1,0,0,0,0
1223.54,-0.187,0,1,0,0,0,0
3936.29,0.2417,0,1,0,0,0,0
11681.21,2.814,0,1,1,0,1,1
1902.78,-0.1369,0,1,0,0,0,0
2552.22,-0.1035,0,1,1,0,0,0
9735.65,1.3807,0,1,0,0,0,0
18338.76,3.3608,0,3,0,0,0,0
2990.9,-0.3913,0,0,0,0,0,0
3133.71,-0.192,1,0,0,0,0,0
1243.85,-0.0955,0,4,0,0,0,0
3862.47,-0.0475,0,2,0,0,0,0
4143.08,-0.1003,0,1,0,0,0,0
6824.14,2.598,0,0,0,0,0,0
2976.49,0.1945,0,3,0,0,1,0
5027.17,0.22,0,2,1,0,0,0
6022.78,0.6193,0,0,0,0,0,1
2929.25,0.2832,0,1,0,0,0,0
2950.9,2.2865,0,0,0,0,1,0
1944.79,0.0486,0,5,0,0,0,0
1266.95,-0.273,0,1,0,0,0,0
4393.75,0.2721,0,2,0,0,0,0
6726.43,0.9505,0,2,0,0,0,0
823.15,-0.334,0,0,0,1,0,0
7672.22,1.3964,0,0,0,0,1,0
1116.66,-0.1744,0,2,0,0,0,0
8897.95,0.8122,0,2,0,0,0,0
5412.22,0.1199,0,1,0,0,1,0
1732.99,-0.1377,0,0,0,1,0,0
2519.46,0.2585,0,2,0,0,0,0
5096.8,0.0961,0,0,0,0,0,0
2003.32,-0.1834,1,1,1,0,0,0
1537.38,0.6325,0,1,0,0,0,1
3290.65,0.7364,0,0,0,0,0,0
3011.31,-0.0921,0,0,0,0,0,0
1755.07,0.0815,0,1,0,0,0,0
9185.25,1.3651,0,1,0,0,0,0
2227.08,-0.2647,0,0,0,0,0,0
1143.09,0.0018,0,0,0,0,0,0
671.57,-0.238,0,0,0,0,0,0
3401.54,0.4337,1,2,1,0,0,0
1590.46,-0.2322,0,2,0,0,1,0
1170.81,0.1333,0,4,0,0,0,0
2753.64,0.2785,0,2,0,0,0,0
2213.53,-0.1428,0,1,0,0,0,0
718.83,-0.1818,0,0,0,0,0,0
3581.24,0.3324,0,0,0,0,0,0
1966.74,-0.2856,0,3,0,0,0,0
9610.19,1.4864,0,2,0,0,1,0
5227.67,0.3439,0,0,0,0,0,0
1015.29,0.032,0,6,1,0,0,0
2680.73,0.37,0,1,0,1,0,1
1534.11,0.1727,0,2,0,0,0,0
3135.88,0.7921,0,3,0,0,0,0
20132.93,3.3424,0,0,0,0,0,0
4994.56,0.0705,0,2,0,0,0,0
2827.61,-0.2057,0,2,0,0,0,0
2289.02,-0.2844,0,0,1,0,0,0
2198.55,-0.1768,0,0,0,0,0,0
2970.86,0.1222,0,0,0,0,0,0
19411.11,5.8154,1,7,0,1,0,1
3861.83,0.1041,0,0,0,0,0,0
16255.45,3.8963,0,6,0,0,0,1
2248.01,-0.1098,0,0,0,0,0,0
5312.22,0.2034,0,0,0,0,0,0
1723.95,1.6336,0,2,0,0,1,0
5294.88,0.3559,0,1,0,0,0,0
1508.58,0.0387,1,0,0,0,0,0
1321.23,-0.1983,0,1,0,0,0,0
4073.87,0.1198,0,0,0,0,0,0
723.62,0.085,0,0,0,0,1,0
3866.11,0.0971,1,1,0,0,0,0
3783.87,-0.1141,0,2,0,0,0,0
2408.53,0.0536,0,2,0,0,0,0
3775.43,3.0683,0,1,0,1,0,0
3789.87,0.2913,0,1,0,1,0,0
564.79,-0.2191,0,2,0,0,0,0
1977.21,-0.0442,0,1,0,0,0,0
9180.17,1.926,0,1,0,0,0,0
2105.61,0.0438,0,0,0,0,0,0
1407.83,1.6091,1,2,0,0,0,0
4834.62,0.4728,0,2,0,0,0,0
1949.99,1.84,0,1,0,0,0,0
1005.21,-0.015,0,0,0,0,1,0
1804.74,-0.5116,0,0,0,0,0,0
1798.08,-0.3893,0,2,0,0,0,0
6816.37,1.2169,1,5,0,1,0,1
11853.08,3.0434,0,0,0,0,0,0
3401.96,0.0347,0,0,0,0,0,0
2512.09,1.6695,0,0,0,0,0,0
1587.38,0.2132,1,0,0,0,0,0
1482.58,-0.2263,0,0,0,0,0,0
3031.74,-0.0908,0,0,1,0,0,0
1719.71,0.0421,0,0,0,0,0,0
4688.71,0.2912,0,1,0,0,1,0
5611.63,1.3964,0,0,0,0,1,0
3923.58,0.8044,0,2,0,0,0,0
4247.3,-0.0275,0,1,0,0,0,0
4349.3,0.0203,0,0,0,0,0,0
1437.75,-0.2993,0,2,0,1,0,0
6409.96,0.9911,0,0,0,0,0,0
6466.22,3.4708,0,5,0,0,0,0
3160.24,0.004,0,1,0,0,0,0
11206.2,1.6722,0,0,0,0,0,0
1546.83,0.1344,1,0,1,0,0,0
1599.25,0.3269,1,0,0,0,0,0
2568.08,-0.1557,0,1,0,0,0,0
9576.94,1.4912,0,2,0,0,0,0
4213.05,0.1005,0,2,0,0,0,0
17768.19,2.8348,0,0,0,0,0,0
1866.21,0.0842,0,0,0,1,1,0
896.35,-0.1832,0,1,1,0,0,0
7036.87,0.6377,1,0,0,0,0,0
5929.17,1.0828,0,1,0,0,0,0
4894.04,0.195,0,0,0,0,1,0
1445.26,-0.3981,0,3,0,0,0,0
6797.95,0.4638,0,0,0,0,0,0
2500.85,0.8974,0,0,0,0,0,0
16472.95,3.3743,0,0,0,0,0,0
1199.62,-0.0326,0,0,0,0,0,0
6671.39,1.3389,0,3,1,0,0,0
2655.62,0.4098,0,0,0,0,0,0
4228.53,-0.0835,0,1,0,0,0,0
1622.54,-0.2442,0,0,0,0,0,0
3804.46,-0.1781,0,2,0,0,0,0
2727.39,0.1319,0,1,0,0,0,0
6263.48,1.3497,0,0,0,0,0,0
1350.53,1.0322,0,0,0,0,0,0
3319.21,0.0514,0,2,0,0,0,0
4492.33,0.0613,0,0,0,0,0,0
2592.95,0.7606,0,1,1,0,0,0
3603.43,0.0187,0,2,0,0,0,0
4138.81,0.0609,0,3,1,0,0,0
2963.75,0.09,0,1,0,0,0,0
3132.82,0.0596,0,1,0,0,0,0
2136.86,0.0206,0,1,0,1,0,0
2348.89,0.3101,0,4,0,0,0,0
16737.73,2.5668,0,1,0,1,0,0
7473.28,2.5766,0,3,0,0,1,0
8367.07,2.0045,1,2,1,0,0,1
5806.52,0.9595,0,1,0,0,0,0
823.08,0.1044,0,0,0,0,0,0
3869.05,-0.0933,0,0,1,0,0,0
810.4,-0.0784,0,0,0,0,1,0
6020.24,0.2177,0,5,0,1,0,0
2070.9,-0.3108,0,3,0,0,0,0
3127.99,0.2029,0,3,0,0,0,0
4025.16,0.2292,0,0,0,0,0,0
1724.62,0.05,0,0,0,0,0,0
769.89,-0.0715,0,0,0,0,0,0
4029.28,-0.0383,0,4,0,0,0,0
3897.03,0.0698,0,1,0,0,0,0
3560.27,0.2229,0,1,0,0,0,0
1701.31,-0.1786,0,0,0,0,0,0
4654.96,0.4312,0,0,0,0,0,0
5549.49,0.2475,0,1,0,0,0,0
1721.59,0.1059,0,1,0,0,0,0
1118.88,-0.2752,0,0,0,0,0,0
1187.91,-0.0774,0,2,0,0,0,0
1108.76,1.0184,0,1,0,0,0,0
2738.13,-0.2074,1,1,0,0,0,0
1910.07,-0.0608,0,2,0,0,0,0
4966.96,0.2034,0,3,0,0,0,0
8001.32,1.9957,0,0,0,0,0,0
3355.47,-0.0807,0,0,0,0,0,0
3091.33,-0.0311,1,1,0,0,0,0
8780.83,1.3089,0,2,0,0,0,0
2305.82,0.181,0,0,0,0,0,0
5984.74,2.589,0,1,0,0,0,0
2762.3,-0.1416,0,3,0,0,0,0
4070.06,-0.1508,0,5,0,0,0,0
3888.97,-0.0416,0,0,0,1,0,0
5095.79,0.0873,0,1,0,0,0,0
2973.44,-0.0494,1,2,0,1,0,0
2879.07,-0.0354,0,1,0,0,0,0
4325.2,0.0637,0,2,0,0,0,0
6565.37,0.387,0,2,0,0,0,0
4352.91,1.3293,0,2,0,0,0,0
2513.27,0.4136,0,0,0,1,0,0
1670.13,0.1214,0,1,0,0,0,0
1819.68,0.1007,0,0,0,1,0,0
2067.31,0.0543,0,0,0,0,1,0
4218.98,1.3507,0,0,0,0,0,0
1608.45,-0.2651,0,1,0,0,0,0
3904.18,0.0682,0,6,0,0,0,0
3236.72,-0.3328,0,0,0,0,0,0
3461.02,0.1391,0,3,0,0,0,0
3862.71,0.2806,0,2,0,0,0,0
10840.04,1.9605,0,5,0,0,0,1
4934.38,0.2224,1,1,1,0,0,0
5708.39,0.2334,0,1,0,0,0,0
1141.01,0.0018,1,2,0,0,0,0
6169.37,1.3802,0,0,0,0,0,0
4096.43,0.0378,0,1,0,0,0,0
6802.65,1.8257,0,0,0,0,0,0
2083.29,0.2235,0,3,0,0,0,0
5566.24,0.329,0,2,0,0,0,0
4311.81,-0.0918,0,0,0,0,0,0
8102.47,1.0437,0,0,0,0,0,0
3224.69,0.1947,0,1,0,0,0,0
1926.11,-0.4056,0,0,0,0,0,0
4929.72,0.5474,0,0,0,0,1,0
3450.18,-0.2674,0,1,0,0,0,0
2248.04,0.2945,0,0,0,0,0,0
3031.71,-0.0744,0,1,0,0,0,0
643.89,-0.1851,0,1,0,0,0,0
1819.26,-0.131,0,4,0,0,0,0
1828.3,-0.297,1,0,0,0,0,0
2888.28,0.2064,0,2,1,1,0,0
4857.88,0.0987,0,1,1,0,0,0
944.91,-0.0108,0,0,0,0,0,0
3602.42,0.0531,0,0,0,0,0,0
794.22,0.1526,0,4,1,0,0,0
3613.66,-0.0026,0,2,0,0,0,0
1744.2,0.0185,0,1,0,1,0,0
8433.32,0.7539,0,1,0,0,0,0
1808.17,0.3759,0,1,0,0,0,0
10178.99,1.0674,1,5,0,1,0,1
2348.54,0.2159,0,1,0,0,0,0
9098.65,3.0121,0,1,0,0,0,0
2133.9,0.0393,0,0,0,0,0,0
4789.99,0.1668,0,2,0,0,0,0
2112.6,0.3198,0,0,0,0,0,0
1549.12,0.0323,0,0,0,0,0,0
555.28,-0.2078,0,0,0,0,0,0
1837.03,-0.1136,0,2,0,0,0,0
11269.93,1.6551,0,3,0,0,0,0
10090.48,1.4719,0,1,0,0,0,0
1271.96,0.2494,0,0,1,0,0,0
11604.55,2.3145,0,0,1,0,0,0
997.46,0.033,0,0,0,0,0,0
3892.95,1.1714,0,1,0,1,0,0
2090.79,0.583,0,0,0,0,0,0
1251.29,-0.2044,0,0,0,0,0,0
3325.75,0.243,0,0,0,1,0,0
4358.55,0.75,0,2,0,0,0,0
1525.66,-0.2619,0,3,0,0,0,0
842.94,-0.2072,1,0,0,0,0,0
2237.6,-0.1912,0,0,0,0,0,0
1829.37,0.8068,0,0,0,0,0,0
4353.25,1.5284,0,3,0,0,0,0
3569.76,-0.0982,1,0,0,0,0,0
4845.63,0.2881,0,2,0,0,0,0
3971.09,-0.0485,0,0,0,0,1,0
4817.2,4.4974,0,1,0,0,1,1
1397.9,-0.2939,0,0,1,0,0,0
3583.8,-0.2179,0,0,0,0,0,0
3087.34,1.5645,0,3,0,0,0,0
11340.0,2.3663,0,0,0,0,0,0
15490.43,3.3282,1,2,0,0,0,0
3425.1,-0.1275,0,0,0,0,1,0
3239.64,0.474,0,1,0,0,0,0
5788.93,0.201,1,0,0,0,0,0
5099.42,0.2395,0,0,0,0,0,0
1809.02,-0.3697,0,1,0,0,1,0
5359.36,0.6865,1,0,0,1,0,1
3986.53,1.8634,1,0,0,0,0,0
2024.16,0.0692,0,0,0,0,0,0
3319.42,1.0177,0,0,0,0,0,0
4875.73,0.1774,0,2,0,0,0,0
985.93,0.0139,0,3,0,0,0,0
2451.64,-0.1734,0,0,1,0,0,0
383.73,-0.4041,0,0,0,0,0,0
2682.57,-0.17,0,0,0,0,0,0
2063.63,-0.2281,0,3,0,0,1,0
9073.09,1.4124,0,1,0,0,0,0
1476.19,-0.2938,0,1,0,1,0,0
1197.08,0.1183,0,2,0,0,1,0
1127.54,-0.3181,0,0,0,0,0,0
3228.93,-0.285,0,0,1,1,0,0
1628.36,0.1827,0,6,0,0,0,0
3520.08,0.1473,0,0,0,0,0,0
2301.5,-0.4139,1,1,0,1,1,0
7127.22,0.6976,0,0,0,0,0,0
2496.51,-0.0922,0,0,0,0,0,0
3315.16,0.0345,0,0,0,0,0,0
1871.35,-0.0521,0,1,0,0,0,0
962.4,0.4363,0,0,0,0,0,0
15620.01,2.4517,0,1,1,0,0,1
1696.62,0.3317,0,0,0,1,0,0
1299.04,0.0416,0,4,1,1,0,0
4171.89,0.1639,0,0,0,0,0,0
1438.63,-0.1979,0,0,0,0,0,0
4511.83,-0.0184,0,0,0,0,0,0
1489.38,-0.132,0,0,0,1,0,0
11184.64,1.7172,0,5,0,0,0,0
2668.74,-0.0806,0,0,0,0,0,0
1205.15,-0.1156,0,0,0,1,0,0
665.67,-0.1411,0,0,0,1,0,0
2306.58,-0.057,0,2,0,0,0,0
1244.96,-0.1349,0,0,0,0,1,0
19276.23,3.9497,0,0,0,0,1,0
2011.54,-0.017,0,0,0,0,0,0
2135.34,-0.1254,0,1,0,0,0,0
7520.33,0.9567,0,0,0,0,1,0
578.57,-0.1549,0,1,1,0,1,0
4770.24,0.0449,0,4,1,1,0,0
6835.28,0.7313,0,5,0,0,0,0
12180.5,3.407,0,0,0,0,0,0
3753.96,1.3541,0,0,0,0,0,0
1899.18,-0.4502,0,0,0,0,0,0
633.64,-0.059,0,0,0,0,0,0
3928.15,0.2813,0,2,0,0,0,0
3043.88,-0.2105,0,3,0,0,0,0
3591.01,0.2012,0,5,0,0,0,0
1469.6,-0.119,0,0,0,0,0,0
4034.01,-0.0498,0,1,0,0,0,0
7464.84,1.2398,0,3,0,0,0,0
4811.12,0.5852,0,0,0,0,0,0
652.59,-0.1961,0,1,1,0,0,0
2555.6,1.5353,0,0,1,0,0,0
9113.95,1.2002,1,1,0,0,0,0
2325.58,0.0021,0,0,0,0,1,0
5183.62,0.3519,0,1,0,0,0,0
9741.4,3.5691,0,0,0,0,0,0
1776.66,-0.1462,0,0,0,0,0,0
1165.82,0.7682,0,0,0,0,0,0
5716.04,0.4137,0,2,0,0,0,0
3436.21,0.1214,1,3,0,0,0,0
1797.33,0.0917,0,3,0,0,1,0
2600.12,-0.233,0,0,0,0,0,0
24196.45,3.9824,0,2,0,1,0,0
1855.06,0.2868,0,0,0,0,0,0
9938.68,2.1907,1,0,0,0,0,0
4941.37,0.535,0,3,0,0,1,0
4599.48,0.0987,0,1,0,0,0,0
2594.12,-0.0762,0,0,0,1,0,0
2227.48,-0.0989,1,0,1,0,0,0
10431.97,1.4278,0,0,0,0,0,0
7739.67,4.5304,1,3,0,0,0,1
1705.92,-0.1978,0,1,0,0,0,0
8575.58,0.8314,0,0,0,0,0,0
8404.45,2.8224,1,0,0,0,1,0
1017.26,0.0442,0,0,0,0,0,0
784.53,0.0031,0,0,1,0,0,0
8628.75,1.3906,1,0,0,0,0,0
905.78,-0.0219,0,0,1,0,0,0
2389.69,-0.0783,0,1,0,0,0,0
387.29,-0.4117,0,5,0,0,0,0
3269.21,0.8967,0,1,0,0,0,0
4969.57,0.2264,0,1,0,1,0,0
2793.62,-0.2151,0,1,0,1,0,0
43272.11,7.9721,0,3,1,1,0,1
1209.22,-0.0861,0,1,0,0,0,0
2263.85,1.8666,0,0,0,1,0,0
5162.86,0.2089,0,0,0,0,0,0
6084.36,1.4294,0,4,0,1,0,0
2398.05,-0.1082,0,1,0,0,0,0
1711.65,-0.1,0,0,0,0,0,0
2230.75,0.1365,1,0,0,0,0,0
698.94,-0.3937,0,0,0,0,0,0
1842.48,0.0676,0,5,0,0,0,0
3329.44,-0.1035,0,2,1,0,0,0
1776.82,0.2082,0,1,1,0,0,0
1493.72,0.1437,0,1,0,0,1,0
3905.77,0.0419,0,1,0,0,0,0
820.74,-0.2984,0,0,0,0,0,0
1998.74,-0.0339,0,2,1,0,0,0
2694.94,-0.2295,1,0,0,0,0,0
1701.81,-0.2869,0,4,0,0,0,0
2390.6,0.1184,0,0,0,0,0,0
776.02,0.0723,0,6,0,0,0,0
3611.04,0.3054,0,0,0,0,0,0
14439.42,3.9884,0,0,0,0,0,0
4036.97,0.2008,0,2,0,0,0,0
5238.41,0.2199,0,2,0,0,0,0
2637.54,0.2622,0,3,1,0,0,1
2490.64,0.981,0,5,0,0,0,1
4616.97,1.558,0,0,0,0,0,0
1028.36,0.2176,0,0,0,0,0,0
7274.09,1.3393,0,1,0,0,0,0
14397.21,5.1654,1,5,0,0,1,1
1026.44,-0.333,1,0,0,0,0,0
1439.45,-0.1813,0,2,0,0,0,0
1979.79,0.2145,0,3,1,0,0,0
4613.88,0.1286,0,3,0,0,0,0
4303.56,-0.002,0,2,0,0,0,0
1942.89,-0.1233,1,1,0,0,0,0
3472.93,0.3071,1,0,0,0,0,0
2793.39,-0.3008,0,1,0,0,0,0
4817.64,0.0246,0,1,0,0,0,0
3981.24,-0.1589,0,0,1,0,0,0
3640.76,0.9043,0,0,0,0,0,1
892.95,0.3013,0,0,0,0,0,0
831.24,-0.2305,0,0,0,0,0,0
2417.74,-0.3474,0,0,1,0,0,0
6645.89,1.2652,0,1,0,0,0,0
3197.87,0.458,0,0,1,1,0,0
3751.58,0.1162,0,1,0,0,0,0
3530.48,0.1522,0,2,0,0,0,0
11453.02,1.8173,0,0,0,0,0,0
1332.1,1.4903,0,1,1,0,1,1
630.13,-0.1041,0,6,1,0,0,0
1880.09,1.4915,0,0,0,0,1,0
13399.48,1.8974,0,2,0,0,0,0
3827.0,1.0449,0,1,0,0,0,0
1728.71,-0.062,0,0,0,0,0,0
2963.03,-0.1615,0,2,0,0,0,0
462.8,-0.2918,0,0,0,0,0,0
2150.37,0.1865,0,2,0,0,0,0
1810.1,-0.0037,0,0,0,0,0,0
3614.35,1.2054,1,3,1,0,0,1
1999.58,-0.0655,1,1,0,0,0,0
3431.46,0.2162,0,0,0,0,0,0
1719.01,0.1556,0,0,0,0,0,0
6385.45,0.7111,1,4,0,1,0,1
5229.69,0.2675,1,6,0,0,0,0
3267.61,-0.0191,0,0,0,0,0,0
1015.9,-0.0101,0,0,0,0,0,0
1844.37,1.3152,0,1,0,0,0,0
1915.22,0.4606,0,2,0,0,0,0
5918.75,0.5343,0,3,0,0,0,1
1473.08,-0.3233,0,1,0,0,0,0
4408.34,-0.0243,0,2,0,0,0,0
4438.76,0.1051,0,2,0,1,0,0
1962.0,1.8672,0,0,0,0,0,0
1398.78,0.0098,1,4,0,0,0,0
3094.34,2.1273,0,0,0,0,0,1
926.11,-0.0139,0,1,0,0,0,0
3786.42,1.0131,0,0,1,0,0,0
8524.94,3.9479,0,4,0,0,0,1
2958.0,-0.3633,0,0,0,0,0,0
1138.29,-0.0554,0,0,0,0,0,0
3996.03,0.2473,0,0,0,0,0,0
4661.15,0.0242,0,1,0,0,0,0
3607.63,-0.2295,0,1,0,0,0,0
4447.5,1.4206,0,2,0,0,0,0
2935.63,-0.3332,0,2,0,0,0,0
1333.52,-0.02,0,3,0,1,0,0
20477.01,6.0755,0,2,0,0,1,1
540.43,0.0521,0,0,0,0,0,0
3506.1,-0.1491,0,0,0,0,0,0
2661.74,0.2544,0,0,1,0,0,0
1802.72,-0.0452,0,1,0,0,1,0
5334.69,0.6251,0,0,0,1,0,1
10371.33,1.9834,0,1,0,0,0,0
9438.4,1.2586,1,0,0,0,0,0
3848.57,1.8815,0,4,1,1,0,0
1460.77,-0.1868,0,0,0,0,0,0
3171.92,0.2449,1,1,0,0,1,0
4102.44,0.07,0,1,1,0,0,0
3959.16,0.106,0,6,0,0,0,0
2323.75,0.6817,1,0,1,1,0,1
4049.41,0.3084,0,0,0,0,0,0
706.24,0.0052,0,6,0,0,0,0
1429.43,0.1152,0,1,0,1,0,0
5735.64,0.32,0,1,0,0,0,0
2380.95,-0.201,0,3,0,0,0,0
13389.16,1.9538,0,1,0,0,0,0
1917.83,-0.2035,0,2,0,0,0,0
982.21,-0.2769,0,0,0,0,0,0
3161.32,-0.0545,0,3,0,0,0,0
3057.57,3.7727,1,0,0,0,1,0
3306.89,0.0973,0,0,0,1,0,0
4148.01,1.5867,0,0,1,0,0,0
2447.29,-0.1647,0,0,0,0,0,0
1455.25,-0.0582,1,2,1,0,0,0
9128.31,1.506,0,0,0,0,0,0
3893.25,1.9188,0,0,0,0,0,0
786.01,-0.2762,0,2,0,0,0,0
3142.13,1.3045,0,1,0,0,0,0
2356.89,-0.3181,0,1,0,0,0,0
2244.5,-0.0976,0,2,0,0,0,0
1237.06,-0.2617,0,0,0,0,0,0
19890.2,8.1025,0,3,0,0,0,1
6231.82,0.2932,1,2,0,0,0,1
2233.25,0.0884,0,1,0,0,0,0
3300.42,-0.3272,0,1,0,0,0,0
1643.61,-0.02,0,5,1,0,0,0
4448.5,2.0127,0,2,0,0,0,0
1755.74,-0.2033,1,0,0,0,0,0
1639.64,-0.0187,0,1,0,0,0,0
8417.62,0.7733,0,1,0,0,0,0
3129.55,-0.3316,0,0,0,0,0,0
1952.27,-0.1486,0,4,0,0,0,0
972.85,-0.6991,0,1,1,0,0,0
4838.87,0.1209,0,0,0,0,0,0
6857.43,0.3937,1,2,0,0,1,0
1360.06,0.0118,0,1,0,0,0,0
4568.22,0.3398,1,1,1,0,0,0
6146.93,0.5511,0,0,0,0,0,0
2089.5,-0.0066,0,0,1,0,1,0
1886.98,0.0223,0,0,0,0,0,0
671.17,0.2032,0,0,0,0,1,0
784.15,-0.0932,0,4,0,0,0,0
3068.92,-0.0119,0,0,0,0,0,0
1900.61,0.2017,0,2,0,0,0,0
896.8,-0.0996,0,0,0,0,0,0
4226.99,-0.0112,0,0,0,0,0,0
2462.5,0.818,0,2,0,0,0,0
628.62,-0.0856,0,2,0,0,0,0
5935.76,2.1634,0,3,0,0,0,0
392.75,-0.4426,0,4,0,0,0,0
3188.73,-0.1242,0,0,0,0,0,0
1694.75,-0.0404,0,0,0,0,0,0
6575.1,0.3347,0,1,0,0,0,0
8904.76,0.9786,0,3,0,0,0,0
1344.12,-0.1891,0,0,0,0,0,0
1899.82,0.1233,0,2,1,0,0,0
10512.78,1.2563,0,1,0,0,1,0
1576.38,-0.1182,0,2,0,0,0,0
1539.91,-0.1242,0,0,0,0,1,0
4951.8,0.2266,0,0,1,0,0,0
3100.91,0.1074,0,3,0,0,1,0
1093.34,-0.3002,0,1,0,0,0,0
4038.3,0.0561,0,0,0,0,0,0
3072.53,0.276,0,0,0,0,0,0
2307.03,-0.0569,0,2,0,0,0,0
1976.72,0.8402,0,3,0,0,0,0
3023.94,1.2276,0,2,1,1,0,0
503.36,-0.0148,0,0,0,0,0,0
766.15,-0.4118,0,0,0,0,0,0
9687.27,2.1163,1,1,0,0,0,1
4432.7,0.0678,0,3,0,0,0,0
1992.14,-0.0581,0,3,0,0,0,0
5309.11,0.766,0,0,0,0,0,0
3577.88,3.6006,0,0,0,0,0,0
3988.7,-0.0442,0,0,0,0,0,0
2473.66,-0.2007,0,0,0,0,0,0
3332.4,-0.1018,0,0,0,0,0,0
3532.66,1.0474,0,0,0,1,0,0
553.78,0.0537,0,0,0,0,0,0
11302.49,1.3193,0,0,0,0,0,0
1167.18,0.488,0,2,0,0,0,1
3297.65,-0.0411,0,2,0,0,0,0
3285.9,0.1246,0,0,0,0,0,0
1841.47,-0.2333,0,0,1,0,0,0
3199.14,0.1093,0,1,0,0,0,0
3074.49,0.4189,0,0,0,0,0,0
3948.83,-0.1724,0,1,0,0,0,0
1542.13,0.0947,0,0,0,0,0,0
567.33,-0.2215,0,2,0,0,0,0
12023.33,3.4672,1,0,0,0,0,0
2553.59,-0.1112,0,0,0,1,0,0
1478.22,0.3855,0,1,0,0,0,0
1567.46,-0.0412,0,2,1,0,0,0
12855.7,1.5942,1,1,0,0,0,0
4157.4,0.1265,0,2,0,0,0,0
2665.66,-0.1164,0,1,0,0,0,0
2440.6,1.2296,0,1,0,1,0,0
1679.88,-0.1556,0,1,0,0,0,0
2627.66,0.5617,0,0,0,0,0,0
3930.84,0.272,0,0,0,0,0,0
915.46,0.0455,0,0,0,0,0,0
569.97,-0.274,0,3,0,0,0,0
7102.96,0.724,0,1,0,0,0,0
3496.44,-0.1603,0,1,0,0,0,0
3797.11,-0.2367,1,0,0,0,0,0
1236.23,0.0215,1,2,0,0,0,0
1698.14,-0.0717,0,0,0,0,0,0
2826.94,0.1016,0,2,0,0,0,0
1413.97,-0.268,0,0,0,0,0,0
1428.64,-0.2829,0,1,0,0,0,0
1660.43,-0.1997,0,0,0,0,0,0
2777.99,-0.1576,0,2,0,0,0,0
2188.2,-0.249,0,0,0,1,0,0
3541.71,0.1862,0,0,1,0,0,0
4505.48,0.0277,0,1,1,0,0,0
6111.69,0.2996,0,0,0,0,0,0
10154.28,1.4605,1,3,1,0,0,0
2889.12,1.5832,0,0,0,0,0,0
3803.03,0.9576,0,4,0,0,0,1
14203.31,2.4527,1,2,0,0,0,0
2548.95,0.1516,0,0,0,0,0,0
6357.7,0.4884,0,0,0,0,0,0
3785.32,0.224,0,5,0,0,0,0
2288.18,-0.2184,0,0,0,0,0,0
6545.97,1.6094,1,0,0,0,0,0
3483.16,1.4341,0,0,0,0,0,0
15052.71,2.5454,1,3,1,0,0,1
6445.34,0.802,0,2,0,0,0,0
858.75,0.1842,0,0,1,1,1,0
23158.9,3.8784,0,1,0,0,0,0
4130.07,0.3249,0,0,0,0,0,0
5617.94,0.2675,0,0,0,0,1,0
940.37,-0.0186,0,1,0,0,1,0
4916.64,0.0372,0,0,1,0,0,0
680.54,-0.2693,1,1,0,0,0,0
4906.89,0.1783,0,0,0,0,0,0
4083.42,-0.0721,0,0,0,0,0,0
6782.98,0.952,0,1,0,0,0,0
902.44,-0.0795,1,0,0,0,0,0
667.73,-0.5586,0,1,0,0,0,0
10041.98,1.4448,0,2,0,0,0,0
6589.39,0.5542,0,1,0,0,1,0
1808.02,-0.2821,0,1,0,0,0,0
853.79,-0.1855,0,2,0,0,0,0
12529.71,2.1296,1,1,0,0,1,0
4912.51,0.3606,0,4,0,1,0,0
2787.17,2.2875,0,1,0,0,0,0
3385.51,-0.0713,0,0,0,0,0,0
3697.8,0.0571,0,5,0,0,0,0
2994.27,0.0989,0,0,0,0,0,0
2567.87,0.5505,0,0,0,0,0,0
8496.15,0.9845,0,1,0,0,0,0
3777.42,-0.1714,0,2,0,0,0,0
1156.06,0.0216,1,2,1,0,0,0
1446.2,-0.0401,0,0,0,0,0,0
4972.72,0.0122,1,0,0,0,0,0
3062.32,-0.0536,0,3,0,0,0,0
10427.46,1.5921,0,0,1,0,0,0
2367.28,0.0018,0,2,0,0,0,0
7272.33,0.4752,0,3,0,0,0,0
2028.56,-0.262,0,0,0,0,1,0
1640.16,-0.1411,0,0,0,0,0,0
4532.08,0.1248,0,1,0,0,0,0
3617.36,-0.2384,0,2,0,0,0,0
2950.61,-0.0804,0,2,0,0,0,0
35204.84,7.042,1,4,0,0,0,1
5670.33,0.8092,1,4,0,0,0,1
12087.37,1.8906,0,0,0,1,0,0
2369.32,0.2175,0,2,0,0,0,0
802.86,0.1051,0,0,0,0,0,0
3000.74,-0.1373,0,1,0,0,0,0
2009.5,-0.2319,0,0,0,0,0,0
5303.18,1.2407,0,1,0,0,0,0
5602.26,1.6927,0,0,0,0,0,0
1889.11,0.2905,0,0,0,0,0,0
6259.01,0.3468,0,2,0,0,0,0
769.64,-0.0668,0,1,0,0,0,0
4253.87,0.1756,0,1,0,0,0,0
905.0,-0.3724,0,3,0,0,0,0
3105.16,-0.1411,0,0,0,1,0,0
4180.74,0.0506,0,0,0,0,0,0
7500.03,1.8477,0,3,0,0,0,0
2902.38,-0.1267,0,0,0,0,0,0
438.67,-0.4538,0,1,0,0,0,0
4198.46,0.3539,0,2,1,0,0,0
1832.35,0.0174,0,0,0,0,0,0
2390.07,0.1244,0,4,0,0,0,1
2070.49,-0.0973,0,0,0,0,0,0
788.13,-0.0921,0,1,0,0,0,0
2194.91,0.2298,0,3,0,0,0,0
6475.77,0.4831,0,0,0,0,0,1
2457.14,1.0753,0,0,1,0,0,0
814.93,-0.3492,0,1,0,0,0,0
1667.01,-0.2887,0,1,0,0,0,0
3140.21,-0.2317,0,1,0,0,0,0
2448.14,-0.0228,1,1,0,0,0,0
778.41,-0.1315,0,3,0,1,0,0
3933.9,0.4071,0,0,0,0,0,0
3166.63,0.0975,0,0,0,0,0,0
1047.76,-0.2121,1,0,0,0,0,0
1740.6,0.3261,0,0,0,1,1,0
17006.31,3.434,0,2,1,0,0,0
5510.16,0.2004,0,0,0,0,0,0
8754.46,1.0633,0,2,0,0,0,1
3752.47,0.0403,0,0,0,0,0,0
3818.27,-0.0533,0,0,0,0,0,0
5217.9,0.936,1,1,0,0,1,1
4484.75,1.6246,0,5,0,0,0,0
30186.65,5.1313,0,5,1,1,0,1
3243.34,-0.25,0,0,0,0,0,0
485.88,-0.0724,0,3,0,0,0,0
5132.01,0.1118,0,2,0,1,1,0
3171.04,0.2881,0,2,0,0,0,0
10389.82,1.9165,0,2,0,0,0,0
4470.79,-0.0558,0,2,0,0,1,0
2265.48,0.2989,0,0,0,1,0,0
23653.0,3.7967,0,2,0,0,0,0
3650.75,0.4012,0,1,0,0,0,0
910.82,-0.3451,0,0,1,0,0,0
1090.26,-0.033,0,1,0,0,0,0
3374.37,-0.2846,0,3,1,0,0,0
7803.55,0.9699,1,1,0,0,0,0
14296.74,2.8183,0,2,0,0,0,0
2936.97,-0.0193,1,1,0,0,0,0
4381.64,-0.0688,0,2,0,0,0,0
3102.89,3.4853,0,0,0,0,0,0
724.52,-0.1612,1,0,0,0,0,0
968.71,0.1174,0,0,0,0,0,0
809.18,-0.2768,0,0,0,1,0,0
2646.25,0.3348,0,0,0,1,0,0
1116.7,0.2264,0,1,0,1,0,0
311.3,-0.4807,1,1,1,0,0,0
3263.33,0.4503,0,1,0,0,0,0
4431.09,0.1035,0,3,0,0,1,0
1655.72,-0.2288,1,0,0,0,0,0
4794.17,0.1631,0,0,0,0,0,0
6784.76,0.4296,0,0,0,0,0,0
3171.08,-0.1008,0,0,0,0,0,0
1199.14,-0.2311,0,0,0,0,0,0
1483.78,-0.3097,0,0,0,0,0,0
939.37,-0.2043,0,2,0,0,0,0
3324.34,-0.1332,0,0,0,0,0,0
3072.68,0.1972,1,0,0,0,0,0
2102.41,0.0066,0,1,0,0,0,0
6738.44,0.4668,0,1,1,1,1,0
1699.88,-0.0436,0,1,0,0,0,0
1757.01,-0.2004,0,0,0,0,0,0
1298.28,0.024,0,1,0,0,0,0
4748.74,0.4085,0,1,0,0,0,0
683.91,0.1025,0,1,0,1,0,0
3180.06,0.4891,0,0,0,0,0,0
4848.65,0.3313,1,1,0,0,0,0
4799.57,0.044,0,4,0,0,0,0
3538.8,-0.1574,0,0,0,0,0,0
3424.85,1.1689,1,0,0,1,0,1
5229.84,0.6797,0,0,0,1,0,0
3128.51,0.0731,0,2,0,0,0,0
2277.53,-0.2073,0,0,0,0,0,0
4424.99,0.3525,0,0,0,0,0,0
3463.98,0.7671,0,1,1,0,0,1
1922.65,0.5932,0,2,0,1,0,0
9674.76,1.947,0,1,0,0,0,0
1465.52,-0.1577,0,1,0,0,0,0
3032.41,-0.1081,0,1,0,0,0,0
692.73,-0.1378,0,0,0,0,0,0
2640.13,0.4618,0,1,0,0,0,0
4076.3,3.1642,0,0,1,0,1,0
3048.96,-0.1643,0,2,0,0,0,0
6513.52,0.3331,0,0,1,0,1,0
10315.61,2.7047,0,7,0,0,0,0
1871.82,0.1159,0,0,0,0,0,0
2117.85,1.6932,1,2,0,0,0,0
1514.78,-0.282,0,1,0,0,0,0
2003.68,-0.5006,0,0,1,0,0,0
1469.71,-0.2755,0,0,0,1,1,0
812.53,-0.2255,0,1,0,0,0,0
12894.18,1.7937,0,3,0,0,0,0
2551.8,1.0065,0,1,1,0,1,0
15149.34,2.2396,0,6,1,0,0,1
1895.15,0.1944,0,1,0,0,0,0
3338.69,-0.0356,0,0,0,0,0,0
3177.73,0.529,0,1,0,0,0,0
1655.16,-0.5022,0,1,0,0,0,0
636.68,0.2401,0,0,0,0,0,0
1786.55,-0.1764,0,1,0,0,0,0
1932.78,-0.3297,0,3,0,0,0,0
2344.78,-0.2081,0,0,0,0,0,0
1787.37,-0.1594,0,0,0,0,0,0
9689.86,1.177,0,0,0,0,0,0
2978.79,-0.283,0,0,0,0,0,0
3990.55,-0.1567,0,0,0,0,0,0
3653.32,-0.0943,0,0,0,0,0,0
3899.0,0.021,0,5,0,0,0,0
3649.99,0.0311,0,4,0,0,0,0
8815.03,0.8962,0,0,0,0,0,0
1259.07,-0.0373,0,0,0,0,0,0
3706.75,0.2156,0,0,0,0,0,0
4975.1,0.3858,0,2,0,0,0,0
3949.73,-0.0469,0,0,0,0,0,0
721.57,0.3783,0,1,0,0,0,0
1063.61,0.354,0,0,0,0,0,0
9431.9,1.6471,0,5,0,1,0,0
3676.07,-0.0131,0,2,1,0,0,0
482.58,-0.2236,0,3,1,0,0,0
4593.28,0.3245,0,0,0,0,0,0
2530.84,0.0027,0,2,0,0,0,0
10162.61,1.4349,0,2,0,0,0,0
4491.31,0.0036,0,3,0,0,0,0
5393.94,0.3753,0,1,0,0,0,0
5129.51,0.2873,0,1,0,0,0,0
1340.59,-0.3683,0,0,0,0,0,0
5139.69,0.1019,0,0,0,0,0,0
6448.57,1.923,0,0,0,0,0,0
3704.24,-0.0915,0,2,0,0,1,0
1692.44,0.0952,0,0,0,0,0,0
8504.92,0.8709,1,5,0,0,0,1
2520.03,0.2308,0,0,0,0,0,0
6762.65,0.9981,0,3,0,0,0,1
5213.46,0.0641,0,3,0,0,0,0
7318.71,0.8086,0,2,0,0,1,0
6684.14,0.4764,0,0,1,0,0,0
757.15,0.0907,0,1,0,0,0,0
7274.42,1.5554,0,0,0,0,0,0
3306.51,0.574,0,4,0,1,0,1
3199.93,0.0778,0,0,0,0,0,0
2623.76,0.1256,0,0,0,0,0,0
7694.92,2.944,0,1,0,0,0,0
1945.86,-0.3021,1,2,0,0,0,0
2587.8,-0.0743,0,0,1,0,0,0
13491.66,2.5949,0,2,0,0,0,0
1432.16,0.1803,0,0,1,0,0,0
5291.13,0.4741,0,1,1,0,0,0
2918.59,-0.2667,0,0,1,0,0,0
6610.25,0.4697,0,3,0,0,0,0
8396.62,0.7255,0,0,0,0,0,0
9049.82,1.0258,0,1,0,0,0,0
2213.72,0.0567,0,0,0,0,0,0
16161.49,2.7384,0,0,0,0,0,0
3541.44,0.0712,0,2,0,0,0,0
700.81,0.3454,0,2,0,0,0,0
5893.35,0.333,0,0,0,0,0,0
1267.69,0.2954,1,1,0,1,0,1
5361.98,0.307,0,1,0,1,0,1
4023.79,0.311,0,0,0,0,0,0
4335.48,1.2654,0,1,0,0,0,0
1654.29,0.0407,0,2,0,0,0,0
6745.62,1.1785,0,3,0,0,0,1
6113.72,0.4555,0,2,0,0,0,1
659.13,-0.1429,0,3,0,0,1,0
1505.56,0.7391,0,2,0,0,0,0
7017.99,1.4404,0,0,0,0,1,0
1605.96,-0.167,0,5,0,0,0,0
3968.78,0.1139,0,1,0,0,0,0
1859.97,-0.1152,0,0,0,1,0,0
1826.9,-0.0669,0,1,0,0,0,0
10643.43,1.3165,0,1,0,0,0,0
1555.55,0.1729,0,0,1,0,0,0
3184.76,-0.1445,0,1,0,1,0,0
1217.33,0.0821,0,3,1,0,0,0
1051.33,0.1282,1,1,0,0,0,0
2928.9,0.2015,0,0,1,0,0,0
1106.87,0.1298,0,1,0,0,1,0
8508.11,0.9418,1,1,0,0,0,0
497.3,-0.364,0,0,0,0,1,0
4286.95,0.2429,0,0,0,0,0,0
5081.99,3.7653,0,0,1,0,0,0
5766.55,0.5487,0,0,0,1,1,0
2559.9,-0.2754,0,0,0,0,0,0
2113.86,1.8461,1,0,0,0,0,1
2176.09,-0.1662,0,1,1,0,0,0
1168.9,-0.3161,0,0,0,0,0,0
9300.83,1.8074,0,2,0,0,1,0
6904.53,0.4104,0,0,0,0,0,0
13531.17,2.363,0,2,0,0,0,1
1180.0,0.0691,0,0,0,0,0,0
2361.28,0.136,0,4,0,0,0,0
3329.59,0.2881,0,0,0,0,0,0
16663.35,3.9686,0,1,0,1,0,0
3993.11,-0.0966,0,0,0,0,0,0
9199.13,0.9502,0,0,0,1,0,0
3700.87,-0.2511,0,1,0,0,0,0
1922.47,-0.1765,0,0,0,0,0,0
894.16,-0.3636,0,0,1,0,0,0
4941.37,0.0763,0,3,1,0,0,0
4096.3,0.0288,1,0,0,0,0,0
4640.08,0.1401,0,0,0,0,0,0
4811.43,2.0959,1,1,0,0,0,1
5494.22,0.5755,0,0,1,0,0,0
3205.34,1.6566,0,1,1,0,0,0
3255.51,0.1184,1,0,0,0,0,0
3820.75,1.3284,0,0,0,0,0,0
1571.74,-0.3694,0,2,0,0,0,0
4408.33,0.3211,0,7,0,0,0,0
3652.97,0.1144,0,1,0,0,0,0
2612.38,0.1461,0,0,0,0,0,0
2308.06,0.0185,0,0,0,0,0,0
8248.87,1.3173,1,0,0,1,0,0
1499.43,0.1427,1,2,0,0,0,0
6003.15,1.3709,1,5,0,0,1,1
2274.36,-0.1688,0,0,0,0,0,0
2383.22,-0.1763,0,2,0,0,0,0
534.22,-0.0665,0,2,0,0,0,0
1972.28,0.0892,0,2,0,0,0,0
1358.68,-0.3732,0,1,0,0,0,0
7393.36,1.8419,0,0,1,0,0,0
6658.11,0.5579,0,1,0,0,0,0
1361.78,-0.0171,0,0,0,0,0,0
2312.4,-0.3252,0,0,1,0,0,0
7030.18,0.6838,1,3,0,0,0,1
3119.21,-0.1664,0,0,1,0,0,0
4627.92,0.1116,1,0,0,0,0,0
1451.4,0.165,1,1,1,0,0,0
1036.14,0.0736,0,1,0,0,0,0
6792.73,0.4725,0,1,0,0,0,0
4768.81,0.9655,0,7,1,0,1,1
974.76,-0.3315,0,0,0,0,0,0
5712.22,0.1915,0,3,0,0,0,0
5781.92,1.3295,1,1,0,0,0,0
2237.28,0.2101,0,0,0,0,0,0
2523.91,-0.3437,1,1,0,0,0,0
5103.58,0.494,0,1,0,0,0,0
1314.01,-0.2366,0,1,0,0,1,0
1657.86,0.8696,0,0,0,0,0,0
2253.51,0.2009,0,2,1,0,1,0
5444.14,0.1536,0,4,0,0,0,0
5636.75,0.4078,0,0,0,0,0,0
3854.45,0.0074,0,1,0,0,0,0
1728.92,-0.0281,0,0,0,0,0,0
4288.16,0.2178,0,2,1,0,0,0
3527.31,0.0298,0,1,0,1,0,0
3142.85,-0.1327,0,0,0,0,0,0
1307.14,0.0958,0,3,0,0,0,0
1763.5,-0.3596,1,3,0,1,0,0
3449.43,0.1322,0,1,0,1,0,0
808.89,0.0465,0,0,0,0,0,0
7939.15,0.7735,0,3,0,0,0,0
677.05,-0.2269,0,1,0,0,0,0
3102.24,-0.1876,0,2,1,0,0,0
2792.54,-0.2546,0,1,1,0,0,0
2511.49,0.8023,0,0,0,1,1,0
8958.04,1.5713,0,3,0,0,0,0
1733.31,0.1191,0,0,0,0,0,0
2886.65,1.808,0,1,0,0,0,0
3771.59,-0.2089,0,0,0,0,0,0
2495.62,0.1792,0,0,0,0,0,0
2720.85,-0.0215,0,0,1,1,0,0
870.78,0.1205,0,0,0,0,0,0
5887.4,0.6591,0,1,0,0,0,0
1580.73,0.2304,0,1,0,0,0,0
2099.51,0.1172,1,0,0,0,0,0
694.25,-0.3305,0,1,0,0,0,0
1543.6,0.0287,0,1,0,0,0,0
6878.28,0.4279,0,2,0,0,0,0
5799.4,1.7952,0,1,0,0,0,0
4429.0,0.3445,0,0,0,0,0,0
882.82,-0.1308,1,5,1,0,0,0
4861.07,0.1557,0,0,0,0,0,0
2021.62,-0.2108,0,0,0,0,0,0
6375.3,0.2809,0,0,0,0,0,0
812.48,-0.5609,0,0,0,0,0,0
6470.63,0.3952,0,4,0,0,0,0
6236.51,0.3974,0,3,0,0,0,0
9223.14,1.8473,0,0,1,0,0,0
600.01,-0.3527,0,0,0,0,1,0
10101.67,3.3841,0,1,0,0,0,0
3751.34,0.1461,0,1,0,0,0,0
708.83,-0.1755,0,2,0,0,0,0
2444.81,0.0133,0,0,0,0,1,0
2112.5,-0.4478,0,0,0,0,0,0
3671.41,1.5329,0,1,0,0,0,0
3048.67,0.2315,0,2,0,0,0,0
1089.13,0.0339,0,1,0,0,0,0
6431.46,0.3368,0,2,0,0,0,0
750.8,-0.3059,0,3,0,0,0,0
2013.07,0.8185,0,3,0,0,0,0
1705.09,0.2283,0,0,1,0,0,0
3780.68,0.0026,1,0,0,0,0,0
1690.53,-0.1926,0,0,0,0,0,0
3953.78,1.3241,0,0,0,1,0,0
2077.05,0.0783,0,0,0,0,0,0
2230.16,-0.1197,0,2,0,0,0,0
11573.42,1.5993,0,1,0,0,0,0
3102.0,0.3391,0,1,0,0,0,0
19482.7,3.445,1,0,0,0,0,0
10320.53,2.359,0,0,0,0,1,0
2374.82,0.1334,0,0,0,0,0,0
3868.53,0.0813,0,0,0,0,0,0
1257.2,-0.2572,0,1,0,0,0,0
662.45,-0.1734,0,1,0,0,0,0
4004.13,0.2161,1,0,0,0,0,0
4136.1,0.2709,0,2,0,0,0,0
12057.04,1.8798,0,2,1,0,0,0
4620.55,0.2807,0,1,0,1,0,0
594.51,-0.2689,0,7,0,0,0,0
2160.11,-0.3291,0,0,1,0,0,0
6789.78,1.6456,0,2,0,0,1,0
5707.95,0.1506,0,5,0,0,0,0
2928.7,-0.2209,0,1,0,0,0,0
1383.48,1.5204,0,0,0,0,0,0
2013.47,0.1931,0,0,0,0,1,0
10093.12,2.6401,0,0,0,0,0,0
551.71,-0.4923,0,1,0,1,0,0
3075.94,2.0494,0,0,0,0,0,0
6162.8,1.6575,1,3,0,0,0,0
2163.98,-0.2245,0,1,0,0,0,0
3640.43,0.3098,0,0,0,0,0,0
11538.17,1.8267,0,0,0,0,0,0
3012.46,-0.1442,1,2,0,0,0,0
4072.68,-0.0754,0,3,0,0,0,0
2211.78,-0.0154,0,5,1,1,0,0
8113.71,0.9986,0,0,0,1,0,0
2145.99,0.0953,0,2,0,0,0,0
952.43,0.202,0,1,0,0,0,0
2143.26,0.3425,0,0,0,0,0,0
2492.17,-0.0162,0,3,0,0,0,0
2044.65,0.2325,0,2,0,0,0,1
3045.81,0.4758,0,0,0,0,0,0
2837.37,-0.3928,0,2,0,0,0,0
5736.05,1.1102,0,2,0,1,0,0
3032.04,-0.0344,0,0,0,0,0,0
526.53,-0.2627,0,0,0,0,0,0
1062.81,-0.2102,0,0,1,0,0,0
2856.7,-0.0207,0,0,0,0,0,0
4741.94,0.1493,0,1,0,0,0,0
2430.26,0.0753,0,1,0,0,0,0
2300.69,-0.1681,0,6,0,0,0,0
1595.53,0.0867,0,0,0,0,0,0
5728.65,1.1177,0,5,0,0,0,0
497.8,-0.2897,0,0,0,0,0,0
5540.39,0.3036,0,0,0,0,0,0
2031.68,-0.1536,0,0,0,0,0,0
2893.71,-0.3174,0,1,0,0,0,0
662.11,0.0162,0,0,0,0,0,0
1992.17,0.6467,0,0,0,0,0,0
6473.91,0.4104,0,0,0,0,0,0
1049.23,-0.284,0,0,0,0,0,0
1949.73,0.3206,0,0,0,0,1,0
11558.41,1.3977,0,1,0,0,0,0
13332.66,3.5866,0,1,0,0,0,0
3265.52,0.1899,1,1,0,0,1,0
3985.3,0.6922,0,7,0,0,0,0
3124.57,0.3805,0,2,0,0,0,0
2154.77,-0.0796,0,0,0,0,0,0
4781.58,-0.0172,0,2,0,0,0,0
4691.23,0.0374,0,0,0,0,0,0
1515.18,1.1116,0,2,0,0,0,0
628.38,-0.004,0,1,0,0,0,0
2071.71,0.0039,1,4,0,0,0,0
11011.07,1.5136,0,1,0,0,0,0
6240.76,0.8258,1,0,0,1,0,0
6032.25,1.511,1,3,0,0,0,0
6800.65,1.6295,0,2,0,0,0,0
6299.95,1.3389,0,1,0,0,0,0
5538.9,1.4069,0,2,1,1,0,0
18424.38,3.3304,1,0,0,0,0,0
951.39,-0.2015,0,0,0,0,0,0
4119.71,0.0451,0,0,0,0,1,0
761.76,0.1921,1,2,0,0,0,0
1420.67,1.0366,0,3,0,0,0,0
1460.75,-0.187,0,0,0,0,0,0
11342.07,1.3362,0,2,0,0,0,0
4262.54,-0.1399,0,2,0,0,0,0
944.52,-0.3292,1,1,0,0,0,0
6947.66,0.4944,0,0,0,0,0,0
4006.12,-0.1437,0,3,0,0,1,0
3855.47,0.4642,0,0,0,0,0,0
2697.74,-0.3483,0,0,0,0,0,0
3428.78,-0.0868,0,0,0,0,0,0
2174.04,-0.3202,0,0,1,0,0,0
5021.2,1.0216,0,0,0,0,0,0
2636.87,-0.1494,0,2,0,0,0,0
3386.87,-0.2208,0,5,0,0,0,0
858.08,-0.1904,1,0,0,0,0,0
2837.83,-0.1002,0,1,0,0,0,0
4278.33,0.0166,0,2,0,0,0,0
3855.7,-0.1356,1,0,0,1,0,0
5947.55,0.2103,0,4,0,0,0,0
1993.53,-0.3632,0,1,0,0,1,0
790.26,0.1275,0,0,0,1,0,0
1512.51,1.4854,0,0,1,0,0,0
2804.37,-0.0425,0,1,0,0,0,0
4499.18,0.9435,0,0,0,0,0,0
3016.19,0.7409,1,3,1,0,1,1
1131.68,-0.331,0,2,1,0,0,0
5221.78,0.0944,0,1,0,0,0,0
4843.76,1.0133,0,1,0,1,0,0
5451.67,0.8514,0,2,0,0,0,0
2912.34,-0.3174,0,1,0,0,0,0
3322.75,0.0201,0,0,0,0,0,0
4719.63,0.0488,1,4,0,0,0,0
514.5,-0.382,0,0,1,1,0,0
12691.89,1.7422,0,1,1,0,0,0
1619.3,-0.3264,0,0,0,0,0,0
3401.4,0.0145,0,0,0,0,0,0
4455.59,0.1277,0,2,0,0,0,0
4466.27,0.9123,0,1,1,0,0,0
2704.63,0.3978,0,2,0,0,0,0
4802.69,0.2809,0,0,0,1,0,0
2265.42,0.1911,0,0,0,1,0,0
2179.5,0.1063,0,1,0,1,0,0
2711.59,0.2747,1,1,0,0,0,0
3389.15,-0.2627,0,0,0,0,0,0
6771.34,0.9384,0,0,0,0,0,0
1596.03,-0.41,0,5,0,0,0,0
2162.72,-0.1533,0,0,0,0,0,0
1997.83,0.0916,0,0,0,0,1,0
3126.15,0.01,0,2,0,0,0,0
4032.9,-0.1275,0,3,0,0,0,0
3297.06,0.4105,0,0,0,0,0,0
3417.26,1.0929,0,0,0,0,0,0
2630.11,0.0616,0,1,0,0,0,0
859.58,-0.0293,0,3,0,0,0,0
6088.31,0.8859,0,0,0,0,0,0
2653.25,0.0725,0,3,0,1,0,0
1097.43,0.4461,0,1,0,0,0,0
8336.34,1.7467,1,2,0,0,0,0
8351.12,0.8624,0,1,0,0,0,0
3065.03,1.1822,0,2,0,0,0,0
3788.96,0.7675,0,2,0,0,0,0
6973.11,0.8284,0,0,0,0,0,0
510.8,-0.2618,0,1,0,0,0,0
4651.71,0.3264,0,0,0,0,0,0
1958.59,1.1979,0,0,0,0,0,0
21620.56,3.3777,0,2,0,0,0,0
2610.87,0.1846,0,0,0,0,0,0
11147.47,1.6489,0,2,0,0,0,0
3906.07,0.1535,0,0,0,0,0,0
2858.61,1.007,1,0,0,0,0,0
4609.31,0.1837,0,5,0,0,0,0
607.85,0.1807,0,0,0,0,0,0
3714.58,0.1365,0,0,0,0,0,0
2981.0,-0.0917,0,1,0,0,0,0
3877.18,-0.1049,0,0,0,0,0,0
6020.36,0.4326,0,0,0,0,0,0
4381.13,0.1023,0,0,0,0,1,0
10246.41,2.2849,0,0,0,0,0,0
1684.97,0.4138,0,1,0,0,1,0
305.95,-0.4012,0,0,0,0,0,0
2977.47,0.0308,0,2,0,0,0,0
1918.29,0.2102,0,0,0,0,0,0
2018.06,-0.2676,0,3,0,0,0,0
11405.95,1.3566,0,1,0,0,1,0
3502.08,2.0186,0,0,0,0,0,0
2865.19,0.4247,0,1,0,0,0,0
2589.29,-0.0162,0,2,0,0,0,0
1315.56,0.071,0,0,0,0,0,0
988.66,-0.1915,0,0,0,0,0,0
3114.77,0.2422,0,0,0,0,0,0
3635.33,-0.1087,0,0,0,0,0,0
3582.72,-0.045,0,3,0,0,0,0
4597.63,0.1569,0,2,0,0,0,0
453.66,-0.1104,0,0,0,0,0,0
3352.94,-0.1064,0,0,0,0,0,0
1556.08,0.1165,0,1,0,0,0,0
1453.74,-0.3444,0,2,0,0,0,0
1963.8,0.3204,0,0,0,0,0,0
2103.02,0.1084,0,3,1,1,0,0
3357.29,0.324,0,0,0,0,0,0
4766.69,0.432,0,0,0,1,0,0
4662.8,-0.0227,0,0,0,0,0,0
1722.43,0.4123,0,0,0,0,0,0
13191.13,3.6949,0,1,0,0,0,0
2232.31,0.1677,0,2,0,1,0,0
1738.68,-0.1248,0,0,0,1,0,0
3273.96,0.9778,1,3,0,0,0,1
856.24,-0.1027,1,1,0,0,0,0
1780.14,-0.3467,0,0,0,0,0,0
5364.94,0.139,0,0,0,0,0,0
2557.79,0.2896,0,1,0,0,0,0
3089.99,-0.0166,0,4,0,1,0,0
7913.45,1.6633,0,1,0,0,0,0
8119.03,0.9966,1,2,0,0,0,0
2655.92,-0.1432,0,3,0,0,0,0
4518.94,0.9965,0,0,0,0,0,0
1292.61,0.6791,0,1,1,0,0,0
11679.76,3.5628,0,4,0,0,0,0
7458.78,1.5973,0,1,0,0,0,0
7134.49,0.8464,0,0,0,0,0,0
2133.37,0.3962,0,0,0,0,0,0
3506.46,-0.2798,0,5,0,0,0,0
4606.19,0.2473,0,4,0,0,0,0
4349.77,-0.0235,0,1,1,0,0,0
1246.51,-0.0962,0,3,0,0,0,0
6987.9,1.7309,0,4,0,0,0,0
4468.24,0.0691,0,0,0,0,0,0
2495.83,-0.4985,0,3,0,1,0,0
6420.07,0.4038,0,0,0,0,0,0
1571.15,-0.3083,0,1,0,0,1,0
2999.56,-0.2487,0,1,0,0,0,0
2772.44,0.2149,0,2,0,0,0,0
4014.49,0.1472,0,0,0,0,0,0
2596.92,-0.1986,0,0,1,0,0,0
5711.21,0.2051,0,2,0,1,0,0
2658.23,-0.0455,0,0,0,0,0,0
2437.88,-0.013,0,4,0,0,1,0
2427.69,-0.1649,1,0,0,0,0,0
3671.08,0.18,0,2,0,0,0,0
907.97,0.3482,0,1,0,0,0,0
3468.41,-0.2798,0,0,0,0,0,0
713.7,-0.191,0,1,0,0,0,0
9479.31,0.9177,0,2,0,0,0,1
4150.07,0.1993,0,3,0,0,0,0
8578.21,1.5291,0,0,0,0,0,0
1987.71,-0.0057,0,0,0,0,0,0
1910.75,-0.047,0,0,0,0,0,0
4498.96,0.2144,0,1,1,0,0,0
1611.58,0.0097,0,1,0,0,0,0
1084.52,-0.4344,0,0,1,0,0,0
1968.6,0.2008,0,3,1,0,0,0
1407.4,-0.2944,1,0,0,1,0,0
6108.59,0.349,0,1,0,0,0,0
747.94,-0.246,0,0,0,0,0,0
2293.36,1.6558,0,1,0,0,0,0
6517.21,1.2257,0,4,0,0,0,0
1704.53,0.5383,0,1,0,0,0,1
1919.84,-0.0742,0,3,0,0,0,0
3971.96,0.6832,0,5,0,0,0,1
5554.48,1.8716,0,0,0,0,0,0
3749.25,0.0977,1,2,0,0,0,0
2752.54,0.2479,0,2,0,0,0,0
627.12,-0.1075,0,3,0,0,0,0
5440.93,0.1019,1,1,0,0,0,0
3348.32,0.0795,0,2,0,0,0,0
2959.99,-0.1017,0,0,0,0,0,0
5036.15,0.2521,0,2,0,0,0,0
2325.85,2.2941,0,0,0,0,0,0
847.21,0.3114,0,2,0,0,0,0
604.29,-0.005,0,7,0,0,0,0
1887.98,-0.073,0,1,0,0,1,0
2521.22,0.1405,0,1,0,0,0,0
3116.9,-0.1365,0,0,0,0,0,0
3027.22,0.2624,0,0,1,0,0,0
4505.01,-0.0989,0,0,0,0,0,0
6337.65,0.4845,0,2,0,1,1,1
1265.95,-0.5609,0,7,0,0,0,0
5870.45,0.2965,0,2,0,0,0,0
13231.81,1.8672,0,5,0,0,1,0
787.12,0.0259,0,0,0,0,0,0
4554.98,0.987,0,0,0,0,0,0
5261.58,0.1076,0,2,0,0,0,0
2907.32,-0.0295,0,1,1,0,0,0
915.19,-0.4735,0,0,0,0,0,0
1086.82,-0.0299,0,0,0,0,0,0
3386.53,0.2357,0,2,0,0,0,0
2317.74,-0.0382,0,0,0,0,0,0
4760.23,0.0952,0,0,0,0,0,0
4668.57,0.3038,0,0,0,0,0,0
3634.15,0.2767,0,3,0,0,0,0
2307.62,0.1779,0,3,1,0,0,0
5372.34,0.0941,0,0,0,0,0,0
13655.24,3.9617,0,2,0,0,0,0
6277.1,1.0179,0,0,0,1,0,0
2132.8,0.2631,0,1,0,0,0,0
1206.88,0.1075,0,4,0,0,0,0
7858.45,2.1163,0,0,0,0,0,0
15042.28,3.1394,1,1,0,1,0,1
3199.86,0.1344,0,2,0,0,0,0
4135.33,0.0945,0,1,0,0,0,0
4434.84,0.1003,0,0,0,0,0,0
1390.71,-0.4305,0,1,0,0,0,0
2802.42,0.1381,0,0,0,0,0,0
3791.61,0.195,0,0,0,1,0,0
5003.59,0.0128,1,1,0,0,0,0
4685.35,1.9722,0,2,0,1,0,0
5550.1,0.2787,0,0,0,0,0,0
741.89,0.0123,0,0,0,0,0,0
6322.06,0.4503,0,0,0,0,0,0
2321.88,-0.2713,0,0,0,0,1,0
2821.41,-0.0633,0,1,0,0,0,0
2531.35,-0.1251,0,1,0,0,0,0
6287.58,1.7597,0,2,0,0,0,0
2067.2,-0.3265,0,0,0,0,0,0
3191.99,-0.1052,0,2,0,0,0,0
2375.5,-0.1785,0,0,0,0,0,0
4454.65,0.3884,0,4,0,0,0,1
710.76,-0.2962,0,2,0,0,0,0
1321.41,0.621,0,0,0,0,0,0
1641.98,0.2087,1,2,0,0,0,1
3229.58,0.0861,0,0,0,1,0,0
2413.91,0.895,0,2,0,0,0,0
3140.19,0.0878,0,0,1,0,0,0
12173.59,1.8846,0,1,0,0,0,0
15859.69,3.1415,0,1,0,0,0,0
2002.29,-0.3232,0,1,0,0,0,0
6250.25,2.2401,0,2,0,0,0,1
4232.81,-0.1021,0,1,0,1,0,0
3211.98,0.0094,0,0,0,0,0,0
518.49,-0.1422,0,1,0,0,1,0
4523.12,0.1369,1,0,0,0,0,0
2991.27,0.5494,0,1,0,0,0,0
7603.98,0.7027,0,0,0,0,0,0
1109.95,-0.2707,0,1,0,0,0,0
16824.39,2.6684,0,0,0,0,0,1
4504.57,0.1653,0,1,0,0,0,0
4849.92,1.1002,0,4,0,1,0,0
2022.2,0.1304,0,0,1,0,0,0
1797.61,0.0439,0,0,0,0,0,0
954.04,-0.3604,0,5,0,0,0,0
3173.77,-0.1967,0,4,0,1,0,0
1637.7,-0.0779,0,0,0,0,0,0
2226.03,0.2854,0,0,0,0,0,0
787.82,-0.2925,0,2,0,0,0,0
1344.88,-0.0406,0,0,0,1,0,0
3067.86,0.2406,0,2,0,1,0,0
1306.77,-0.2946,0,1,0,0,0,0
4832.15,0.2824,0,0,0,1,0,0
5212.44,0.8346,0,3,0,0,1,0
2055.53,0.1352,0,3,0,0,0,0
4752.01,0.0251,0,1,0,0,0,0
1349.99,-0.0531,0,0,0,0,0,0
1862.38,0.0892,0,1,0,0,0,0
1824.91,0.0997,1,2,0,0,0,0
4045.58,0.258,0,1,0,0,0,1
3641.56,0.3609,0,0,0,0,0,0
3875.56,0.0476,0,0,0,0,0,0
2701.9,-0.0388,0,1,0,0,0,0
3089.52,-0.3807,0,0,0,0,0,0
1843.81,-0.0991,0,0,0,0,0,0
2476.42,-0.4389,0,1,0,0,0,0
3318.48,0.6325,0,2,0,0,0,0
4398.57,0.1584,0,2,0,0,0,0
2889.84,-0.2842,1,0,0,0,0,0
4989.58,-0.0011,0,3,0,0,0,0
2048.53,-0.0986,0,1,0,0,0,0
3651.86,-0.083,0,0,1,0,0,0
1031.37,0.3372,0,0,0,0,0,0
1232.69,0.1007,0,0,0,0,0,0
4408.05,1.1159,0,3,0,0,0,0
4654.36,0.1556,0,2,0,0,0,0
2194.77,-0.2742,0,0,0,0,0,0
10062.16,1.0861,0,2,0,0,0,0
940.51,0.0299,0,0,0,0,0,0
4554.44,0.2962,0,1,0,0,0,0
2173.04,1.7204,1,0,1,1,0,0
1391.41,-0.1001,0,0,0,0,0,0
8768.36,1.9891,0,0,0,0,0,0
5388.62,0.1133,0,1,0,0,1,0
1559.92,0.004,1,1,0,0,0,0
2879.92,0.2679,0,0,0,0,0,0
2030.95,-0.0996,0,0,0,0,1,0
3838.59,0.0476,0,1,0,1,1,0
14249.89,2.4051,0,2,0,0,0,1
452.19,-0.2468,0,2,0,0,0,0
3127.52,0.7955,0,1,0,0,0,1
7370.44,1.3388,0,7,0,0,0,0
3017.25,0.4099,0,3,0,0,0,0
2217.57,0.5413,0,0,0,0,0,0
4120.27,0.1781,1,1,0,0,0,0
1915.66,-0.2516,0,3,1,0,0,0
2926.77,-0.3422,0,0,0,0,0,0
1738.37,-0.1404,0,0,0,1,0,0
4346.21,0.9938,0,0,0,0,0,0
3315.56,1.2751,0,0,0,0,0,0
3901.88,-0.03,0,0,0,0,0,0
5038.9,0.413,0,2,0,0,0,0
3756.49,-0.1969,0,1,0,0,0,0
1748.55,-0.2366,0,5,0,1,0,0
7723.04,1.726,0,0,0,0,0,0
1359.49,-0.0351,0,0,0,0,0,0
1343.29,0.4055,0,0,0,0,0,0
3650.52,0.1202,0,0,0,0,0,0
4061.07,0.4091,0,2,0,0,0,0
3177.29,0.3477,0,0,0,0,0,0
1840.86,-0.1991,0,2,0,0,0,0
4015.45,0.2674,0,3,0,0,0,0
5953.94,1.6327,0,0,0,0,0,0
2081.51,-0.0638,0,0,0,0,0,0
2759.11,0.0213,0,0,0,0,0,0
2177.27,0.2454,0,1,0,0,0,0
3348.01,-0.0911,0,3,0,0,0,0
811.33,0.0493,0,1,0,0,0,0
4355.3,0.2661,0,1,0,0,0,0
5257.77,0.1164,0,7,0,0,0,0
5169.03,0.0411,0,1,0,1,0,0
5866.45,0.2299,0,2,1,0,0,0
18194.6,2.8928,1,0,1,0,0,1
2031.85,-0.053,1,0,1,0,0,0
4872.56,0.7775,0,1,0,0,0,0
1454.31,-0.2558,0,1,0,0,0,0
7848.93,0.7879,0,4,1,0,0,1
4817.61,0.002,0,6,0,0,0,0
4755.79,1.0374,0,0,0,0,0,0
7328.27,0.4802,0,0,0,0,0,0
1277.8,0.7852,0,0,0,0,0,0
2374.82,-0.1614,0,2,0,0,1,0
1848.27,-0.0847,0,0,1,0,0,0
2106.31,-0.1527,1,0,0,0,0,0
4222.33,-0.011,0,0,0,0,0,0
3080.84,1.9277,0,0,1,0,0,0
4242.32,0.3364,0,0,0,0,0,0
1646.99,-0.2939,0,4,0,0,0,0
4906.27,0.2383,0,0,0,1,0,0
13674.11,1.7916,0,0,0,0,1,0
3815.79,1.9314,0,1,0,1,0,0
4528.63,0.83,0,3,0,0,0,0
3796.51,-0.2169,0,0,0,0,0,0
2039.13,0.6973,0,0,0,0,0,0
1429.13,0.2067,0,1,0,0,0,0
3870.75,-0.209,0,0,0,0,0,0
4887.31,0.1196,1,0,0,1,0,0
3286.03,3.5195,0,1,0,0,0,0
2031.54,0.5542,0,0,0,0,0,0
1789.32,-0.0496,0,1,0,0,0,0
1703.4,0.6655,0,0,0,0,1,0
4734.48,0.3219,0,0,0,0,0,0
5130.42,1.2046,0,0,0,0,1,0
2945.35,-0.0288,0,0,0,0,0,0
3492.99,1.8676,1,2,0,0,1,1
2582.79,-0.3858,0,4,0,0,0,0
4201.69,-0.1419,0,0,0,0,0,0
3364.48,0.0906,0,1,0,0,0,0
2296.44,-0.1921,0,1,0,1,0,0
3059.44,0.2045,0,0,0,0,0,0
552.55,-0.3995,0,2,0,0,0,0
2975.2,0.8873,0,0,0,0,0,0
11212.41,1.7943,0,1,0,0,0,0
3457.85,-0.2347,0,2,0,0,0,0
3678.49,-0.1245,0,0,0,0,0,0
4646.52,-0.0029,0,0,0,0,0,0
4156.84,0.5188,0,2,0,0,0,0
4525.74,0.4175,1,4,0,0,0,1
3770.44,-0.0199,0,0,0,0,0,0
8858.48,0.9584,1,3,1,0,0,1
1734.12,0.1159,0,3,0,0,0,0
6381.3,0.3052,0,5,0,0,0,0
11132.26,1.6169,0,6,0,0,0,1
6263.56,0.44,0,0,0,0,0,0
2227.5,-0.053,0,0,0,0,0,0
5208.79,0.1162,1,0,0,0,0,0
1100.53,-0.1495,0,2,0,0,0,0
5501.65,0.3289,0,2,0,0,0,0
5470.66,0.1158,0,1,0,0,0,0
4039.7,0.2404,0,6,0,0,0,0
4968.53,0.2071,0,2,0,0,0,0
4226.53,0.1027,0,2,0,0,0,0
5142.75,0.2046,0,0,0,0,0,0
1888.52,-0.0067,0,0,0,0,0,0
7226.24,0.5964,0,5,0,0,1,1
774.54,0.0044,0,1,1,0,0,0
5551.86,0.1485,0,1,0,0,0,0
2496.86,0.0082,0,1,0,0,0,0
1493.07,0.0968,0,3,0,0,0,0
1841.97,-0.144,0,0,1,0,0,0
5032.05,0.2041,0,0,1,0,0,0
1760.53,-0.5048,0,6,0,0,0,0
3942.66,-0.1708,0,3,0,0,0,0
1900.11,0.6849,0,1,0,1,0,0
4179.19,0.1899,1,6,1,0,0,1
4327.82,0.1157,0,0,0,0,0,0
6780.42,0.5855,0,0,1,1,0,1
2331.69,-0.2141,0,0,0,1,0,0
6069.33,0.4574,0,0,0,0,0,0
4849.15,0.1911,0,1,0,0,0,0
2290.59,0.0008,0,1,0,0,0,0
3122.57,0.0294,1,0,1,0,0,0
1776.05,-0.4505,0,0,0,0,1,0
905.14,0.2228,0,3,0,0,0,0
2401.32,0.3423,0,0,0,0,0,0
3452.33,0.9926,0,1,0,0,1,0
2546.47,1.5591,0,0,0,0,0,0
660.85,0.0526,1,3,0,0,0,0
2701.36,-0.2347,0,1,0,0,0,0
5099.95,0.2909,1,0,1,0,0,0
8613.0,0.7944,0,0,0,0,0,0
2660.65,0.6899,0,2,0,0,0,0
7541.48,0.691,0,3,0,0,0,0
1353.19,0.0886,0,0,0,0,0,0
1520.65,-0.3703,0,0,0,0,0,0
1979.69,-0.0796,0,0,0,0,0,0
2861.26,-0.4211,0,1,0,0,0,0
6306.06,0.5737,0,0,0,0,0,0
1638.83,0.1129,1,2,0,0,0,0
3361.89,-0.069,0,0,1,0,0,0
4185.29,0.0122,0,0,0,0,0,0
2470.26,-0.3265,0,0,1,0,0,0
1969.95,-0.0483,0,2,0,0,0,0
2994.13,0.8613,0,0,0,1,0,0
3802.09,-0.129,0,0,0,0,0,0
914.43,-0.4333,0,2,0,0,0,0
3221.1,-0.2798,0,0,0,1,0,0
3097.44,0.1949,0,0,0,0,0,0
5327.78,0.3356,0,3,0,1,1,0
2637.29,-0.2818,0,0,0,0,0,0
3466.75,0.1308,0,2,0,0,0,0
394.31,-0.5185,0,1,1,0,0,0
5423.05,0.3467,0,2,0,0,1,0
4177.05,-0.0569,0,0,0,0,0,0
2636.9,0.1429,0,2,0,0,0,0
5948.16,1.2929,0,0,0,0,0,0
4204.87,-0.041,0,1,0,0,1,0
4289.96,-0.0134,0,4,1,0,0,0
4836.06,-0.0058,0,3,0,0,0,0
11090.99,2.7254,0,0,0,1,0,0
5569.13,1.9146,0,0,0,0,0,0
2861.09,0.3244,0,1,0,0,0,0
2900.52,1.2931,0,2,0,0,0,0
1029.37,-0.2364,0,0,0,0,0,0
505.42,-0.2607,0,0,0,1,0,0
3072.02,-0.1744,1,1,0,0,0,0
766.22,0.3721,1,2,0,0,0,0
9349.41,2.8797,0,0,0,0,0,0
2249.36,1.2928,0,3,0,0,0,0
1200.53,0.0139,0,0,0,0,0,0
2078.74,-0.0505,0,1,0,0,0,0
3388.68,0.1704,0,0,0,0,0,0
8177.15,1.0452,1,0,0,0,0,0
7018.12,0.5115,0,5,0,0,0,0
3637.07,0.1278,0,3,0,0,0,0
7666.82,1.0912,0,1,0,0,0,0
6200.96,0.462,1,0,0,0,0,0
10857.62,2.7535,0,4,1,0,0,1
1394.73,0.0289,0,3,0,0,0,0
3195.31,0.457,0,0,0,0,0,0
2022.49,-0.5602,0,3,0,0,0,0
3901.46,4.9134,0,1,1,1,1,1
2812.58,-0.0688,0,0,0,0,0,0
3213.32,0.0597,0,0,0,0,0,0
1514.85,0.0154,0,0,0,0,0,0
866.62,0.0667,0,1,0,1,0,0
1971.03,0.2134,0,0,0,0,0,0
5080.62,0.1929,0,1,0,0,0,0
1948.79,0.1556,0,0,0,0,1,0
959.91,0.2076,0,0,1,0,0,0
2308.99,-0.1761,1,1,0,0,0,0
3761.72,0.364,0,0,0,0,1,0
3172.34,0.2109,0,4,0,0,0,0
3863.46,-0.1892,0,1,0,0,0,0
5384.21,0.8038,0,4,0,1,0,1
7581.38,1.1111,0,0,1,0,0,0
2877.01,-0.1625,0,0,0,0,1,0
2849.23,0.147,1,2,0,1,0,0
4626.6,0.1191,0,0,0,0,0,0
1547.53,-0.0936,0,3,0,0,0,0
2846.86,-0.0609,0,1,0,0,1,0
4194.4,-0.0085,0,0,0,0,0,0
4437.15,-0.0302,1,0,0,0,0,0
1199.37,-0.1544,0,1,0,1,1,0
4150.66,0.1798,0,1,0,0,0,0
939.86,0.82,0,0,0,0,0,0
804.88,-0.344,0,0,0,0,0,0
711.78,0.1571,0,0,0,0,0,0
1374.51,-0.1904,0,0,0,0,1,0
10039.23,1.4783,0,0,0,0,0,0
3757.0,0.3028,0,1,0,0,0,0
2974.39,0.4354,0,0,0,0,0,0
4738.18,0.1903,0,0,0,0,0,0
1000.06,-0.1472,0,1,0,0,1,0
1688.07,0.1027,0,0,0,0,0,0
3645.37,-0.1647,0,6,0,0,0,0
795.1,0.1465,0,0,0,0,0,0
2126.01,0.6612,0,1,0,0,0,0
9206.43,0.8682,1,0,1,0,0,1
4113.82,0.2176,1,2,0,0,0,0
949.4,-0.1727,0,1,0,0,0,0
1742.54,-0.0094,0,2,0,0,0,0
3951.4,0.0315,0,3,0,0,1,0
1421.3,0.0526,1,1,0,0,0,0
6183.7,1.7925,0,0,0,0,0,0
8460.22,3.169,0,1,1,0,0,0
6142.14,1.7954,0,0,0,0,0,0
4712.85,0.0165,0,1,0,1,0,0
6874.7,0.8162,0,0,0,0,0,0
2922.94,0.0744,0,0,0,0,0,0
5281.85,0.5302,0,0,0,0,0,0
5737.08,0.3932,1,3,0,0,0,0
1678.63,0.0057,0,0,0,0,0,0
2828.94,-0.0439,0,0,0,0,0,0
7600.61,0.7982,0,2,0,0,0,0
3742.41,-0.0277,0,0,0,0,0,0
3024.41,0.1698,0,2,0,0,0,0
3590.82,-0.2725,0,1,0,0,1,0
617.57,-0.1805,0,0,0,0,0,0
750.94,-0.156,0,0,0,0,0,0
7704.62,1.7283,0,0,0,0,0,0
1597.84,-0.3708,0,0,0,0,0,0
2263.91,0.7687,0,1,0,0,0,0
453.25,-0.1907,0,0,0,0,0,0
4296.53,0.1109,0,0,0,0,0,0
2642.23,0.2619,0,0,0,0,0,0
3487.5,-0.0658,0,6,0,0,0,0
2634.64,-0.1022,0,1,0,0,0,0
3120.14,1.1476,1,0,0,0,0,0
3400.89,-0.1281,0,0,0,0,0,0
2511.28,-0.0482,0,1,0,0,0,0
2486.93,0.0749,0,0,0,0,0,0
5261.58,0.0966,0,3,0,0,0,0
1758.18,-0.1521,0,0,0,0,0,0
3835.32,-0.0448,0,1,1,0,0,0
1764.52,-0.0004,0,0,0,0,0,0
4781.92,0.4838,0,2,0,0,1,0
3139.84,-0.0587,0,0,0,0,0,0
1971.1,0.1068,0,0,0,0,0,0
3544.85,0.0938,0,1,0,0,0,0
3261.25,-0.1725,0,0,0,0,0,0
1355.92,-0.0445,0,1,0,1,0,0
3428.89,-0.1074,0,2,0,0,0,0
4299.02,-0.0787,0,1,0,0,0,0
8766.89,1.0426,0,2,1,0,0,0
1732.09,-0.2606,0,0,0,0,0,0
2512.49,1.8869,0,0,0,0,0,0
1551.91,-0.0064,0,4,0,0,0,0
4341.8,0.0556,0,1,0,0,0,0
3092.58,0.3944,0,0,0,1,0,0
489.44,-0.4203,0,0,0,0,0,0
1486.52,0.2305,0,2,0,0,0,0
3574.35,0.0274,0,2,0,0,0,0
5867.81,0.2181,0,6,0,1,0,1
2102.84,0.3128,0,2,0,0,1,0
1969.75,0.1297,0,1,0,0,0,0
4482.15,0.6716,0,1,1,0,0,0
972.28,-0.1261,0,1,0,0,0,0
1814.36,-0.1436,0,0,0,0,1,0
2769.02,0.2071,0,1,0,0,0,0
5539.35,0.3491,0,1,0,1,0,1
661.58,-0.1191,0,0,0,0,1,0
3160.64,0.6202,0,1,0,0,0,0
4899.64,0.0966,0,1,0,0,0,0
7457.19,0.6917,1,3,0,0,0,0
10346.68,1.9123,0,2,0,0,0,0
2369.3,0.6073,0,0,1,0,0,0
5484.34,1.2758,0,2,0,0,0,1
828.16,0.021,0,4,0,0,0,0
3279.34,0.9416,0,0,0,0,0,0
3251.56,-0.0496,0,0,0,0,1,0
3283.42,0.3556,0,4,0,0,0,0
4058.36,0.1027,1,0,0,0,0,0
10054.88,3.192,0,0,0,0,0,0
2367.79,1.5726,0,2,0,0,0,0
4733.23,0.2382,0,1,0,0,0,0
3172.23,-0.2472,0,1,0,0,0,0
4561.29,0.5146,0,0,0,1,0,0
8366.03,1.7802,0,1,0,0,0,0
10705.73,1.6969,0,2,0,0,0,0
11524.11,1.9393,1,0,0,0,0,0
1860.23,0.0452,0,1,0,1,0,0
7546.7,2.3935,0,1,0,0,0,0
4139.28,0.8262,1,0,0,0,0,0
10310.65,1.7032,1,1,1,0,0,0
1578.1,-0.0307,0,5,0,1,0,0
3758.49,-0.1808,0,0,1,0,0,0
1034.55,0.4027,0,1,1,0,0,0
17120.69,6.8262,0,4,0,0,0,1
1184.07,0.2293,0,2,1,0,0,0
2301.49,-0.3438,1,0,0,0,0,0
6676.7,0.4398,0,0,0,0,0,0
1386.52,-0.4743,1,0,0,0,0,0
3383.04,-0.0477,0,0,0,0,0,0
3750.62,-0.1902,0,1,0,1,0,0
3397.52,-0.1745,0,0,0,0,0,0
562.77,-0.0664,0,0,1,0,0,0
2834.5,-0.3444,0,3,0,1,0,0
1794.81,-0.2445,0,2,0,0,0,0
2676.34,-0.1641,0,7,0,0,0,0
4916.68,0.8994,0,5,1,0,0,1
4811.92,0.2107,0,0,0,0,0,0
1121.93,-0.4419,0,0,0,0,0,0
4952.01,0.3544,0,0,0,0,0,0
2367.65,-0.0834,0,3,0,0,0,0
6926.43,1.9784,0,0,0,0,0,0
3133.44,-0.2363,0,1,0,0,0,0
1348.61,-0.5488,0,2,0,0,0,0
4117.0,-0.1213,0,0,0,0,0,0
1818.28,0.0139,0,0,0,0,0,0
2694.96,-0.2806,0,4,0,0,0,0
3461.5,0.4041,0,2,0,0,0,0
1932.4,0.2264,0,1,0,0,0,0
4328.33,1.9602,0,3,0,0,0,0
3715.05,-0.0212,0,0,0,0,1,0
4697.0,0.0288,0,0,0,0,0,0
2435.67,1.003,0,0,0,0,0,0
2823.29,0.3548,1,1,0,0,0,0
2749.38,-0.0538,0,2,0,0,0,0
3747.25,0.0063,0,0,0,0,1,0
3468.17,-0.01,1,1,0,0,0,0
4294.33,0.1894,0,0,1,0,0,0
473.59,-0.2537,0,2,0,0,0,0
1885.47,-0.109,0,1,0,0,0,0
4723.02,0.0876,0,0,0,0,0,0
3343.16,-0.1496,1,0,0,0,0,0
3335.06,0.8554,0,1,0,0,0,0
3330.72,1.8822,0,2,1,0,0,1
11069.0,1.3597,0,0,0,0,0,0
1970.7,-0.1756,0,5,0,0,0,0
3310.11,-0.0037,0,0,1,0,0,0
3061.53,0.4714,0,0,0,0,0,0
8948.21,2.0101,0,0,0,0,0,0
2634.76,0.0091,0,2,0,0,0,0
2281.69,0.145,0,0,0,0,0,0
2992.43,0.4168,0,1,0,0,0,0
2738.95,-0.3244,0,0,0,0,0,0
2687.61,-0.0643,0,2,0,0,0,0
3914.09,-0.0178,0,0,0,0,0,0
5814.51,1.4594,0,1,0,1,0,0
5080.7,0.2014,0,4,0,0,0,0
528.75,-0.2647,0,4,0,0,1,0
2925.1,-0.3621,0,1,0,0,0,0
1309.71,-0.1864,0,1,0,0,1,0
14627.62,2.6152,1,2,0,1,0,1
2362.64,-0.1599,0,1,0,1,0,0
13323.67,1.8639,0,0,1,0,1,1
2654.4,0.1112,0,1,0,0,0,0
2252.29,0.0823,0,1,1,0,1,0
1127.92,-0.1168,0,0,0,0,0,0
3513.06,0.9598,0,3,0,1,0,1
3086.83,-0.139,0,1,0,0,0,0
1982.84,-0.0133,0,0,0,0,0,0
5560.49,1.4245,0,0,0,0,0,0
2721.59,0.054,0,0,0,0,0,0
4078.73,-0.1171,0,0,0,0,0,0
688.34,0.053,0,1,0,0,0,0
2563.49,-0.0761,0,0,0,0,0,0
4896.89,0.352,0,1,0,0,0,0
4082.99,0.6521,1,0,0,0,1,1
2894.46,0.0582,0,0,0,1,0,0
3740.86,0.2996,0,0,0,0,0,0
3000.24,0.0185,0,0,0,0,0,0
1836.53,0.0034,0,1,0,0,0,0
754.0,-0.1311,0,0,0,0,0,0
3334.68,0.2516,1,0,0,0,0,0
20192.74,3.2231,0,1,1,0,0,0
10875.73,2.5162,0,0,0,0,0,0
1367.0,0.1833,1,1,0,0,1,0
2097.21,0.0284,0,2,0,0,0,0
1548.81,0.0416,1,0,0,0,0,0
4792.54,0.0038,0,0,0,0,0,0
944.36,0.043,0,0,0,1,0,0
6045.53,0.4063,0,1,0,0,1,0
1153.29,-0.0275,0,1,0,0,0,0
3273.57,-0.249,0,5,0,0,0,0
3429.59,1.2522,0,1,0,0,0,0
2676.15,0.1171,0,1,1,0,0,0
2877.72,-0.0457,0,3,0,0,0,0
1862.45,-0.0985,0,1,0,0,0,0
3493.56,-0.2637,0,0,0,0,0,0
5855.8,0.2476,0,3,0,1,0,0
8817.13,1.387,0,1,0,0,0,0
3254.79,0.1181,0,2,0,0,0,0
2112.29,0.2326,0,3,0,0,0,0
2692.9,-0.0631,0,0,0,0,0,0
2215.7,0.0058,0,4,0,0,0,0
3194.86,0.3794,0,5,0,0,0,0
866.7,-0.4929,0,1,0,0,0,0
1779.67,1.1988,0,1,0,1,0,0
1034.14,0.0521,0,1,0,0,0,0
4448.26,0.0105,0,1,0,0,0,0
2092.41,-0.0716,0,1,0,0,0,0
1899.99,-0.3374,1,1,0,1,0,0
5118.86,1.7133,0,0,0,0,0,0
2884.65,-0.112,0,1,1,0,0,0
2834.02,-0.0513,0,1,1,0,1,0
613.77,-0.25,0,0,0,0,0,0
4379.43,0.1366,1,5,0,0,0,1
3915.41,0.2199,0,0,0,0,1,0
2809.79,1.7683,0,2,0,0,0,0
2881.64,1.5498,0,0,0,0,0,0
5298.87,1.9394,0,0,0,0,0,0
6511.2,0.733,0,1,0,0,0,0
4045.7,0.2666,0,0,0,0,0,0
740.04,-0.4491,1,0,0,0,0,0
3080.83,0.3062,0,0,0,0,0,0
5031.28,0.1117,0,1,0,0,0,0
2670.36,2.858,1,0,0,0,0,1
4329.17,0.3412,0,0,0,0,0,0
1172.23,-0.0311,0,1,1,0,0,0
3284.62,0.0981,0,2,0,0,0,0
2852.05,0.1201,0,0,0,0,0,0
4326.71,0.6316,0,0,0,0,0,0
5429.5,1.6832,0,1,0,1,0,0
3832.81,0.0789,0,1,0,1,0,0
3247.11,2.1498,0,0,0,0,0,0
3732.8,-0.171,1,1,0,0,0,0
4834.39,0.9887,0,2,0,0,0,0
1947.36,0.009,0,5,0,0,0,0
1494.8,-0.2302,0,0,0,0,1,0
2754.49,0.1524,1,1,1,0,1,0
635.48,-0.1537,1,0,1,1,0,0
3089.31,0.12,0,0,0,0,1,0
5719.99,0.3828,1,0,0,0,0,0
5490.16,0.1505,0,1,0,0,0,0
1231.43,0.1024,1,2,0,0,0,0
2669.26,-0.383,0,0,0,0,0,0
6868.06,1.0894,1,0,0,0,0,0
3199.52,0.2417,0,0,0,0,0,0
16109.24,3.223,1,0,0,0,0,0
2424.01,-0.2252,0,0,1,0,0,0
3152.16,0.3272,0,3,0,0,0,0
1949.71,-0.5569,0,0,0,0,0,0
5616.15,1.0128,0,0,0,0,0,0
1666.66,0.0404,0,1,0,0,0,0
1899.16,-0.4113,0,0,1,0,0,0
2968.36,-0.1074,0,1,0,0,0,0
3980.68,1.0701,0,1,0,0,1,0
5480.15,0.2871,0,0,0,0,0,0
3866.52,1.9969,0,2,0,0,0,0
4547.95,0.031,0,1,0,0,0,0
5847.65,0.1731,0,0,1,0,0,0
3019.28,-0.1412,0,2,0,0,0,0
5184.51,1.8279,0,1,0,0,0,0
3467.68,-0.0139,1,2,0,0,0,0
2321.73,-0.2681,0,2,1,1,0,0
1188.68,0.2087,0,0,0,0,0,0
3917.55,0.2713,0,0,0,0,0,0
4674.25,0.2067,0,4,1,0,0,0
2430.23,-0.3678,0,4,0,0,0,0
5169.07,1.7182,0,2,0,0,0,0
4690.99,0.1055,0,0,0,0,0,0
1969.81,0.1722,0,1,0,0,0,0
997.38,-0.0117,0,2,0,0,0,0
999.46,-0.2025,0,1,0,0,0,0
2988.24,0.2017,0,0,0,0,0,0
5421.2,0.0942,0,0,0,0,0,0
6455.92,0.7248,0,1,1,0,0,1
4035.04,-0.1773,0,0,1,0,0,0
723.98,-0.1296,0,1,0,0,0,0
3903.33,-0.185,0,1,0,0,0,0
4123.71,0.1282,0,0,0,0,0,0
2161.82,0.0434,0,0,0,0,0,0
6695.17,1.2215,1,0,0,0,0,0
2005.53,-0.2417,0,1,0,0,0,0
846.19,-0.1628,0,0,1,0,0,0
1883.42,0.3304,0,1,0,0,0,0
1198.57,-0.3488,1,1,0,0,0,0
3068.25,0.0102,0,3,1,0,0,0
1322.7,0.1142,0,0,0,0,0,0
1001.13,0.6504,0,0,0,0,1,0
1685.89,-0.3191,0,0,0,0,0,0
1707.0,-0.2247,0,4,0,0,0,0
3217.74,0.1584,0,1,0,0,0,0
1508.72,-0.5041,0,1,0,0,0,0
1706.2,-0.1412,0,0,0,0,0,0
2847.77,1.8312,0,0,0,0,0,0
2847.16,0.0866,0,0,0,0,0,0
4598.6,0.1345,0,0,0,0,0,0
2131.76,-0.0733,0,0,0,0,0,0
1917.18,-0.5332,0,1,0,0,0,0
3158.13,-0.0007,0,0,0,0,0,0
5844.11,0.3619,0,0,0,0,0,0
3820.18,-0.0114,0,3,0,1,0,0
2770.28,-0.0081,0,3,0,0,0,0
1083.29,-0.6023,0,2,0,0,0,0
3878.56,-0.1006,0,1,0,0,0,0
4296.41,0.2118,0,0,0,0,0,0
886.36,0.0537,0,0,0,0,0,0
1233.03,0.102,0,0,1,0,0,0
3243.88,-0.2393,0,3,0,0,0,0
10365.96,1.3498,0,0,0,0,0,0
822.14,0.1176,0,0,0,0,0,0
19156.2,3.9696,0,1,0,0,0,0
2027.81,-0.1821,0,3,0,0,0,0
1756.75,-0.0049,0,0,0,0,0,0
3039.16,-0.0101,0,2,0,0,1,0
2968.75,-0.247,0,3,0,0,0,0
3834.07,-0.0164,0,1,0,0,0,0
3538.21,-0.1591,1,0,0,0,0,0
1756.12,-0.3311,0,0,0,0,0,0
1894.34,-0.2365,0,0,0,0,0,0
2588.07,0.0579,0,5,1,0,0,0
546.1,-0.3499,1,4,1,0,0,0
4022.28,0.321,0,5,0,0,0,0
827.18,-0.1139,0,0,0,0,0,0
4053.61,0.9125,0,2,0,0,0,0
3147.14,-0.0575,0,4,0,0,0,0
2295.6,-0.0164,0,0,0,0,0,0
4909.45,-0.0166,0,1,0,0,0,0
704.23,0.0219,0,1,1,0,0,0
3558.86,0.1118,0,3,0,0,1,0
987.98,-0.1464,0,0,0,0,0,0
4460.87,0.1797,0,0,0,0,0,0
2302.25,0.7689,0,0,0,0,0,0
20404.91,3.5209,0,0,0,0,0,0
3698.68,0.2944,0,0,0,0,0,0
1330.89,1.589,0,1,0,0,0,0
7511.02,1.8357,0,0,0,0,0,0
3060.7,-0.3844,0,0,0,0,0,0
4731.18,0.5526,0,1,0,1,0,0
4752.45,0.0667,0,1,0,0,0,0
3695.94,0.3055,0,1,0,0,1,0
1367.68,0.0523,1,1,0,0,0,0
10534.11,1.2299,0,0,0,0,0,0
3872.35,-0.0549,0,2,0,0,0,0
3187.93,-0.2781,0,0,0,0,0,0
2233.27,-0.161,0,2,0,0,0,0
3807.05,0.398,0,2,0,1,0,0
2971.95,-0.063,0,0,0,0,0,0
2109.93,0.365,0,0,0,0,0,0
1873.68,0.6157,0,1,0,0,0,0
1502.59,1.101,1,0,0,0,1,0
9397.9,1.1861,0,3,0,0,0,0
3638.89,-0.111,0,7,0,0,1,0
3662.07,-0.0544,0,0,0,1,0,0
858.49,0.0586,0,3,0,0,0,0
1641.91,0.4128,0,0,0,0,0,0
3548.63,0.1765,0,0,0,0,0,0
9433.31,2.0774,0,0,0,1,0,0
2557.28,-0.0367,0,0,1,0,0,0
3373.98,-0.3225,0,3,0,0,0,0
2256.22,-0.1252,0,2,0,0,0,0
16892.17,2.522,0,0,0,0,0,0
6396.54,0.379,0,1,0,0,0,0
4161.87,1.2828,0,2,0,0,0,0
27734.36,8.2564,0,4,0,0,1,1
4369.91,0.028,0,1,0,0,0,0
4647.46,0.1389,0,0,0,0,0,0
1680.95,-0.0392,0,2,0,0,0,0
5779.59,0.4108,0,0,0,0,0,0
4083.81,0.7912,1,3,1,0,0,1
568.88,0.0509,0,1,0,0,0,0
3546.11,-0.1395,0,3,1,0,1,0
4275.33,0.1877,0,1,0,0,0,0
774.36,0.5257,0,0,0,0,0,0
1987.7,0.3865,0,1,1,0,0,1
3920.89,0.4891,0,0,0,0,0,0
4188.72,0.0288,0,0,0,1,0,0
682.61,0.0584,0,3,0,0,0,0
3156.27,-0.0925,0,0,0,0,0,0
2052.86,0.0285,0,0,0,0,0,0
5042.21,0.0851,0,0,0,1,0,0
2823.36,0.0965,0,0,0,0,0,0
2874.1,0.0606,0,1,0,0,0,0
1337.24,-0.5015,0,0,1,1,0,0
3649.98,-0.0155,0,2,0,0,0,0
5989.92,0.2274,0,1,0,0,0,0
2173.02,-0.0131,0,1,0,0,0,0
2495.72,1.2093,1,2,0,1,0,1
1930.48,-0.1809,0,3,0,0,0,0
2478.06,-0.3099,0,2,0,0,0,0
12014.69,1.7269,0,0,0,0,0,0
1544.09,-0.0144,0,1,0,0,0,0
4965.49,0.1213,1,1,0,0,0,0
1698.47,1.1734,1,2,0,0,0,0
820.13,0.4199,0,1,0,0,0,0
1182.2,-0.4145,0,0,0,0,0,0
6296.63,0.2687,1,0,0,0,0,0
3689.76,0.2062,1,0,0,1,0,1
4706.11,0.8527,0,1,0,0,0,0
5876.28,0.2101,0,0,0,0,0,0
2463.31,-0.0183,1,0,0,0,0,0
1002.95,-0.307,0,0,0,0,0,0
1666.75,0.0202,0,1,0,0,0,0
1983.23,0.0746,0,1,0,0,0,0
937.6,0.0021,0,0,0,0,0,0
8548.55,1.478,0,1,0,0,0,0
1276.88,-0.0064,0,1,0,0,0,0
2143.22,-0.0261,0,2,0,0,1,0
5789.53,0.2678,0,1,1,0,0,0
2310.43,0.0258,0,0,0,0,0,0
7293.21,0.524,1,4,0,0,0,0
858.49,0.1147,0,3,0,0,0,0
3868.76,3.3349,0,1,0,1,0,0
872.34,0.2565,0,0,0,0,0,0
10268.35,1.1987,0,3,0,0,0,0
819.44,-0.0211,0,0,0,0,0,0
3940.62,0.174,0,1,0,0,0,0
6019.65,0.2131,0,1,0,0,0,0
1268.64,-0.3702,0,0,0,0,1,0
1404.35,-0.259,1,1,0,0,0,0
2823.68,-0.2437,0,2,0,0,1,0
5940.89,2.7489,0,5,0,0,0,0
3924.41,0.1899,0,1,0,0,0,0
878.16,-0.0573,0,0,0,0,0,0
3721.13,-0.0448,0,2,0,0,0,0
1291.11,0.1169,0,1,0,0,0,0
5134.83,1.8681,0,4,0,0,0,0
3706.9,0.7443,1,0,1,1,1,1
4007.18,-0.1066,0,4,0,0,0,0
2893.51,0.1911,0,1,0,0,0,0
7439.09,1.3016,0,1,1,0,0,0
1056.43,-0.2633,0,1,0,0,0,0
3617.3,-0.0813,0,0,0,0,0,0
2327.39,0.3182,0,3,0,0,0,0
3376.71,1.0024,0,5,0,0,0,0
4990.91,0.2195,0,2,0,0,0,0
5112.17,0.2743,0,1,0,1,0,0
3524.32,0.1745,1,1,0,0,0,0
841.16,-0.0135,0,1,0,0,0,0
3162.57,0.1812,0,0,0,0,0,0
3207.34,0.0348,0,0,0,0,0,0
5352.15,0.1175,0,1,0,0,1,0
1801.51,0.0189,0,0,0,0,0,0
2250.0,-0.0614,0,2,0,0,0,0
10544.26,2.792,0,1,0,1,0,0
6896.98,2.0353,0,3,1,0,1,1
4517.22,0.1819,0,3,0,0,0,0
4246.06,1.1274,0,0,0,0,0,0
3524.29,-0.0792,0,1,0,0,0,0
2805.52,0.0706,0,3,0,0,1,0
1078.23,0.0741,0,3,0,0,0,0
3066.89,0.2168,0,0,0,0,0,0
5175.79,0.7242,0,1,0,0,0,0
3202.87,1.8223,0,0,0,0,0,0
1578.62,0.076,1,1,0,0,1,0
2125.87,-0.4872,0,2,0,0,1,0
5292.85,0.2187,0,7,0,0,0,0
1222.02,0.3913,0,0,0,0,0,0
4953.48,1.8513,0,0,0,0,0,0
2135.77,-0.0731,0,0,0,0,0,0
1781.64,0.078,0,4,1,0,0,0
2215.58,-0.0849,1,0,0,0,0,0
3255.72,0.2145,0,0,0,0,0,0
5213.33,0.3118,0,0,0,0,0,0
3068.51,0.1375,0,2,0,0,0,0
11219.64,1.5907,0,0,1,0,0,0
2896.78,0.536,0,0,0,1,1,0
967.17,0.0967,1,0,0,0,0,0
9608.43,3.6675,0,0,0,0,0,0
4399.47,3.1788,0,0,0,0,0,0
1797.28,-0.046,0,2,0,0,0,0
2121.66,0.2005,0,3,0,0,0,0
10796.01,1.2668,0,2,0,0,0,0
3308.6,0.2189,0,4,0,0,0,0
4859.66,0.4086,0,1,0,0,0,0
3028.57,-0.2679,0,0,0,1,0,0
4019.77,-0.0469,0,1,0,0,0,0
1343.18,0.0677,0,3,0,0,0,0
1923.48,-0.3359,0,6,1,0,0,0
5905.67,0.2346,0,1,0,0,0,0
3678.28,-0.2047,0,1,0,0,0,0
5523.43,0.2442,0,0,0,0,0,0
4162.51,0.1505,0,1,0,1,0,0
4731.12,0.0742,0,0,0,1,1,0
3145.1,1.8608,0,3,0,0,0,1
3574.47,0.0257,0,0,0,0,0,0
2211.34,0.8271,0,2,0,0,0,0
4302.37,-0.0099,0,1,0,0,0,0
849.84,-0.1071,1,6,0,0,0,0
2849.67,0.0649,0,0,0,0,0,0
8547.44,1.0001,0,0,0,0,0,0
1847.37,-0.5498,1,0,0,0,0,0
3585.9,0.375,0,4,0,0,0,0
3108.47,0.0282,0,3,0,0,0,0
7808.33,3.0755,0,0,0,0,0,0
2318.03,-0.0522,1,1,0,1,0,0
6271.31,0.3396,0,2,1,0,1,0
2977.11,0.3496,0,0,0,0,0,0
8430.28,0.6957,0,2,0,0,0,0
1305.95,-0.0626,0,2,0,0,1,0
4109.22,-0.0535,0,0,0,0,0,0
3229.17,0.5148,0,0,0,0,0,0
6391.17,1.6054,0,1,0,0,1,0
1666.65,-0.1396,0,4,0,0,0,0
3120.62,0.1226,0,0,0,0,1,0
2504.43,-0.1163,0,0,0,0,0,0
12166.71,1.6634,0,0,1,0,0,0
9342.74,1.7019,0,0,1,0,1,0
4377.47,0.3173,1,0,0,1,0,0
3075.92,0.1396,0,0,1,0,0,0
2048.87,-0.2952,0,2,0,0,0,0
5159.34,0.3786,0,0,0,0,0,0
726.93,-0.3593,0,4,0,0,0,0
4274.57,0.1863,0,2,0,0,1,0
1264.82,1.3982,0,0,0,0,0,0
3310.1,-0.0046,0,1,1,0,0,0
3150.55,-0.2487,0,0,0,0,0,0
18028.27,3.8948,0,0,0,0,1,0
1921.59,0.0489,0,3,0,0,0,0
3344.08,0.0312,0,0,0,0,0,0
580.08,-0.0461,0,1,0,0,0,0
4386.16,0.066,0,0,0,1,0,0
612.23,-0.1573,0,0,0,0,0,0
3982.43,0.2923,1,0,1,0,1,0
1775.21,-0.2998,1,2,0,0,0,0
11236.98,4.751,1,1,0,0,0,1
4437.87,-0.0457,0,0,0,0,1,0
2297.44,-0.1748,0,2,0,0,0,0
842.78,-0.1231,0,0,0,1,0,0
10069.2,2.5136,0,4,0,1,0,0
3447.15,0.03,0,2,0,0,0,0
4373.92,0.2073,1,1,0,0,0,0
1239.82,0.167,1,1,0,1,0,0
2235.08,-0.171,0,0,0,0,0,0
2844.89,-0.1004,0,0,0,0,0,0
4536.06,0.2647,0,3,0,0,0,0
3245.25,0.0873,0,0,0,0,1,0
2504.45,-0.0091,0,0,0,0,0,0
1823.12,-0.1963,0,4,1,0,0,0
13035.08,1.8784,0,0,0,0,0,0
4744.07,0.0307,0,0,0,0,0,0
1162.68,0.3205,0,3,0,0,0,0
2839.83,1.3514,0,2,1,0,0,0
4242.78,0.3801,0,1,0,1,0,1
1803.13,0.0201,1,1,0,1,0,0
2466.29,1.905,1,0,0,0,0,0
5426.98,1.1376,0,0,0,0,0,0
1789.15,0.056,0,1,0,0,0,0
2749.92,-0.435,0,1,0,0,0,0
12250.15,1.471,0,0,0,0,0,0
1908.72,0.2261,0,0,0,0,0,0
1653.49,-0.085,0,0,0,0,0,0
3649.42,0.5584,0,0,1,0,0,0
10255.52,1.315,0,1,0,0,0,0
2871.14,1.449,0,0,0,0,0,0
1674.88,0.5997,0,1,0,0,0,0
896.63,-0.2267,0,0,0,0,0,0
4927.66,0.0347,0,0,1,1,0,0
7913.38,3.9727,0,0,0,1,0,0
4229.1,-0.0025,0,3,0,0,1,0
2013.4,-0.024,0,1,1,0,0,0
5119.99,0.5842,0,1,0,0,0,0
808.18,0.322,0,0,0,0,0,0
7002.16,0.7244,0,1,0,0,0,0
3480.92,0.6692,0,4,0,0,0,1
2344.04,0.1737,0,2,1,0,0,0
3867.2,1.8838,0,1,0,0,0,0
1274.19,0.0309,0,0,0,0,0,0
3657.87,-0.1806,0,0,0,0,0,0
3395.29,0.2095,0,0,0,1,0,0
935.92,0.0016,0,0,0,0,0,0
778.44,0.0433,0,3,0,0,0,0
1581.57,-0.0566,0,0,0,0,0,0
5841.03,0.2501,0,0,0,0,0,0
2168.8,-0.045,0,6,0,0,0,0
11156.27,1.7575,0,0,0,0,0,0
2489.45,0.0897,0,2,0,0,0,0
1173.66,0.1107,0,0,0,0,1,0
542.46,-0.3255,0,1,0,0,0,0
2015.82,0.8206,0,3,0,1,0,1
1219.23,0.088,0,0,0,0,0,0
4170.81,0.0339,0,0,0,0,0,0
2828.25,3.0941,1,0,0,0,0,0
657.19,0.1083,0,0,0,0,1,0
1099.99,0.049,0,1,0,0,0,0
2368.56,-0.4421,1,0,0,0,0,0
830.01,-0.2284,0,2,0,1,0,0
4877.17,0.4634,0,0,0,0,1,0
3139.91,-0.2138,0,0,0,0,0,0
3940.66,0.0053,0,3,0,0,0,0
3995.78,-0.0641,0,3,0,1,1,0
6580.8,0.5765,0,1,0,0,0,0
5309.71,0.5534,0,5,1,0,0,1
1360.85,0.1731,0,0,0,0,0,0
4599.25,0.3254,0,2,0,0,0,0
1154.8,0.1397,0,1,0,0,0,0
3167.38,-0.0736,0,0,0,0,0,0
510.46,-0.0125,0,0,0,0,0,0
8391.23,2.315,0,5,0,0,0,0
2820.1,0.2131,0,0,0,0,0,0
2250.72,0.1368,0,0,0,0,0,0
1590.48,0.0907,0,0,0,0,0,0
574.43,-0.2317,0,0,0,0,0,0
2952.69,0.0798,0,0,0,0,0,0
3901.84,0.1682,0,0,0,0,0,0
10984.0,1.2325,0,0,0,0,0,0
3256.58,2.6868,0,0,0,0,0,1
732.19,0.187,0,1,0,0,0,0
6020.27,0.2864,0,0,0,0,0,0
8106.74,0.7547,1,5,0,1,0,1
8338.23,2.8902,0,3,0,0,1,0
2186.03,-0.2114,0,1,0,0,0,0
2779.01,0.914,0,1,0,0,0,0
1359.8,-0.4042,0,3,1,0,0,0
4932.22,0.179,0,2,0,0,0,0
3948.51,0.06,0,1,0,0,0,0
4561.88,2.9982,0,2,1,0,0,1
4866.31,0.2282,0,0,0,0,0,0
749.67,-0.0869,0,0,0,0,0,0
11576.08,1.7723,0,0,0,0,0,0
1588.47,0.2193,0,1,0,0,0,0
14557.51,3.7062,0,0,0,0,0,0
4063.17,0.1814,0,0,0,0,0,0
3103.24,0.2419,0,2,0,0,0,0
4670.37,0.0694,0,7,0,0,0,0
2742.31,1.9658,0,0,1,0,0,0
10363.45,3.3945,1,1,0,1,0,1
3931.17,-0.1734,0,7,1,0,0,0
4337.1,0.1772,0,2,0,0,0,0
2639.78,-0.4517,0,2,0,0,1,0
3179.8,-0.074,0,1,0,0,0,0
6192.52,1.1027,1,0,1,0,0,0
1175.44,0.3353,0,0,0,0,0,0
1159.18,0.524,0,2,0,0,0,0
2015.44,1.1217,0,2,0,1,0,0
3993.15,0.2584,0,3,0,0,1,0
4910.16,0.762,0,1,0,0,0,0
6715.84,2.4187,0,5,0,0,0,1
1401.84,-0.0435,0,2,0,0,0,0
631.48,0.1859,0,2,0,0,0,0
3071.79,0.3151,1,1,1,0,0,0
3873.98,1.6486,0,0,0,0,0,0
11651.41,2.2099,0,5,0,0,0,1
3244.28,-0.0282,0,0,0,0,0,0
7110.55,0.9123,0,0,0,0,0,0
3081.64,0.1081,0,5,0,0,0,0
1389.89,0.0229,0,1,1,0,0,0
3572.18,0.6362,0,0,0,0,0,0
1861.8,0.5611,0,0,0,0,0,0
651.42,0.1128,0,0,0,0,0,0
3439.27,-0.1988,0,5,0,0,0,0
3862.99,0.199,0,0,0,0,0,0
3636.64,0.1482,0,0,0,0,0,0
5258.6,0.0753,0,0,0,0,0,0
6371.69,0.5143,0,1,0,0,0,0
2453.73,-0.1086,0,1,0,0,0,0
1601.17,-0.568,0,0,0,0,0,0
1960.1,0.5029,0,0,0,0,1,0
5292.01,1.9839,0,1,1,0,0,0
1339.36,0.6484,0,1,0,1,0,1
1918.06,0.3273,0,0,0,1,1,0
6877.77,0.5602,0,0,0,0,0,0
5770.2,0.2456,0,1,0,0,0,0
1847.92,-0.54,0,3,0,0,1,0
2573.63,0.1429,0,1,0,0,0,0
2659.52,0.6253,1,3,0,0,0,0
1637.27,0.1294,0,0,0,0,0,0
12003.58,1.4794,0,1,0,1,0,0
1551.13,-0.0543,0,4,0,0,0,0
4126.22,0.348,0,0,0,0,0,0
5490.34,0.1396,0,0,0,0,0,0
3338.67,0.2423,0,3,0,0,0,0
18722.99,3.3904,0,0,0,0,0,0
2815.45,-0.3815,0,0,0,1,0,0
1279.26,0.0118,0,0,0,0,0,0
3548.51,0.0228,0,0,0,0,0,0
631.25,-0.108,0,3,0,0,0,0
7032.49,1.3709,0,0,0,0,0,0
1305.27,-0.0691,0,2,0,0,0,0
5260.36,0.1627,0,0,0,0,0,0
2491.91,-0.2938,0,0,0,0,0,0
2784.74,-0.3029,0,0,1,0,0,0
1978.18,2.3099,0,0,1,1,0,0
2434.41,-0.1673,1,0,0,0,0,0
4882.76,0.7815,0,3,0,0,0,0
2622.51,-0.1124,0,1,0,0,1,0
5295.5,0.5281,0,2,0,0,0,0
3434.5,0.9831,0,0,0,0,0,0
2977.47,2.1232,0,2,0,0,0,0
715.75,0.1008,0,1,0,0,0,0
3542.59,-0.2813,0,5,0,0,1,0
3623.46,1.8724,0,4,0,0,0,0
2409.92,-0.2828,1,0,0,0,0,0
2199.09,-0.4417,0,0,0,0,0,0
978.69,-0.1346,0,0,0,0,0,0
3489.23,0.3808,0,0,0,0,0,0
952.6,-0.1699,0,3,0,0,0,0
3148.73,-0.0274,0,7,0,0,0,0
12921.67,1.8705,0,0,0,0,0,0
5944.47,0.2139,0,3,0,0,1,1
2195.06,1.8785,0,0,0,0,0,0
1610.36,-0.2022,0,0,0,0,1,0
13284.9,1.8566,0,1,0,0,0,0
1393.13,-0.0822,0,2,0,0,0,0
3400.54,-0.2306,0,0,0,0,0,0
2458.43,-0.4702,0,5,0,0,0,0
5692.75,0.303,0,1,0,0,0,0
7368.6,0.4845,0,0,0,0,0,0
4154.94,0.5578,0,0,0,0,0,0
4302.65,0.3445,0,0,1,0,0,0
2914.46,0.1316,0,2,0,0,0,0
2135.59,0.2417,0,0,1,0,0,0
1338.29,-0.0078,0,1,0,0,0,0
4543.42,1.1914,0,2,0,0,0,0
4683.5,0.3035,0,1,0,0,0,0
1214.11,-0.3359,0,1,0,0,0,0
2508.39,-0.0265,0,0,0,0,0,0
1711.94,-0.311,0,7,1,0,0,0
4051.9,-0.0848,0,1,0,0,0,0
5312.68,0.3344,0,0,0,1,0,0
928.23,0.2617,0,2,0,0,0,0
1252.31,0.5149,0,1,0,0,0,0
2176.1,-0.4095,1,3,0,0,0,0
4884.34,0.4824,0,0,0,0,0,0
2562.01,0.8356,0,2,0,0,0,1
1915.46,0.2301,0,0,0,1,0,0
2927.56,2.8945,1,2,0,0,0,1
4073.82,0.0752,0,2,0,0,0,0
1757.41,-0.441,0,1,0,0,0,0
1821.58,-0.1769,0,0,0,0,0,0
2109.2,-0.1468,0,6,0,0,0,0
3440.61,-0.2299,0,0,0,0,0,0
6102.73,0.2493,0,0,0,0,0,0
3789.62,1.2051,0,0,0,0,0,0
665.16,-0.2889,0,0,0,0,0,0
4312.5,-0.0729,0,0,0,0,0,0
12394.37,1.8337,0,1,0,0,0,0
4394.33,-0.0893,0,0,0,1,1,0
2564.04,-0.0188,0,2,0,0,0,0
5367.73,0.2126,1,2,0,0,0,0
5053.23,0.6773,0,0,0,0,0,0
6427.35,1.3658,0,2,1,0,1,1
2776.5,-0.0924,0,4,0,0,1,0
4133.69,0.0693,0,0,0,0,0,0
4585.29,-0.0261,0,6,0,0,0,0
5365.07,1.7328,0,2,0,0,1,0
5455.31,0.9482,0,2,0,0,0,0
5771.6,0.3301,1,0,0,0,0,0
5763.2,0.4898,0,1,0,0,0,0
7622.98,0.6162,0,0,0,0,0,0
10948.26,1.7306,0,1,0,0,0,0
2712.86,0.1543,0,0,1,0,0,0
5102.55,0.1178,0,4,0,0,0,0
4393.46,0.3214,0,0,0,0,0,0
8256.41,1.165,0,1,1,1,0,0
3257.52,0.0266,0,2,0,0,0,0
3280.54,-0.0149,0,0,0,0,0,0
766.7,0.3297,0,0,0,0,0,0
511.22,-0.1985,0,0,0,0,0,0
4782.5,-0.0176,0,1,0,0,0,0
5763.54,0.1686,0,3,0,0,0,0
880.84,-0.078,0,0,0,0,0,0
955.38,-0.1303,0,2,0,0,0,0
3318.78,-0.0816,0,2,0,0,1,0
4039.62,0.7163,0,0,0,0,1,0
8584.91,0.8492,0,2,0,1,0,1
4462.14,0.1149,0,0,0,0,0,0
11888.3,1.6506,0,0,0,0,0,0
2206.63,-0.0756,0,2,0,0,0,0
3813.98,-0.0803,0,0,0,0,0,0
5656.5,1.2035,0,0,0,0,0,0
10491.53,1.819,0,0,0,0,0,0
2463.14,0.1458,0,1,0,0,0,0
7825.53,1.9317,0,0,0,0,0,0
7941.08,0.7406,0,0,0,1,0,0
3300.91,-0.0164,0,0,1,0,0,0
2073.47,-0.1883,0,2,1,0,0,0
4871.63,0.2835,0,0,0,0,0,0
18298.57,3.3875,1,2,0,0,0,0
2935.58,-0.3414,0,0,0,0,0,0
1427.73,0.1185,0,0,0,0,0,0
3115.15,0.0388,0,2,0,0,0,0
1616.9,-0.1175,0,1,0,0,1,0
4084.66,0.0718,0,3,0,0,0,0
6349.83,1.4188,0,0,1,0,0,0
4129.17,0.2605,0,2,0,0,0,0
1200.41,0.1227,0,6,0,0,0,0
2600.92,1.6421,0,1,0,0,0,0
2284.47,-0.2898,1,0,0,0,0,0
10668.63,2.375,1,1,0,0,1,0
2637.72,-0.2704,0,1,0,0,0,0
3046.0,0.0035,1,2,0,0,0,0
4120.8,1.1063,0,1,0,0,0,0
3951.54,-0.1507,0,2,0,0,0,0
3621.01,-0.0252,0,0,0,0,0,0
19919.65,6.7995,1,1,0,1,0,1
1725.04,1.7703,0,1,0,0,0,0
8917.93,1.3553,0,1,0,0,0,0
2819.25,0.2489,0,0,0,0,0,0
4210.57,-0.0716,0,1,0,0,0,0
1163.93,0.1261,1,0,0,0,0,0
928.4,-0.0821,0,0,0,0,0,0
5152.16,1.5064,0,0,0,1,1,0
2892.29,-0.0387,0,0,0,1,0,0
2122.89,-0.1354,0,0,0,0,0,0
1540.16,1.2771,0,2,1,0,0,0
3138.17,-0.3183,0,0,0,0,0,0
10517.97,1.3922,0,0,0,0,0,0
1764.98,-0.062,0,0,0,0,0,0
604.12,-0.1343,0,1,0,0,0,0
5709.35,0.2297,0,0,0,0,0,0
2950.01,-0.2285,0,1,0,0,1,0
1529.55,-0.013,0,0,1,1,0,0
1235.25,-0.1872,0,1,0,0,0,0
3671.49,-0.2159,0,0,0,0,0,0
4570.33,1.9006,0,2,0,0,0,0
4235.6,0.1776,0,0,0,0,0,0
4853.14,-0.0182,0,1,0,0,0,0
692.7,-0.2096,0,0,0,0,0,0
8959.06,1.9226,0,0,0,0,0,0
10516.43,1.4142,0,0,0,0,0,0
1878.33,-0.3065,0,0,0,0,0,0
4399.69,0.0553,0,1,1,0,0,0
3846.17,2.7553,0,2,0,0,0,0
7553.94,0.5585,0,7,0,0,0,0
2164.56,-0.2537,0,0,0,0,0,0
8212.32,0.8005,1,7,0,0,0,1
2347.48,0.1946,0,2,0,0,0,0
2331.17,-0.1781,0,2,0,0,1,0
5906.11,0.2568,0,0,0,0,0,0
5543.73,4.0415,0,0,1,0,1,1
3311.7,-0.109,0,0,0,0,0,0
5930.25,0.2713,1,0,0,0,0,0
9271.36,1.6236,0,0,0,0,0,0
5382.48,0.2382,0,6,0,0,0,0
1313.59,0.1086,0,4,0,1,0,0
582.6,-0.1284,0,1,0,0,0,0
4665.74,0.172,0,0,0,0,1,0
4000.65,-0.1107,0,1,1,0,0,0
4565.67,-0.0527,0,1,0,0,0,0
487.84,-0.1752,0,1,0,0,0,0
4657.06,3.3227,0,2,0,0,0,0
1942.73,0.1125,0,2,1,0,0,0
5748.33,0.2706,1,2,0,0,0,1
1273.07,-0.1687,0,7,0,0,0,0
2958.59,-0.169,0,6,1,0,0,0
3020.13,-0.0824,0,2,0,0,0,0
6663.14,1.0145,0,1,0,0,0,0
7016.67,2.8619,0,2,0,0,0,0
1948.7,-0.0568,0,2,0,0,0,0
4616.31,0.0742,1,1,0,1,0,0
11758.56,1.6798,0,4,0,0,0,0
4104.51,0.0978,0,2,0,0,0,0
1144.99,0.0166,0,0,0,0,0,0
2379.66,0.3227,1,2,0,0,1,0
4350.3,1.829,0,0,1,0,0,0
536.69,-0.1371,1,0,0,0,0,0
2936.6,0.2942,0,0,0,0,0,0
3098.07,0.0326,0,0,0,0,0,0
1358.02,-0.1036,0,1,0,0,0,0
3229.18,0.6575,0,1,0,0,0,0
3458.39,0.1078,0,1,0,0,0,0
4173.09,0.0451,0,0,0,0,0,0
6549.06,0.4029,0,0,0,0,0,0
6193.82,0.9198,0,0,0,0,0,0
1005.68,-0.1356,0,1,0,0,1,0
6799.5,0.3858,0,1,0,0,0,0
4627.05,0.0058,0,0,1,0,0,0
7685.42,1.5262,0,4,0,1,0,0
1562.22,-0.3573,0,0,0,0,1,0
2087.27,-0.0043,0,0,0,0,0,0
3221.82,-0.019,0,0,0,0,0,0
2683.34,-0.0128,0,1,0,0,0,0
3164.37,1.7129,0,1,0,0,0,0
2451.19,1.9479,1,7,1,0,0,0
3331.67,-0.0878,0,2,0,0,1,0
1561.85,0.1117,1,6,0,0,0,0
2712.46,0.039,0,0,0,0,0,0
2795.31,-0.146,0,4,0,0,0,0
9399.4,1.8148,0,0,0,0,0,0
3297.52,0.0505,0,0,0,1,0,0
12043.61,3.9494,0,0,0,0,0,0
5956.89,0.459,0,3,0,0,0,0
5415.72,1.5147,0,2,1,0,0,0
16005.41,2.9127,1,2,0,0,0,0
6355.06,0.3396,0,6,0,0,0,0
1806.87,0.5505,0,5,0,0,0,0
1976.36,0.1872,0,0,0,0,0,0
1018.69,0.0838,0,1,0,0,0,0
3307.82,-0.0269,0,3,0,0,0,0
1903.23,-0.2408,0,1,0,0,1,0
2150.01,-0.1999,0,0,0,0,0,0
4112.32,0.0086,0,0,0,0,0,0
1578.86,-0.1804,1,1,0,0,0,0
4203.12,-0.012,0,0,1,1,0,0
6758.48,3.327,0,0,0,0,0,0
4113.08,-0.1055,0,0,0,0,0,0
4914.23,0.988,0,0,0,0,0,0
1470.17,0.3138,1,0,0,0,0,0
1794.63,0.3069,0,0,1,1,0,0
3279.38,-0.0401,0,3,1,0,0,0
7391.25,1.0505,0,0,1,0,1,1
3810.0,-0.0689,1,1,0,0,0,0
3771.88,-0.0967,0,4,0,0,0,0
4723.38,0.2893,0,0,0,0,0,0
3758.8,-0.1405,0,0,0,0,0,0
9707.34,1.0613,0,1,0,0,0,0
3152.66,0.001,0,5,0,0,0,0
943.52,-0.1851,0,1,0,0,0,0
2143.36,-0.0039,0,5,0,0,0,0
835.57,-0.2275,0,0,0,0,0,0
6652.45,1.2899,0,0,0,0,0,0
2793.11,-0.2319,0,3,0,0,0,0
2374.18,0.5838,0,2,0,0,0,1
4207.29,0.2026,0,0,0,0,0,0
1602.81,-0.1351,0,0,0,0,0,0
3482.5,-0.2207,0,2,0,1,0,0
2663.3,0.0417,0,0,0,0,0,0
4475.71,0.0732,0,0,0,0,0,0
2544.54,-0.0947,0,0,0,0,0,0
2906.65,0.4226,0,4,0,1,0,0
610.45,0.2168,0,0,1,0,0,0
2547.69,0.3317,0,0,0,0,0,0
982.63,-0.0564,0,5,1,0,0,0
1564.97,-0.5051,0,0,0,0,0,0
4538.63,0.1297,0,0,0,0,0,0
2971.64,-0.0002,0,1,0,0,0,0
3293.97,-0.1082,0,0,0,0,0,0
3376.5,1.4718,0,1,0,0,0,0
817.71,-0.2442,0,0,1,0,0,0
4969.7,0.1821,0,1,0,0,0,0
15549.33,2.8616,1,5,1,1,0,1
7928.74,0.8555,1,0,0,0,0,0
2551.88,-0.1661,0,0,0,0,0,0
602.1,-0.4023,0,1,0,0,0,0
6843.02,0.8961,0,2,0,0,0,1
8936.12,1.0412,0,0,0,0,1,0
2903.23,-0.1087,0,0,0,0,0,0
3315.99,-0.0977,0,0,0,0,0,0
1236.38,-0.3511,0,0,0,1,0,0
1732.08,-0.1212,0,1,0,0,1,0
3019.94,-0.0948,0,0,0,0,0,0
665.47,-0.6125,0,0,0,0,0,0
2964.72,-0.1834,0,3,0,0,0,0
3649.22,0.6118,0,0,0,0,0,0
3593.4,-0.1012,0,1,0,0,0,0
3313.24,0.246,0,2,0,0,1,0
5494.32,0.2081,0,1,0,0,0,0
1236.55,0.1705,0,2,1,0,0,0
3554.71,0.0078,0,2,0,0,0,0
2509.34,0.7046,0,2,0,0,0,1
4022.43,-0.0812,0,0,0,0,0,0
11243.09,1.5859,0,1,0,0,0,0
2687.91,2.6676,0,1,0,0,0,0
1300.76,0.3421,0,3,0,0,0,0
910.94,0.2135,1,2,0,0,0,0
2579.47,-0.4115,0,2,0,0,0,0
3368.57,-0.1357,0,0,0,0,0,0
6282.06,0.2637,0,0,0,0,1,0
4449.13,-0.062,0,2,0,0,0,0
1971.93,-0.0286,0,5,0,1,0,0
3454.37,0.3108,0,2,0,0,0,0
3815.71,-0.0737,0,0,0,0,0,0
7988.84,0.8889,0,6,0,1,0,1
2785.06,0.0057,1,2,0,0,0,0
8793.1,2.539,1,3,1,1,0,1
2288.85,-0.295,0,0,0,0,0,0
4376.21,0.3826,0,0,0,0,0,0
11757.87,1.6908,0,2,0,0,0,0
5876.74,0.82,0,1,0,0,0,0
1596.12,-0.0719,0,3,0,0,1,0
2831.55,-0.2374,0,2,1,0,0,0
3527.78,-0.0316,0,0,0,0,1,0
1764.84,-0.051,0,1,0,0,0,0
465.22,-0.291,0,3,0,0,0,0
952.81,-0.1055,0,7,0,0,0,0
2826.62,0.1348,0,4,0,0,0,0
3652.39,-0.0473,0,1,1,1,0,0
3678.8,-0.2147,0,0,0,0,0,0
4469.86,0.0784,0,1,0,1,0,0
5873.91,1.0124,0,0,0,0,0,0
2201.63,-0.0513,0,1,0,0,0,0
3652.46,0.0592,0,0,0,0,0,0
2472.77,0.2051,0,1,0,0,0,0
5915.08,0.2428,0,0,0,0,0,0
2239.17,0.2844,0,1,0,0,0,0
3607.72,-0.0985,0,1,0,1,0,0
4565.08,-0.0371,0,0,0,1,0,0
3370.6,-0.2365,0,2,0,1,0,0
2535.01,-0.2882,0,3,0,0,0,0
15679.19,2.3255,0,1,0,0,1,0
4593.01,1.4524,0,3,0,0,0,0
5564.35,0.1807,0,1,1,0,0,0
3511.51,-0.2362,0,0,0,0,0,0
1630.8,0.0767,0,0,0,0,0,0
2986.75,-0.3846,0,3,0,0,0,0
3438.14,0.041,0,0,0,0,0,0
12871.04,2.0234,0,1,0,0,0,0
2812.03,-0.4162,0,3,0,0,0,0
7318.87,0.6132,1,4,0,0,0,0
3323.23,-0.0739,0,0,0,0,0,0
1073.51,0.4476,0,0,0,0,1,0
2770.25,0.0133,0,1,0,0,0,0
3932.74,-0.1842,0,0,0,0,0,0
4408.96,0.0252,0,0,0,0,0,0
9171.89,1.9756,0,2,1,0,0,0
2166.07,0.2074,0,1,0,0,0,0
6122.86,0.2932,0,7,0,0,0,0
2634.78,-0.3557,1,2,0,0,0,0
5748.73,0.1656,0,2,0,0,0,0
2142.65,1.7077,0,0,0,0,1,0
4860.37,0.377,0,1,0,0,0,0
4304.87,0.2607,0,1,0,0,0,0
5510.58,0.806,0,0,0,1,0,0
5033.3,0.2587,0,0,0,1,0,0
12581.84,1.8977,0,0,0,0,0,0
3124.99,0.1288,1,2,0,0,0,0
2248.84,2.0661,0,0,1,1,1,1
1703.28,0.1081,1,0,0,0,0,0
13349.03,2.45,0,5,0,0,0,0
3906.65,-0.1361,0,2,0,0,0,0
10266.29,1.6122,0,0,1,0,0,0
5810.67,0.1907,0,1,0,0,0,0
5001.84,1.3233,0,1,0,0,0,0
4922.08,1.8688,0,1,1,0,0,0
745.68,-0.2327,0,0,0,0,0,0
4651.99,1.7224,0,1,0,0,0,0
2864.56,0.4414,0,2,1,1,0,1
2939.11,-0.1635,0,3,0,0,0,0
941.57,0.0207,0,1,0,0,0,0
4847.87,0.0468,0,7,0,0,0,0
5803.59,0.3398,0,1,0,0,1,0
1969.9,0.2325,1,0,0,0,0,0
5630.11,0.2321,0,0,0,0,0,0
3208.45,0.115,0,2,0,0,0,0
2162.74,-0.0475,1,0,0,0,0,0
2267.15,-0.0109,0,1,0,0,1,0
13274.93,1.7019,0,0,0,0,0,0
1005.99,0.176,0,1,0,0,0,0
1362.22,0.1016,0,0,0,0,0,0
3127.85,-0.0082,1,1,1,1,0,0
5529.3,0.1175,0,1,1,0,0,0
3110.86,-0.0651,0,6,1,0,0,0
4175.89,1.4258,0,1,0,0,0,0
4490.3,-0.0455,0,2,0,0,0,0
2943.41,0.2987,0,0,0,0,0,0
3471.63,-0.099,0,3,0,0,1,0
537.94,-0.0578,0,0,0,0,0,0
3701.49,0.0034,0,4,0,1,1,0
5475.3,0.3197,1,0,0,1,0,0
2599.98,0.2299,0,0,0,0,0,0
1103.38,-0.5158,0,3,0,0,0,0
2424.71,0.1845,0,0,0,0,0,0
1965.54,-0.0942,0,0,0,1,0,0
1846.7,-0.0787,0,0,1,0,0,0
3410.5,0.3877,0,0,0,0,0,0
1468.46,1.8886,0,0,0,1,0,0
1764.72,0.0836,0,0,0,0,0,0
1271.63,0.3707,0,0,0,0,0,0
5801.65,0.4871,0,1,0,0,0,0
5282.72,0.2999,0,4,0,0,0,0
10989.96,2.195,1,6,0,0,1,1
3717.97,0.0086,0,0,0,0,1,0
729.93,-0.3045,0,3,1,0,0,0
4327.2,0.0416,0,0,1,0,0,0
2289.37,-0.0003,0,1,0,0,0,0
1792.62,-0.4614,0,0,0,0,0,0
12994.98,1.8965,0,2,0,0,0,0
1506.5,0.1424,0,1,0,0,0,0
748.61,-0.0728,0,2,0,1,0,0
1051.2,0.2141,0,3,0,0,0,0
2106.43,-0.2396,0,1,0,0,0,0
1342.04,0.3321,0,2,0,0,0,0
3986.9,-0.1892,0,2,0,0,0,0
3859.5,0.1689,0,1,0,0,0,0
779.95,-0.0541,0,3,0,0,0,0
20189.2,3.8492,0,0,0,0,0,0
2694.83,-0.0637,1,1,0,0,0,0
1548.78,-0.0181,0,0,0,0,1,0
4670.66,0.036,0,1,0,0,0,0
4570.43,0.0624,0,0,0,0,0,0
383.15,-0.4349,0,0,0,0,0,0
3026.75,0.3589,0,2,0,0,0,0
1394.75,0.6776,0,0,1,0,0,1
5312.0,1.2903,0,0,0,0,1,0
8013.13,1.5869,0,2,1,0,0,0
3491.87,0.1865,0,0,0,0,1,0
5275.79,0.189,0,2,0,0,0,0
1846.01,-0.1037,1,0,1,0,0,0
2435.8,-0.0564,0,0,1,0,0,0
3027.98,0.3799,0,1,0,1,0,0
3317.33,0.2593,0,1,0,0,0,0
2346.88,-0.1251,0,1,0,0,0,0
1878.96,0.0189,0,1,0,0,0,0
999.98,-0.1669,0,0,0,0,0,0
5503.2,0.7055,0,2,1,0,0,0
3303.12,-0.0556,0,0,0,0,0,0
3817.92,0.0691,0,1,0,0,0,0
7336.49,1.3626,0,0,0,0,0,0
1267.0,-0.2081,0,0,0,0,0,0
1235.42,0.9046,0,1,0,0,1,0
937.5,-0.4165,0,2,0,0,0,0
13471.16,2.6403,1,5,1,1,0,1
3373.27,0.023,0,1,0,0,0,0
2297.46,1.3185,0,1,0,0,0,0
15617.52,2.3143,0,0,0,0,0,0
3878.41,-0.1623,0,4,0,0,0,0
2210.07,-0.4703,0,1,0,0,0,0
3298.81,0.0967,0,0,0,0,0,0
3051.63,-0.0701,0,0,0,0,0,0
4889.04,0.3413,0,1,0,0,0,0
5857.78,1.0058,0,4,0,1,0,0
2341.99,-0.2068,1,4,0,0,0,0
2659.57,-0.4373,0,2,0,1,0,0
1664.42,-0.2884,0,2,0,0,0,0
8517.08,0.8943,0,4,0,0,0,0
1938.98,1.9809,0,0,0,0,1,0
1758.08,-0.3868,0,0,1,0,0,0
1280.28,-0.1046,0,1,0,0,0,0
10321.29,1.2787,0,0,0,0,0,0
3002.3,0.0871,0,0,0,0,0,0
2291.64,-0.2783,0,0,0,0,0,0
11696.41,1.9082,0,0,0,0,0,0
2434.41,-0.1178,0,0,0,0,0,0
7313.34,1.6333,0,0,0,0,0,0
1461.25,-0.0076,0,0,0,0,0,0
7652.68,0.6123,1,0,0,0,0,0
3352.88,0.1434,1,6,0,0,0,1
632.92,-0.1444,0,1,0,0,0,0
15253.6,3.5798,0,4,0,0,0,0
7725.27,1.0922,1,1,0,1,0,1
3809.37,0.0602,0,1,0,0,0,0
2124.69,-0.2366,0,1,0,0,0,0
10130.2,1.4116,0,4,0,0,0,0
3095.76,-0.2073,0,1,1,0,0,0
1528.05,-0.0422,1,0,0,0,0,0
2697.21,-0.1913,0,1,0,0,0,0
651.79,0.2656,0,1,0,0,0,0
3497.57,0.0646,0,0,0,0,0,0
3609.13,0.2931,0,0,0,0,0,0
7398.67,0.8367,0,1,0,1,0,0
4850.98,0.0638,1,0,0,0,0,0
6262.58,0.391,0,2,0,0,0,0
1449.38,-0.1335,0,1,0,0,0,0
4352.86,0.0475,0,0,0,0,0,0
5617.84,0.1341,0,6,0,0,0,0
3275.8,-0.2472,0,3,0,0,0,0
1230.04,-0.3357,0,1,1,0,0,0
7049.72,0.5555,0,0,0,0,0,0
4654.84,-0.0178,0,3,0,0,0,0
1591.99,0.3179,0,6,0,0,0,0
3340.45,0.0997,0,1,0,0,1,0
3574.56,0.1933,0,3,0,0,0,0
4046.11,-0.0241,0,0,0,0,0,0
2725.97,-0.0626,0,0,0,0,0,0
1391.8,-0.4594,0,0,0,0,0,0
1974.1,-0.2409,0,0,0,1,0,0
5286.62,1.1501,1,1,0,0,0,0
4739.99,0.1003,0,3,0,0,0,0
1873.99,0.1512,0,2,0,0,0,0
781.46,0.1047,0,2,0,0,0,0
2967.3,0.4099,0,2,0,0,0,0
4165.44,0.1254,0,0,0,0,0,0
2939.84,1.4488,0,0,0,0,0,0
5709.79,1.9799,0,0,0,0,0,0
3662.94,0.1754,0,2,0,1,0,0
3336.26,0.0939,1,1,0,0,0,0
5960.12,0.2947,0,3,0,0,0,0
2150.66,-0.0724,0,0,0,0,0,0
2530.3,-0.0891,0,0,0,0,0,0
2367.99,-0.3204,0,0,0,0,0,0
3371.54,-0.1848,0,0,0,0,1,0
1562.16,0.0024,0,0,0,1,0,0
4897.67,0.107,0,0,0,0,0,0
3663.11,0.0697,0,0,0,0,0,0
4823.21,-0.0275,0,1,0,0,0,0
4093.83,0.1944,0,0,0,0,0,0
4361.72,0.923,0,0,1,0,0,0
1581.28,-0.2961,0,1,0,0,1,0
2076.14,1.1079,0,4,0,1,0,0
699.48,-0.0288,0,0,0,0,0,0
10829.0,2.8265,0,1,0,0,0,1
3473.87,-0.0916,0,2,0,0,1,0
4957.8,0.5087,0,3,0,0,0,0
2255.9,0.7132,0,1,0,0,0,0
5640.55,0.4643,0,0,0,0,0,0
2807.89,0.0628,0,2,0,0,0,0
3124.05,-0.0211,0,1,0,0,0,0
3546.32,-0.2133,0,0,0,0,0,0
3817.71,0.3022,0,2,0,0,0,0
3640.26,0.1502,0,0,0,0,0,0
529.03,-0.3826,0,1,0,0,0,0
2617.3,0.1483,0,1,0,0,0,0
1028.61,-0.3858,0,3,0,0,0,0
9887.51,1.9614,0,1,0,0,0,0
7472.01,2.974,0,0,0,0,0,0
767.56,-0.3776,0,0,0,0,0,0
5039.79,0.5004,0,5,1,0,1,1
2518.38,-0.0438,0,0,0,0,0,0
1258.54,0.6072,1,3,1,0,0,0
3236.93,-0.1079,0,0,0,0,0,0
5171.33,0.2037,0,2,0,0,0,0
1166.7,0.0057,1,0,0,0,0,0
6548.0,0.3607,0,2,0,0,0,0
5563.79,1.0534,0,2,0,0,0,0
2760.0,0.3386,0,3,1,0,0,0
3305.37,0.5056,0,0,0,0,0,0
4375.31,-0.004,0,3,0,0,0,0
654.59,-0.2282,0,0,0,0,0,0
3156.58,-0.2646,0,0,0,0,0,0
2267.76,0.4778,0,1,1,1,0,1
4198.84,1.5804,0,0,0,0,0,0
2104.54,1.8137,1,2,0,0,1,1
4649.62,0.1566,0,0,0,0,0,0
8149.92,1.4888,0,1,0,0,0,0
1779.44,0.324,0,4,1,0,0,1
10668.81,1.4192,1,1,0,0,0,0
3047.8,0.0058,0,0,1,0,0,0
3639.74,0.9483,0,0,0,0,0,0
5131.53,0.1476,0,1,0,0,0,0
2987.25,0.0485,0,6,0,0,0,0
1244.55,-0.0958,0,0,0,0,0,0
7854.96,3.0888,0,0,0,0,0,0
3984.72,1.4114,0,1,0,0,0,0
1988.14,-0.0945,0,0,0,1,0,0
5471.8,0.1763,0,0,0,0,0,0
4833.62,0.0263,0,0,0,0,0,0
3321.93,0.1206,0,2,0,0,0,0
2070.46,-0.0517,0,0,0,0,1,0
3080.25,-0.2334,0,2,0,0,0,0
2357.83,-0.2821,0,0,1,0,0,0
621.37,-0.2201,0,2,0,0,0,0
2458.93,-0.2386,1,0,0,0,1,0
10093.05,1.5725,0,1,0,0,0,0
1000.87,-0.1375,0,0,0,0,0,0
4927.76,0.1315,0,1,0,1,0,0
1443.86,0.6613,0,0,0,0,0,0
12958.39,2.7978,0,0,1,1,0,1
3189.08,0.1912,0,2,0,0,0,0
4893.87,0.4286,0,0,1,0,0,0
7698.05,0.9518,0,0,0,0,0,0
1654.82,0.1804,0,1,0,1,0,0
7823.81,1.5949,0,0,0,0,0,0
2815.16,-0.1962,0,1,0,0,0,0
1230.34,-0.4873,0,0,0,0,0,0
438.28,-0.2403,0,0,0,0,0,0
9609.85,2.4047,0,3,0,1,1,1
3366.86,0.0729,0,0,0,0,0,0
1250.03,0.2494,0,0,0,0,0,0
1042.89,-0.1247,0,1,0,0,0,0
604.52,0.0995,0,3,0,0,0,0
6055.09,0.4819,1,0,0,1,1,0
3694.23,0.3154,0,1,0,0,0,0
4034.49,-0.0363,0,2,0,0,0,0
2389.23,-0.048,0,5,1,1,0,0
5629.35,2.2683,0,0,0,0,0,0
6662.71,1.6953,0,2,1,0,0,0
716.43,-0.1387,0,0,0,1,1,0
4022.87,0.1611,0,0,0,0,0,0
4351.24,-0.1295,0,1,0,0,0,0
1876.77,-0.5508,0,1,0,0,0,0
5299.62,0.0865,0,0,0,0,0,0
22586.04,3.9559,0,1,1,0,0,0
1503.0,0.1419,0,1,1,0,0,0
4675.18,3.8881,0,0,0,0,0,0
15131.53,2.6537,1,0,0,1,1,1
17728.78,2.5577,1,0,0,0,1,0
3511.23,-0.026,1,0,1,0,0,0
2511.66,0.2064,0,0,0,0,0,0
2542.68,-0.1047,0,0,0,1,0,0
4170.85,0.1017,0,0,0,0,0,0
3621.92,1.0556,0,0,0,0,0,0
2008.74,0.0762,0,0,1,0,0,0
3055.19,-0.1028,0,0,0,0,0,0
2941.5,0.0679,0,2,0,0,0,0
3974.68,-0.1621,0,3,0,0,0,0
417.65,-0.2079,1,7,0,0,0,0
2769.3,-0.2109,0,0,0,0,0,0
3254.12,-0.0862,1,1,0,0,0,0
3790.77,0.0226,0,2,0,0,0,0
2991.72,-0.3868,0,6,0,0,0,0
472.91,-0.132,1,0,0,0,0,0
5576.43,1.9574,0,0,0,0,0,0
3576.1,0.3152,0,2,0,1,0,0
1518.13,-0.1443,1,1,0,0,1,0
592.59,-0.1918,0,3,0,0,0,0
3915.77,0.0511,0,0,0,0,0,0
4243.35,-0.0974,0,0,0,0,0,0
2919.28,0.1297,0,4,0,0,0,0
4462.24,0.0345,0,1,0,0,0,0
1815.56,-0.473,0,0,1,0,1,0
1998.87,-0.0064,0,0,0,0,0,0
1922.16,0.1229,0,2,0,0,0,0
3591.32,-0.0753,0,1,0,0,0,0
7597.03,1.2438,0,1,0,0,0,0
6259.8,0.2721,1,0,0,0,0,0
3784.13,0.2126,0,0,0,0,0,0
5491.97,0.1077,1,0,0,0,0,0
3347.87,-0.0589,0,0,1,0,0,0
1416.41,-0.3188,0,0,0,0,0,0
1498.3,0.1941,0,2,1,0,0,0
3525.04,0.3238,0,0,0,0,0,0
2112.14,0.1159,0,0,0,0,0,0
2330.68,-0.0967,0,0,0,0,0,0
666.44,-0.3517,0,0,0,0,0,0
6040.59,0.222,0,2,0,0,0,0
730.08,-0.0038,0,4,0,0,0,0
10045.86,1.7098,0,0,0,0,0,0
10152.23,2.025,1,4,0,0,1,1
2720.98,0.1403,0,0,0,0,0,0
3085.81,0.1163,0,0,0,0,1,0
698.26,-0.2452,0,4,0,0,0,0
931.11,-0.2495,0,0,1,0,0,0
6117.72,0.2911,1,3,0,0,0,0
1449.51,-0.0535,0,3,0,0,0,0
2914.06,0.5143,0,2,0,0,0,0
4722.11,0.3311,0,0,0,0,0,0
3411.42,0.2444,0,1,0,0,0,0
5187.92,0.1956,0,3,0,0,0,0
5426.71,0.3003,0,0,0,0,0,0
1219.58,0.0131,0,0,0,0,0,0
8669.25,1.5589,0,4,0,0,0,0
3048.28,0.1932,1,0,0,0,0,0
2102.89,-0.0201,0,2,0,0,0,0
4737.47,-0.0515,0,0,0,0,0,0
1275.79,0.0098,0,2,0,0,0,0
1991.97,-0.1765,0,2,1,0,0,0
2687.63,-0.1988,0,1,0,0,0,0
643.49,-0.2523,0,0,0,0,0,0
3807.89,0.3406,0,1,0,0,0,0
26501.9,5.7183,1,3,0,1,1,1
2236.8,0.1469,0,0,1,0,0,0
779.3,0.0287,0,1,0,0,0,0
11781.32,1.6896,0,0,0,0,0,0
9008.91,3.8488,0,0,0,0,0,0
4854.69,-0.0156,1,3,0,0,0,0
885.82,-0.0159,1,3,0,0,0,0
3441.75,-0.0406,0,3,0,0,0,0
3179.24,0.0884,0,0,0,0,0,0
2963.1,0.0167,0,0,0,0,0,0
3679.58,0.1425,0,0,0,0,1,0
2871.47,-0.1216,0,6,0,0,0,0
4789.01,0.0897,0,4,0,0,0,0
859.75,0.2785,0,0,0,0,0,0
3402.06,0.1802,0,0,0,0,0,0
4474.24,0.109,0,0,1,0,0,0
953.48,-0.1714,0,0,0,0,0,0
9423.05,1.979,0,1,0,0,0,0
1416.52,0.3401,0,1,0,0,0,0
6873.22,1.7518,0,0,0,0,0,0
8695.45,1.6688,0,2,0,0,0,0
1537.6,-0.3845,0,0,0,0,0,0
6492.64,0.5698,0,3,1,0,0,1
1395.53,0.4473,0,0,0,1,0,0
1720.51,0.2582,0,5,0,0,0,0
3836.6,0.5715,0,1,0,0,0,0
11153.39,1.8215,0,0,0,0,0,0
14833.26,3.0575,0,5,0,0,0,0
2769.93,-0.0123,0,0,0,0,0,0
1483.09,0.236,0,2,0,0,0,0
3769.83,-0.1405,0,1,0,1,0,0
1415.86,-0.1034,0,2,0,0,0,0
9455.14,1.8792,0,0,1,0,0,0
1569.89,0.3254,0,1,0,0,0,0
3662.7,-0.1136,0,0,1,0,0,0
6467.82,1.3586,0,0,0,0,0,0
3905.94,0.2849,0,0,0,0,0,0
1911.69,0.1426,0,0,0,0,0,0
3934.51,0.0414,0,3,0,0,0,0
8500.27,1.0403,0,0,0,0,1,0
1497.13,0.2902,0,3,0,1,0,0
8701.79,1.6064,0,0,0,0,0,0
1954.22,0.1266,0,0,0,0,0,0
4440.71,0.2077,0,5,1,0,0,0
3968.79,0.0577,0,0,0,0,0,0
18138.4,3.2524,0,2,0,0,0,0
8664.26,1.4859,0,3,0,0,0,0
2534.23,0.3991,0,0,1,0,0,0
2663.24,-0.2274,0,0,0,0,0,0
6993.08,0.5133,0,1,0,0,0,0
2978.2,0.0508,0,4,0,0,0,0
4826.58,0.0869,0,1,0,0,1,0
9031.63,0.8833,0,2,0,0,0,0
2809.05,0.0337,0,1,0,0,0,0
3816.41,0.0929,0,3,0,0,0,0
2898.55,-0.2376,1,0,0,0,0,0
1765.71,-0.1603,0,2,0,0,0,0
3706.97,-0.1523,0,0,0,0,0,0
3031.64,-0.1702,0,5,0,0,1,0
7848.12,0.7267,0,0,0,0,0,0
6208.99,0.2751,0,0,0,0,1,0
1953.59,0.6186,0,1,0,0,0,0
2122.5,0.9233,0,1,0,0,1,0
2815.51,-0.3625,0,3,0,0,0,0
3184.7,0.084,0,1,1,0,0,0
1588.48,0.0734,0,1,0,0,0,0
4197.61,0.1828,0,1,0,0,0,0
1245.72,-0.5222,0,6,0,0,1,0
6527.77,1.3362,0,3,0,0,1,0
4036.2,0.2004,0,2,0,0,0,0
3534.39,0.0177,0,1,0,0,0,0
4605.78,-0.0678,0,3,0,0,0,0
5121.99,0.0264,0,1,0,0,0,0
4958.73,0.0064,0,0,0,0,0,0
37177.3,7.3652,0,2,1,0,0,1
3194.85,-0.0218,0,0,1,0,0,0
1821.98,-0.0041,0,1,0,0,0,0
2034.56,0.4252,0,0,0,1,0,0
419.75,-0.2971,0,0,0,0,0,0
1499.49,-0.2002,0,0,0,0,0,0
4595.78,-0.0012,0,0,0,0,0,0
1255.88,-0.1223,0,2,0,0,0,0
2847.35,0.3098,0,0,0,0,0,0
865.47,0.1274,0,3,0,0,1,0
724.75,-0.1855,0,3,0,0,0,0
1828.07,0.0107,0,2,0,0,0,0
3759.25,1.4634,0,2,0,0,0,0
5707.09,0.3039,0,0,0,0,0,0
2963.03,0.7807,0,0,0,0,0,0
4107.82,1.8581,0,0,0,0,0,0
19849.65,3.0827,0,0,0,0,0,0
1314.97,0.8715,0,2,0,0,0,0
4697.23,0.5406,0,1,1,1,0,0
3212.18,-0.0494,0,2,0,0,0,0
815.57,0.0105,0,0,0,0,0,0
2301.91,0.0572,0,3,0,0,0,0
8103.04,0.8135,0,0,1,0,0,0
2114.48,-0.2031,0,0,0,0,0,0
4288.11,0.2493,0,1,0,0,0,0
6978.45,0.5075,0,0,1,0,0,0
2080.69,1.5065,0,1,1,0,0,0
1851.51,-0.3413,0,1,0,0,0,0
4313.55,0.2875,0,3,0,0,1,0
5573.55,1.8644,0,0,0,0,0,0
9979.55,1.2102,1,0,0,0,0,0
814.75,0.0405,0,0,0,0,0,0
5313.41,0.3582,0,7,0,0,0,0
1843.68,-0.0596,0,1,0,0,0,0
3784.76,-0.0221,0,3,0,0,0,0
4786.79,0.0508,0,0,0,0,0,0
606.5,-0.0332,0,0,0,1,0,0
4634.78,-0.0525,0,0,0,0,0,0
2491.38,-0.3204,0,7,1,0,0,0
1252.48,-0.1113,0,0,0,0,0,0
10284.24,1.1968,0,3,0,0,0,0
4204.78,1.5325,0,1,0,0,0,0
3450.84,0.1765,1,3,0,0,0,0
1968.28,-0.2269,0,2,0,0,0,0
7441.73,1.6704,0,3,1,0,0,0
1375.67,-0.2143,0,1,0,0,0,0
872.5,-0.4494,0,0,0,1,0,0
6045.31,0.2203,0,0,0,1,0,0
1804.83,0.3334,0,0,0,0,0,0
1355.36,0.196,0,0,0,0,0,0
1481.34,0.235,0,0,0,1,0,0
1548.33,-0.3813,0,0,0,0,0,0
3614.17,0.1019,0,0,0,0,0,0
5260.73,0.1611,0,0,1,0,0,0
2523.34,0.3652,0,0,0,0,0,0
2792.71,-0.2401,0,1,0,0,0,0
4394.81,0.3443,0,4,0,0,0,0
2490.74,-0.4261,0,0,0,0,0,0
1082.51,0.0278,0,1,0,0,0,0
2919.58,0.2991,1,2,0,0,0,0
1592.27,-0.229,0,3,0,0,0,0
2554.97,-0.1729,0,0,1,0,1,0
2091.44,0.4637,0,0,0,0,0,0
3798.15,-0.0432,0,0,0,0,0,0
2313.46,1.163,0,2,0,0,0,0
2641.85,0.0563,1,0,0,0,0,0
1451.48,0.2858,0,0,0,0,0,0
2392.4,0.0662,0,3,0,0,0,0
11176.04,1.9391,0,1,0,1,0,0
2659.58,-0.1484,0,2,0,0,0,0
1101.88,0.2248,0,0,0,0,0,0
4136.21,0.0778,0,4,1,0,0,0
13587.89,3.2624,0,0,0,1,0,1
1801.87,-0.0447,0,0,0,0,0,0
5545.28,0.1394,0,3,0,0,0,0
756.22,0.0865,0,0,0,0,0,0
2119.53,-0.0075,0,2,0,0,1,0
4904.48,0.1805,0,1,1,0,0,0
4689.01,0.3269,0,0,0,0,0,0
1272.13,-0.4214,0,2,0,0,0,0
3618.49,0.2922,0,1,0,0,0,0
1316.25,0.1218,0,0,1,0,0,0
2513.59,0.1396,1,1,0,0,0,0
2424.4,-0.213,0,0,0,0,1,0
4712.36,0.0925,0,1,0,0,0,0
2048.28,-0.3887,0,0,0,0,0,0
4001.5,-0.0634,0,1,0,0,0,0
3414.61,0.3099,0,1,0,1,0,0
2068.61,0.3099,0,3,0,1,0,0
907.87,-0.008,0,0,0,0,0,0
4253.63,0.8255,0,3,1,0,1,1
3926.0,-0.0445,0,0,1,0,0,0
2304.94,0.0158,0,0,0,0,0,0
4822.24,0.3619,0,0,0,1,0,0
1676.4,0.0334,1,2,0,0,0,0
1991.15,1.6782,0,7,1,0,0,0
4617.27,0.1339,0,0,0,0,0,0
1261.0,0.0917,1,0,0,0,0,0
4824.35,-0.0052,1,1,0,0,0,0
5652.64,0.88,1,1,0,0,0,0
10192.18,3.0214,0,0,0,1,0,0
16357.91,2.619,1,1,0,0,0,0
5507.55,0.4739,0,1,0,0,0,0
3848.33,-0.0402,0,0,0,0,0,0
2871.14,-0.0321,0,0,0,0,0,0
1946.8,0.2539,0,0,0,0,1,0
552.68,-0.1003,0,2,0,1,0,0
841.95,0.1623,0,7,0,0,0,0
1141.58,-0.0971,0,0,0,0,0,0
2725.42,-0.0896,0,0,0,0,0,0
3786.32,-0.1214,0,0,0,0,0,0
1968.44,-0.0924,0,0,1,0,0,0
1752.6,-0.0663,1,0,0,0,0,0
3418.97,0.0621,0,0,0,0,0,0
2249.4,0.4367,0,0,0,0,0,0
4142.22,-0.0656,0,0,0,0,0,0
3539.53,0.1237,0,0,1,0,0,0
2499.14,0.3549,0,1,0,1,0,0
6691.89,0.6094,0,2,0,0,0,0
12036.53,1.9674,0,1,0,0,0,0
6118.02,0.618,0,2,0,0,0,0
1943.96,-0.1587,0,1,0,0,0,0
1487.71,0.9625,0,0,0,0,0,0
3389.38,2.9915,0,1,0,0,0,0
3524.12,-0.2816,0,0,0,0,0,0
777.99,0.1957,0,0,1,0,0,0
12304.6,2.1531,0,0,0,0,0,0
10791.78,2.3706,0,0,0,0,1,0
13986.19,2.7049,0,5,0,0,0,0
1630.53,0.1024,0,2,0,0,0,0
6868.66,0.4246,0,2,0,0,0,0
2856.44,0.3628,0,3,0,0,0,0
8226.86,1.019,0,5,0,0,0,0
2736.7,1.6945,0,1,0,0,0,0
4859.88,0.3684,0,1,0,0,0,0
1810.62,-0.1353,0,4,0,0,0,0
1812.52,-0.0907,0,3,0,0,0,0
3348.93,0.035,0,2,0,0,0,0
3826.35,0.2399,0,1,0,0,0,0
2858.68,0.2246,0,0,0,0,0,0
3637.25,0.0417,0,0,1,0,0,0
13777.26,3.633,0,0,0,0,0,0
9254.18,1.9541,0,1,0,0,0,0
2239.1,0.5545,0,1,0,0,0,0
11424.56,5.6482,0,7,0,0,0,1
3078.54,-0.1963,0,5,0,0,0,0
6204.45,0.4078,0,0,0,0,0,0
5782.8,0.1687,0,2,0,0,0,0
998.71,0.1206,0,2,0,0,0,0
1360.74,-0.375,0,2,0,0,0,0
3221.85,0.0237,0,0,0,0,0,0
2698.33,0.8841,0,0,0,0,0,0
8491.68,2.7693,0,0,0,0,0,1
3992.1,0.1789,0,1,0,0,0,0
2286.47,-0.0744,0,6,0,0,0,0
2772.59,-0.0069,0,1,0,0,0,0
3917.35,0.0196,0,1,0,0,0,0
4240.55,0.3567,0,0,0,1,0,0
1885.99,1.2442,0,2,0,0,0,0
9758.31,1.9674,1,3,0,0,0,0
3036.05,-0.1251,1,2,0,0,0,0
1718.4,-0.1383,0,0,0,0,0,0
1231.5,-0.1794,1,1,0,0,1,0
3180.24,1.7165,0,2,0,0,0,0
1234.33,-0.2953,0,1,0,0,1,0
1565.26,0.2276,0,0,0,0,0,0
2914.33,-0.0055,0,0,0,0,0,0
5567.73,0.5322,0,5,0,0,0,0
1705.02,1.3108,0,0,0,0,0,0
829.38,-0.1016,0,1,0,0,1,0
1877.29,0.1224,0,0,0,0,0,0
1290.37,-0.1089,0,3,0,0,0,0
959.05,-0.0964,0,0,0,0,1,0
4186.41,-0.0229,0,1,0,0,0,0
3623.63,0.3735,0,0,0,0,0,0
3917.54,0.0371,0,0,0,0,0,0
2614.33,1.1005,0,0,0,0,1,0
2031.1,-0.4596,1,0,0,0,0,0
2377.25,0.0161,0,0,0,0,0,0
2585.29,1.1102,0,0,0,0,0,0
2123.49,-0.0405,0,1,0,0,0,0
5557.6,0.2285,0,0,0,0,0,0
5327.14,0.6618,0,1,1,0,0,0
4111.13,0.5542,0,4,0,0,0,0
7595.06,1.3243,0,5,0,0,0,0
2280.34,-0.3997,0,0,1,0,0,0
4003.58,-0.1396,1,0,0,1,0,0
2931.48,-0.0269,0,5,1,0,1,0
1475.87,-0.1023,0,2,0,0,0,0
2166.88,0.3259,0,0,0,0,0,0
12257.19,1.7615,0,0,0,0,0,0
1305.61,-0.1401,0,1,0,0,0,0
3870.54,-0.0137,0,3,0,0,0,0
1316.27,-0.0589,0,5,0,0,0,0
4236.47,0.1573,0,1,0,0,0,0
1271.53,0.0442,0,1,0,0,0,0
3694.28,0.1702,0,0,0,1,0,0
1199.45,-0.0897,0,0,0,0,0,0
7582.33,2.0735,0,1,0,0,0,0
3668.44,1.5402,0,0,0,0,0,0
3721.31,0.556,0,4,0,0,0,0
2623.05,-0.426,0,0,1,0,0,0
4205.01,0.2811,0,1,0,0,0,0
7938.72,1.5927,0,2,0,0,0,0
1760.66,-0.1251,0,0,0,0,0,0
9148.22,1.6314,0,0,1,0,0,0
4359.64,-0.0612,0,0,0,0,0,0
4914.48,1.346,1,1,1,0,0,0
1644.03,-0.2535,0,1,0,0,0,0
3449.55,0.176,1,1,0,0,0,0
2226.23,-0.3148,0,1,0,0,0,0
2140.68,-0.3683,0,0,0,0,0,0
2947.0,-0.0763,0,1,0,0,0,0
4247.08,-0.0564,0,0,0,0,0,0
2839.65,-0.2777,0,5,0,0,0,0
1561.58,0.0729,0,0,0,0,0,0
1077.11,0.1608,0,1,0,0,0,0
1149.29,-0.0768,1,1,0,0,0,0
5738.52,1.9281,0,3,0,0,0,0
1838.02,-0.0816,0,0,0,0,0,0
8298.59,3.7186,0,1,0,0,0,0
1980.3,0.2457,0,2,1,0,0,0
2523.92,-0.1865,0,3,0,0,0,0
870.41,-0.1428,0,2,0,0,0,0
4821.78,0.235,0,3,0,0,1,0
11233.07,3.7063,1,0,1,0,0,0
5000.15,0.0326,0,0,0,0,0,0
1144.64,-0.1483,0,1,1,1,0,0
699.53,0.0784,1,1,0,0,0,0
1461.73,0.4209,0,0,0,0,0,0
5194.49,0.1804,1,0,0,0,0,0
1725.86,1.8461,0,5,0,0,0,0
6200.53,1.0807,0,6,0,0,0,0
2640.05,-0.1389,0,3,0,0,0,0
1867.01,-0.124,0,0,0,0,0,0
2549.68,0.235,0,1,0,1,0,0
3211.73,-0.1312,0,4,1,0,0,0
3165.02,-0.1509,0,0,0,0,0,0
3514.53,0.0093,0,2,0,0,1,0
2842.98,-0.1472,0,2,0,0,0,0
3432.1,0.4497,0,3,0,0,0,0
2987.87,-0.1669,0,2,0,0,0,0
2098.39,-0.3122,0,2,0,0,0,0
1698.8,-0.1849,1,4,0,0,0,0
6543.3,0.36,0,0,0,0,0,0
4386.32,-0.0421,0,2,0,0,0,0
5595.6,1.4966,1,0,0,0,0,0
3166.0,0.0275,0,0,0,0,0,0
2639.23,0.1638,0,1,1,0,0,0
1567.53,-0.0868,0,3,0,0,0,0
2330.66,-0.0938,0,0,0,0,0,0
2285.04,0.1686,1,0,0,0,0,0
1528.4,-0.0131,0,0,0,0,0,0
4477.76,2.6056,0,3,0,0,0,1
5572.34,2.8661,0,0,0,0,0,0
2021.08,0.2314,0,3,0,0,0,0
36402.47,8.6964,0,4,0,1,0,1
12072.9,1.551,0,6,1,0,1,1
2132.77,-0.1559,0,6,0,0,0,0
4789.7,-0.0138,0,0,0,0,0,0
6842.49,0.4905,0,0,0,0,0,0
3610.09,-0.1284,0,1,0,0,0,0
2916.24,-0.1523,0,0,0,0,0,0
2896.75,-0.0139,0,1,1,0,1,0
10081.07,1.6853,0,0,0,0,0,0
6552.88,0.4323,0,0,0,0,0,0
6760.13,0.4049,0,4,0,0,0,0
2691.33,0.0584,0,2,0,0,0,0
1041.88,-0.115,0,2,0,0,0,0
4195.93,0.1317,1,0,0,0,0,0
1579.0,-0.176,1,1,1,0,0,0
5444.39,1.4953,0,5,0,1,0,0
1448.22,-0.1577,0,0,0,0,0,0
3143.23,-0.2414,0,1,0,0,0,0
9833.58,1.2674,0,1,0,0,0,0
884.38,0.0805,0,3,0,0,0,0
2084.22,0.1935,1,3,0,0,0,0
2479.61,-0.2297,0,1,0,0,0,0
709.86,-0.3464,0,0,0,0,0,0
5050.24,1.5263,0,0,1,0,0,0
1255.75,0.5401,1,3,0,0,0,1
566.62,-0.0353,0,0,0,0,0,0
1902.74,-0.0742,0,2,0,0,0,0
2043.98,-0.1006,0,2,0,0,0,0
1142.34,-0.1307,0,0,0,0,0,0
7598.22,0.6902,0,0,0,0,1,0
2834.48,0.1503,0,0,0,0,0,0
2447.55,-0.3014,0,2,0,0,0,0
3536.54,0.4668,0,0,0,0,0,0
1912.84,0.2013,0,1,0,0,1,0
2938.27,0.0604,0,1,0,0,0,0
2566.75,-0.0959,0,1,0,0,0,0
3020.3,-0.0171,0,1,0,0,0,0
6400.52,0.5303,0,1,0,0,0,0
5429.97,0.1785,0,0,0,0,0,0
4424.87,-0.0982,0,4,0,0,0,0
4532.81,0.006,0,1,0,0,0,0
4621.84,0.1362,0,1,0,0,0,0
3427.29,0.0483,0,1,0,0,0,0
1798.11,-0.1374,0,4,0,0,0,0
4979.32,0.2782,0,2,0,0,0,0
4760.27,0.9079,0,1,0,1,1,1
2094.09,0.3948,0,1,0,0,0,0
3620.81,-0.1498,0,0,0,0,0,0
3321.01,0.366,0,0,0,0,0,0
2525.98,0.015,1,1,0,0,1,0
1304.75,0.0679,0,1,0,1,0,0
707.63,0.0102,0,0,0,0,0,0
3913.52,0.1733,0,0,0,0,0,0
2795.57,2.286,1,0,0,0,0,0
4552.87,0.022,0,1,0,0,0,0
3216.02,-0.2829,0,0,0,0,0,0
5056.11,0.1011,0,3,0,0,0,0
4948.9,0.0301,0,0,0,0,0,0
4868.74,0.1208,0,0,0,0,0,0
2050.44,-0.012,1,2,0,0,0,0
2467.83,-0.3653,0,0,0,0,0,0
3789.67,0.2029,0,2,1,0,0,0
8888.73,1.6984,0,1,0,0,0,0
4984.94,0.0559,0,0,1,0,0,0
2021.76,-0.0415,0,0,0,0,0,0
4921.33,0.0265,0,2,0,0,0,0
3513.56,-0.0735,0,3,0,0,0,0
2381.02,0.0035,0,2,0,0,0,0
1798.48,-0.2142,0,4,0,1,0,0
4380.17,1.1278,0,0,0,0,0,0
4536.56,0.1487,1,1,0,0,0,0
3640.9,0.3393,0,0,0,0,1,1
1416.36,0.1429,0,1,0,0,0,0
3362.2,-0.0044,0,0,0,0,0,0
5142.38,1.4879,0,7,0,0,0,1
2751.41,-0.2526,0,1,0,0,0,0
1985.22,-0.0447,0,1,0,0,0,0
3017.14,-0.1468,0,1,1,0,0,0
1050.77,0.1736,0,2,1,1,0,0
2381.74,0.9602,0,2,0,0,0,0
4645.14,-0.0505,0,2,0,0,1,0
2550.15,-0.1422,0,3,0,0,0,0
2239.5,-0.1233,0,1,0,0,1,0
2907.01,-0.168,0,1,0,0,0,0
2494.31,0.6968,0,2,1,0,1,1
606.47,-0.0778,0,2,0,0,0,0
1823.06,0.1117,1,0,0,0,0,0
3734.18,0.3225,0,2,0,0,0,0
4688.23,-0.0205,0,1,0,0,1,0
1541.23,0.1737,0,0,0,0,0,0
921.01,0.8391,0,1,0,0,1,0
1141.48,-0.1565,0,1,0,0,0,0
2143.16,0.0152,0,7,0,0,0,0
317.07,-0.39,0,3,0,0,0,0
1095.02,0.4078,0,0,0,1,0,0
5087.28,0.1331,0,3,0,0,0,0
1619.46,0.1305,0,0,0,0,0,0
9512.12,0.9069,1,4,0,0,0,1
2561.38,-0.4133,0,0,0,0,0,0
5595.15,0.3443,0,0,0,0,1,0
4858.57,0.0986,1,2,0,0,0,0
1596.89,-0.057,0,0,0,0,0,0
2058.16,0.6868,0,2,0,0,0,0
2046.77,-0.3602,0,2,1,0,0,0
4078.73,0.1696,0,0,1,0,0,0
2542.49,0.5619,1,6,0,0,0,1
1802.04,-0.3606,0,1,0,0,0,0
12024.27,1.4132,0,1,0,0,0,0
5207.13,1.8145,0,0,0,0,0,0
9269.71,1.8894,0,0,0,0,0,0
9170.95,1.1244,1,6,0,0,0,0
1378.07,0.3056,0,2,0,0,0,0
1388.26,0.2161,0,0,0,0,0,0
3559.35,-0.0237,0,2,0,0,0,0
3777.3,0.1064,1,0,0,0,0,0
4630.09,-0.0592,0,1,0,0,0,0
2740.53,0.0611,0,2,0,0,0,0
2352.27,0.1538,0,1,0,0,0,0
10416.89,1.5494,0,3,0,0,0,0
1325.7,0.9318,0,1,0,0,1,1
8392.34,1.0562,0,2,0,0,0,0
2800.03,-0.1367,0,2,0,0,0,0
18607.17,2.7949,0,6,0,0,1,0
3534.08,0.01,0,1,0,0,0,0
1867.2,-0.0598,0,0,0,0,0,0
43414.53,8.2075,0,2,0,0,0,1
5050.79,1.9556,0,0,0,1,0,0
5302.38,0.2671,0,0,0,0,0,0
5727.4,0.2974,0,4,0,0,0,0
2216.76,-0.1949,0,0,0,0,0,0
5268.96,0.5308,0,1,0,0,0,0
1176.37,0.7666,0,0,1,0,0,0
1722.39,0.123,0,1,0,0,0,0
10859.86,3.8896,0,2,0,0,0,0
4652.82,0.1182,0,0,0,0,0,0
807.3,-0.3599,0,2,0,0,0,0
5535.29,0.135,0,0,0,0,0,0
1659.36,-0.2903,0,1,0,0,0,0
2586.44,0.1686,0,0,1,0,0,0
8799.51,1.4946,0,0,0,0,0,0
2094.71,-0.4761,1,0,0,0,0,0
2679.14,0.0854,0,1,0,0,0,0
8989.49,1.6477,0,4,0,0,0,0
1767.95,-0.1854,0,1,0,0,0,0
3100.41,-0.0402,0,0,0,0,0,0
4228.11,0.1107,1,0,0,0,0,0
10552.8,1.4813,0,0,0,0,1,0
2437.7,0.1201,0,0,0,0,0,0
803.27,-0.362,0,0,0,0,0,0
4422.51,0.2062,0,2,0,0,0,0
863.43,-0.4057,0,0,0,0,0,0
1043.54,-0.2109,0,1,0,0,0,0
2823.56,-0.1,0,0,0,0,0,0
2988.92,-0.2936,0,1,0,0,0,0
7505.87,0.5123,0,0,0,0,0,0
10256.5,1.7604,0,0,0,0,0,0
1593.52,-0.2188,0,1,1,0,0,0
2896.72,-0.022,0,0,0,0,0,0
9894.85,1.9938,0,0,0,0,1,0
3869.46,0.2994,0,0,0,0,0,0
11137.67,1.9707,0,6,0,0,0,1
4794.95,0.1651,0,4,0,0,0,0
3988.7,0.0231,0,0,0,0,0,0
1340.95,-0.2089,0,1,0,0,0,0
1912.54,0.0986,0,2,0,0,0,0
3607.85,0.1511,0,7,0,0,0,0
1579.79,-0.2271,0,1,0,0,0,0
4458.84,-0.1,0,1,0,0,0,0
3452.78,-0.2402,0,1,0,0,0,0
2055.16,0.0701,0,3,0,0,0,0
1913.12,-0.2972,0,1,1,1,0,0
4672.57,0.0785,0,3,0,0,0,0
1004.57,-0.1596,0,0,0,0,1,0
10185.49,2.9362,0,0,0,0,0,0
3889.07,-0.1714,0,1,1,1,0,0
4027.13,-0.1648,0,0,0,0,0,0
2716.45,-0.0455,0,1,0,0,0,0
4303.15,-0.1286,0,1,0,0,0,0
6132.53,2.8329,1,3,1,0,0,0
9232.25,1.8823,0,0,0,0,0,0
1911.91,0.2117,0,1,0,0,0,0
17843.31,2.9537,0,1,0,0,0,1
4312.25,0.1413,0,3,0,0,0,0
2765.37,-0.0263,0,0,0,0,0,0
3731.16,0.5205,1,1,0,0,1,0
2656.6,0.074,1,2,0,0,0,0
2515.0,-0.3825,0,1,0,0,1,0
1333.11,-0.1793,0,0,0,0,0,0
3038.78,-0.2816,0,0,0,0,0,0
1110.03,0.3763,0,1,0,0,0,0
6878.53,0.7007,0,0,0,0,0,0
5999.52,0.3417,1,0,0,0,0,0
3237.15,1.7164,0,3,0,0,0,0
11800.6,1.6358,0,1,0,0,0,0
6287.26,0.964,0,5,0,0,0,0
10257.08,1.6814,0,1,0,0,1,0
4234.05,0.0084,1,1,0,0,0,0
2242.55,-0.0295,1,1,0,0,1,0
2051.54,-0.2227,0,1,0,0,0,0
3991.86,-0.1954,0,0,0,0,1,0
958.25,-0.1236,1,0,0,0,0,0
6013.36,1.0203,0,1,0,0,0,0
776.33,-0.1991,0,1,0,0,0,0
1604.04,-0.1335,0,1,0,0,0,0
4280.45,0.0114,0,0,0,0,0,0
947.06,-0.3505,0,0,0,0,0,0
3158.48,-0.0344,0,0,0,0,0,0
5641.15,0.8109,0,6,0,0,0,1
2255.79,0.1068,0,1,0,0,0,0
2346.85,0.0149,0,0,0,0,0,0
1390.75,-0.1014,0,0,0,0,0,0
1728.06,1.7012,0,0,0,0,0,0
858.62,0.0703,0,4,0,0,0,0
2794.16,-0.316,0,0,0,0,0,0
2940.28,0.4073,0,0,0,0,0,0
2640.31,0.6096,0,0,0,0,0,0
2385.9,-0.0339,0,1,0,0,0,0
1627.91,1.3846,1,2,0,1,0,1
3789.65,0.3042,0,0,0,0,0,0
4683.98,0.6077,0,2,0,0,0,0
1560.41,0.1537,0,1,0,0,0,0
746.31,0.0482,0,0,0,0,0,0
5028.63,0.1649,0,0,1,0,0,0
11856.02,3.6577,0,1,0,0,0,0
1450.42,-0.5246,0,0,0,0,0,0
3889.15,-0.0984,0,0,0,0,0,0
969.76,-0.0742,0,1,0,0,0,0
2630.11,0.0399,0,0,0,0,0,0
3115.44,0.1002,1,0,0,0,0,0
540.74,-0.0614,0,0,0,0,0,0
3880.45,-0.1002,0,1,0,0,0,0
18742.58,3.7648,0,1,0,1,0,0
5528.32,0.1355,0,3,0,0,0,0
1095.82,-0.2377,0,3,0,0,0,0
14348.87,2.5593,0,1,1,0,0,1
3186.99,0.1752,0,0,0,0,0,0
1495.9,-0.3828,0,2,0,0,0,0
6382.84,0.6352,0,0,0,0,0,0
812.11,-0.1725,0,1,0,0,0,0
2247.14,-0.1094,0,1,1,0,0,0
9577.78,1.8491,1,0,0,0,0,0
2701.43,0.1375,0,0,0,0,0,0
2289.78,-0.1922,0,1,0,0,0,0
2166.41,-0.1853,0,0,0,0,0,0
3335.85,0.0783,0,1,0,0,0,0
2217.96,0.5346,0,4,0,1,0,1
6971.68,0.545,0,0,0,0,0,0
1992.42,-0.0989,0,0,0,0,0,0
7827.9,0.8628,0,3,1,0,0,1
3976.34,-0.0925,0,6,0,1,0,0
3217.03,-0.089,0,1,0,1,0,0
1966.32,0.1027,0,0,0,0,1,0
1559.15,0.0962,1,0,0,0,0,0
600.64,0.2011,0,2,0,0,0,0
2585.92,0.3598,0,2,0,0,0,0
2862.58,0.1423,0,1,0,0,0,0
3674.76,0.062,0,0,0,0,0,0
4508.35,1.3154,1,2,0,0,0,1
1266.92,-0.0074,0,1,0,0,0,0
1988.12,-0.0015,0,4,0,1,0,0
1007.85,-0.5589,0,0,0,0,0,0
8090.08,1.5803,0,0,0,0,1,0
4941.98,-0.0089,0,1,0,1,0,0
7774.61,3.82,1,3,0,0,1,0
2581.52,-0.3239,0,4,0,0,0,0
3052.92,0.0706,0,4,0,0,0,0
13120.74,1.7477,0,1,0,0,0,0
693.41,-0.1632,0,0,0,0,0,0
4233.98,-0.0654,0,1,0,0,0,0
644.77,0.1043,0,1,0,0,0,0
2135.98,1.6361,0,0,1,0,0,0
1267.12,0.2071,0,2,0,0,0,0
484.16,-0.1863,0,1,0,0,0,0
3106.43,-0.1524,1,0,0,0,1,0
21093.52,5.1078,0,2,0,0,0,1
5811.04,0.1968,0,1,0,0,1,0
3543.07,0.2733,1,0,0,1,0,0
2952.35,0.3081,1,3,0,0,1,1
865.09,0.16,0,2,1,0,0,0
1072.06,0.151,0,0,1,0,0,0
2198.83,-0.051,0,0,0,0,0,0
3181.92,-0.191,0,3,0,0,0,0
2311.85,0.4982,1,1,0,0,0,0
994.81,0.3682,0,1,0,0,0,0
2131.87,0.0596,0,1,0,0,0,0
2564.81,-0.4623,0,0,0,0,0,0
10337.54,1.7508,0,1,0,0,0,0
2489.94,-0.2606,0,0,0,0,0,0
4538.28,0.8391,1,6,1,0,1,1
1228.68,0.1184,0,2,0,0,0,0
5136.33,0.2584,0,0,0,0,0,0
3433.55,-0.1167,0,3,0,0,0,0
2481.95,-0.3797,0,0,1,0,0,0
3021.31,-0.1586,0,1,0,0,0,0
918.95,-0.0534,0,0,0,0,0,0
4692.38,-0.0126,1,0,1,1,0,0
2862.8,0.1292,0,1,0,0,0,0
3561.14,0.3768,0,2,0,0,0,0
2068.14,-0.3031,0,0,0,0,0,0
4461.04,0.2588,0,0,1,0,1,0
3110.64,-0.3272,0,0,0,0,0,0
1520.43,-0.0205,0,2,0,0,0,0
1153.2,0.2693,0,2,0,0,0,0
472.41,-0.2256,0,3,0,1,0,0
12723.81,3.6869,0,0,1,0,0,0
2649.38,0.144,0,0,0,0,0,0
1521.94,0.062,0,1,0,0,0,0
6135.24,1.4987,0,1,0,0,0,0
3151.1,0.318,0,0,0,0,0,0
1931.43,-0.0848,0,0,0,1,0,0
1901.95,-0.0024,0,0,0,0,0,0
4027.38,0.2811,0,0,0,0,0,0
1639.26,-0.0174,0,0,0,0,0,0
4245.8,0.0654,0,2,0,0,0,0
870.1,-0.0095,0,2,0,0,0,0
15001.12,2.7519,0,1,1,0,0,0
2951.66,-0.1484,0,1,0,0,0,0
1555.35,0.2511,1,0,0,0,0,0
2695.74,0.1121,0,0,0,0,0,0
2759.85,0.2423,0,1,0,1,0,0
4693.48,0.1781,1,1,0,0,0,0
851.38,-0.0894,0,0,0,0,0,0
3188.83,-0.0637,0,7,1,0,0,0
4503.83,0.1893,0,0,1,1,0,0
3936.66,0.0,0,1,0,0,1,0
4529.83,0.621,0,0,0,1,0,0
1430.96,-0.4099,0,0,0,0,0,0
2908.65,-0.0909,0,1,0,0,0,0
7546.95,1.791,0,0,0,0,0,0
3144.78,-0.0263,1,0,0,1,0,0
3119.97,-0.0061,0,1,0,0,0,0
15494.68,2.4956,0,1,1,0,0,0
4011.44,-0.068,1,0,0,0,0,0
4410.57,0.1819,0,2,0,0,0,0
2141.89,-0.2216,0,1,0,0,0,0
2382.64,-0.1594,0,1,0,0,0,0
2455.22,0.0418,0,0,0,0,0,0
2910.47,0.0059,0,0,0,0,0,0
689.51,-0.1259,0,2,0,0,0,0
3329.0,-0.1791,1,1,0,0,0,0
742.34,0.1276,0,2,0,0,0,0
13705.37,3.1245,0,1,0,0,0,0
5056.66,0.245,0,0,0,0,1,0
5233.01,0.1939,0,0,0,0,0,0
4869.36,0.1918,0,0,0,0,0,0
1173.7,-0.3701,0,3,0,0,0,0
4563.89,0.2833,0,0,0,0,0,0
1057.56,0.1805,1,1,1,0,0,0
3782.52,-0.1651,0,1,0,0,0,0
691.42,-0.226,0,4,0,0,0,0
5297.49,1.3212,0,1,0,0,0,0
3315.59,0.3043,0,0,0,0,0,0
2478.66,-0.1328,0,0,0,0,0,0
2363.56,0.2887,0,0,0,0,0,0
1644.44,-0.1019,0,1,0,0,0,0
7256.08,0.6841,1,3,0,0,0,1
1683.02,-0.0424,0,0,0,0,0,0
637.4,-0.2327,0,3,0,0,1,0
1613.71,0.0795,1,2,0,0,0,0
11338.77,3.2719,0,0,0,0,0,0
2904.45,-0.3261,0,1,0,0,0,0
4465.39,-0.0662,0,4,0,0,0,0
2206.9,1.5659,0,1,0,0,0,0
1638.75,0.0649,1,5,0,1,0,0
4441.63,-0.0143,0,0,0,0,0,0
1304.62,-0.3974,1,0,0,0,0,0
1843.17,0.11,0,3,1,0,0,0
650.74,-0.0179,0,1,0,0,0,0
3294.01,0.0425,0,2,0,1,0,0
1403.3,-0.0659,0,1,0,0,0,0
2195.47,-0.4459,0,0,0,0,0,0
3098.59,-0.2577,0,0,0,0,0,0
2802.24,-0.3439,0,1,1,0,0,0
2942.65,-0.2524,0,3,0,0,0,0
4231.31,0.6596,0,1,0,0,1,1
4969.36,0.1231,1,1,0,0,0,0
5661.32,0.7902,1,0,0,0,0,0
1737.05,-0.4287,0,0,0,0,0,0
1792.07,-0.2542,0,0,1,0,0,0
3203.37,-0.02,0,1,0,0,1,0
11220.55,1.7903,0,1,0,0,0,0
2203.19,0.5883,0,2,0,0,0,0
4062.86,3.587,1,5,0,0,0,1
760.46,0.2532,0,0,0,0,0,0
4122.54,0.2127,1,2,0,0,0,0
929.82,0.2034,0,6,0,0,0,0
4397.53,1.8365,0,3,0,1,0,0
2113.81,0.0677,1,1,0,0,0,0
2125.94,0.0625,0,1,0,0,0,0
4700.17,1.4889,0,4,0,0,0,0
1447.21,0.2155,0,4,0,0,0,0
5131.63,0.7098,0,1,0,1,0,1
2293.85,-0.3041,0,1,0,0,0,0
3958.58,0.1954,0,0,0,0,0,0
5888.82,0.2737,0,1,0,0,0,0
2090.38,0.1158,0,1,0,0,0,0
2114.3,0.1796,0,1,0,0,0,0
1405.82,0.2396,0,1,0,0,0,0
5322.89,0.4274,1,2,0,1,0,0
3606.19,0.3892,0,2,0,0,0,0
2233.45,-0.0989,0,3,0,0,0,0
21708.26,8.2928,1,6,1,1,0,1
2008.89,0.2581,0,1,0,1,0,0
4020.25,0.0354,0,2,0,0,0,0
2390.85,-0.0129,0,1,0,0,0,0
5095.08,0.2924,0,2,0,0,0,0
3068.59,0.3881,0,1,0,0,0,0
595.27,0.1459,0,0,0,0,1,0
16198.25,2.346,0,2,0,1,0,1
406.09,-0.4061,0,0,0,0,0,0
4359.55,0.2117,0,0,0,0,0,0
3864.93,-0.1757,0,2,1,0,0,0
5658.72,0.9578,0,1,0,0,0,0
738.57,-0.1713,1,1,0,0,0,0
5152.93,0.1993,0,0,0,0,0,0
4615.41,0.9274,0,3,0,1,1,1
710.46,-0.0702,0,0,0,0,0,0
3756.89,1.7507,0,1,0,0,0,0
2838.27,-0.0305,0,0,0,1,1,0
4470.03,0.2416,0,0,0,0,0,0
3697.78,0.0129,0,1,0,0,0,0
4605.67,0.1186,0,0,0,0,0,0
4044.1,-0.0867,0,0,0,0,0,0
1858.6,-0.1221,0,0,0,0,0,0
7707.8,0.8186,0,0,0,0,0,0
4350.4,-0.0758,0,2,0,0,0,0
8880.83,1.4397,0,6,0,0,0,1
1372.3,0.0292,0,5,0,0,0,0
8714.33,1.1093,1,0,1,0,0,1
2112.55,-0.1454,0,0,0,1,0,0
2948.54,-0.2976,0,4,0,0,0,0
948.88,0.1038,0,3,1,0,0,0
1770.73,0.2172,0,1,0,0,0,0
1264.1,0.2059,0,3,0,0,0,0
4841.67,0.1224,0,2,1,1,0,0
1993.27,-0.2273,0,0,0,0,0,0
5072.09,0.5127,1,2,0,0,0,0
2477.54,-0.0905,0,0,0,0,0,0
1547.8,-0.1438,0,2,0,0,1,0
2448.6,-0.2162,0,2,0,0,0,0
4873.81,-0.0228,0,2,0,0,1,0
3003.51,0.1586,0,3,1,0,0,0
4534.3,0.0144,0,1,1,0,0,0
4042.51,1.6765,0,0,0,0,0,0
3998.0,0.4141,0,0,0,0,0,0
4161.49,1.5252,0,0,0,0,0,0
4144.12,-0.0268,0,2,0,0,0,0
3349.92,-0.3049,0,1,0,0,1,0
497.36,-0.2708,0,0,0,0,1,0
4006.43,1.3989,0,1,1,0,0,0
4398.61,0.5077,0,0,0,0,1,0
14374.69,3.1036,0,5,1,1,1,1
2058.3,0.104,0,0,0,0,0,0
5227.52,0.1378,0,1,0,0,0,0
2108.1,-0.2889,0,0,0,1,0,0
4595.73,0.1382,0,0,0,0,0,0
3176.74,-0.0506,0,1,0,0,0,0
15515.01,3.195,1,1,0,0,1,0
11573.11,1.4918,0,3,0,0,0,0
3695.47,-0.0225,0,0,0,0,0,0
5233.68,0.05,0,3,0,0,0,0
134.05,-0.7431,0,3,0,0,1,0
3995.47,0.0201,0,0,0,0,0,0
2126.65,0.0337,0,0,0,0,0,0
3018.04,0.7366,0,2,0,0,0,1
1279.39,-0.1869,0,0,0,0,0,0
5310.21,1.1198,0,0,0,0,0,0
5001.22,0.3627,0,0,0,0,0,0
11632.88,1.6438,0,1,0,0,0,0
3860.2,-0.1001,0,0,0,0,0,0
3816.99,0.0647,1,2,0,1,0,0
5372.16,0.4049,0,0,0,0,0,0
1765.68,-0.2453,0,2,0,0,0,0
1313.04,-0.0992,1,0,0,0,0,0
1951.19,0.1446,0,7,0,0,0,0
2592.3,1.3576,0,0,1,0,0,0
5072.13,0.0758,0,2,0,0,0,0
9073.64,1.55,0,2,0,1,0,0
2940.79,-0.0119,0,0,0,0,0,0
1297.26,0.1534,0,0,0,0,0,0
5675.55,0.3282,1,3,0,0,0,0
3750.03,0.0866,0,0,0,0,0,0
890.59,0.0713,0,2,0,0,0,0
3442.58,-0.3058,0,0,1,0,0,0
785.51,0.2329,0,0,0,0,0,0
1540.97,-0.1278,0,4,0,0,0,0
2022.45,-0.3716,0,0,0,0,0,0
11145.68,1.2417,0,1,0,0,0,0
9549.3,2.2746,0,6,0,0,0,0
1535.57,-0.1923,0,4,0,0,0,0
5293.46,0.1823,0,1,0,0,0,0
5952.13,0.6752,0,0,0,1,1,0
930.66,0.2196,0,0,0,0,0,0
639.19,0.2316,0,1,0,1,0,0
23518.0,3.7653,0,1,0,0,0,0
9562.33,1.2855,1,1,1,0,0,0
3144.78,-0.2009,0,0,0,0,0,0
4968.02,0.3769,1,1,0,0,0,0
6865.14,0.7938,0,0,0,1,0,0
3235.71,0.0571,0,0,0,0,0,0
4858.24,0.0038,0,2,0,0,0,0
2064.74,0.4228,0,3,1,0,0,0
2283.98,0.078,0,2,0,0,0,0
2525.18,0.5874,0,1,0,1,0,0
3861.75,0.3807,0,0,0,0,0,0
4355.16,1.9794,0,0,0,0,1,0
1656.44,1.1713,0,5,0,0,0,0
2882.39,0.8577,1,0,0,0,1,1
7319.7,1.1286,0,2,0,0,0,0
683.58,-0.0503,0,1,0,0,0,0
11677.52,3.4478,0,1,0,0,0,0
3860.32,0.9231,0,2,1,1,0,1
3584.63,-0.2091,0,1,0,0,0,0
4946.27,0.1398,0,1,1,0,0,0
1282.17,-0.0508,0,1,0,0,0,0
4676.22,0.0927,0,0,0,0,0,0
2531.29,0.2099,0,2,0,0,0,0
4944.88,0.5856,0,0,0,0,0,0
2886.93,0.8504,0,1,0,0,0,0
1115.26,0.8231,1,0,0,0,0,0
2270.68,0.6753,0,4,0,0,0,0
4657.28,0.3428,0,1,0,0,0,0
3901.07,-0.0597,0,0,1,0,0,0
3840.48,0.0979,0,1,0,0,0,0
5462.41,0.1608,0,1,0,0,0,0
1536.68,0.1713,0,5,0,0,1,1
3429.47,-0.1668,1,5,1,0,0,0
8054.84,0.9506,0,0,0,0,0,0
5538.65,0.3352,0,0,0,0,0,0
3626.83,0.4836,0,2,0,0,0,0
3707.57,0.1811,0,2,0,0,1,0
2264.74,0.3604,0,0,0,0,0,0
10222.53,3.0348,0,4,0,0,0,0
1898.95,0.3408,0,1,0,0,0,0
3448.61,-0.2875,0,0,0,0,0,0
662.03,0.1441,0,1,0,0,0,0
709.15,-0.2494,0,0,0,0,0,0
712.63,-0.1401,0,3,0,0,0,0
2052.89,1.1299,0,0,0,0,0,0
1287.05,-0.2824,0,5,0,0,0,0
3294.36,0.4812,0,2,0,0,0,0
1950.92,0.1446,0,0,0,0,0,0
21997.85,6.1211,0,0,0,0,1,1
3810.61,-0.0463,0,5,0,0,0,0
4067.55,0.4028,0,0,0,0,0,0
3109.91,-0.0254,0,1,1,0,0,0
2254.14,-0.1455,0,2,1,0,0,0
8888.81,0.8011,0,0,0,0,1,0
2788.74,-0.0305,0,0,0,0,0,0
3809.54,-0.1536,0,2,0,0,0,0
463.17,-0.1402,0,2,0,1,0,0
3078.19,0.4767,0,0,0,0,0,0
2704.99,0.5974,0,2,0,0,0,0
6915.86,0.428,0,2,0,0,0,0
10271.93,1.2339,1,1,1,0,0,1
2549.41,0.0635,0,1,0,0,0,0
2609.57,0.3833,1,0,0,0,1,0
1872.01,0.6369,0,0,0,1,1,0
5170.04,0.6371,0,4,0,0,0,0
2345.1,-0.2129,0,1,0,0,0,0
2302.25,0.0058,0,1,0,0,0,0
3636.71,0.1411,0,1,0,0,0,0
3055.68,0.073,0,5,0,0,1,0
4194.67,1.6271,0,2,0,0,0,0
7300.03,5.1219,1,2,0,1,0,1
4945.34,-0.0072,0,2,0,1,0,0
4210.55,-0.052,0,2,0,0,0,0
4002.9,0.014,0,0,0,1,0,0
7833.84,1.0258,0,1,0,1,0,0
12355.97,1.6338,0,0,0,0,0,0
9520.5,0.9684,1,0,0,0,0,0
9145.9,1.4179,0,5,1,0,0,1
1281.48,-0.1199,0,2,1,0,0,0
1714.11,-0.243,0,0,0,0,0,0
4475.73,0.0285,0,3,0,0,0,0
18905.74,3.9607,0,1,1,0,1,0
4249.42,-0.0673,0,2,0,0,0,0
4799.68,0.3289,0,0,0,0,0,0
1305.64,0.3981,0,0,0,0,0,0
4698.27,0.0258,0,0,0,0,1,0
3461.31,2.0239,0,0,0,0,0,0
2813.76,0.0891,0,0,0,0,0,0
1351.39,0.2563,0,1,0,0,0,0
4922.25,0.0896,0,1,0,0,0,0
1653.62,0.0556,0,0,0,0,0,0
3794.51,-0.0038,0,0,0,0,0,0
1746.92,0.2293,1,0,1,0,0,0
3862.64,0.1254,0,2,0,0,0,0
5163.96,0.1693,0,0,0,0,0,0
3567.31,-0.1712,0,3,1,0,0,0
2412.79,0.1558,0,0,0,0,0,0
9860.86,1.1917,0,0,0,0,0,0
2055.52,-0.1039,0,3,0,0,0,0
4198.86,0.0326,0,0,0,0,0,0
10109.92,2.8595,0,0,0,0,0,0
3529.47,-0.1436,0,0,0,0,0,0
5927.06,0.2867,0,2,0,0,0,0
7399.32,0.7301,0,1,0,0,0,0
5823.09,0.2605,1,0,1,0,0,0
1082.23,0.0198,0,0,0,0,0,0
668.78,0.0692,0,1,0,0,0,0
6778.49,1.8227,1,0,0,0,0,0
4423.63,-0.0611,0,1,1,0,0,0
4341.51,0.1233,0,0,0,0,0,0
5640.08,2.9151,0,0,0,0,0,0
1757.0,0.0043,0,0,0,0,0,0
1395.64,0.0132,0,0,0,0,0,0
3858.08,0.0761,0,1,0,0,0,0
4931.73,0.2271,0,0,0,0,0,0
1529.57,0.4915,0,3,0,0,0,0
1473.6,0.1393,0,0,0,0,0,0
4876.14,0.0205,0,2,0,0,0,0
6062.77,0.3928,0,0,0,0,0,0
4850.48,0.0356,0,2,0,0,0,0
2534.93,-0.0249,1,0,0,1,0,0
7968.77,0.9662,0,0,0,0,0,0
1531.51,0.0435,0,1,0,0,1,0
3986.9,-0.1225,0,0,0,0,0,0
4267.31,-0.082,0,1,0,0,0,0
3810.27,0.1913,0,0,0,0,0,0
4704.1,0.1038,0,1,0,0,0,0
3212.82,-0.1691,0,2,0,0,0,0
2771.36,-0.2488,0,2,0,1,0,0
2249.42,-0.1345,0,1,0,0,0,0
4193.67,-0.0191,0,0,1,1,0,0
4161.33,-0.1108,0,0,0,0,0,0
5926.78,0.5986,0,2,0,1,0,1
923.29,0.0901,0,0,0,0,0,0
1446.94,0.247,1,1,0,0,0,0
5410.45,0.3183,0,3,0,0,0,0
3781.65,-0.1796,0,0,0,0,0,0
5396.31,0.0863,0,0,0,0,0,0
3189.37,-0.2814,0,1,0,0,0,0
3500.46,-0.1887,0,2,0,0,0,0
4378.47,0.206,0,2,1,0,0,0
2006.36,0.275,0,2,0,1,0,0
4660.4,0.2839,1,1,0,0,0,0
3075.86,0.1908,1,0,0,0,0,0
4389.71,-0.0866,0,0,0,0,0,0
1642.37,0.5606,0,0,0,0,0,0
4587.52,-0.031,1,1,0,0,0,0
3480.43,0.2039,0,4,0,0,0,0
3651.99,0.0107,0,0,0,1,0,0
3387.31,0.1948,0,0,0,0,0,0
3111.99,0.0345,0,2,0,0,1,0
1081.36,0.3365,0,0,0,0,0,0
3490.64,-0.2748,0,2,1,0,0,0
3419.36,0.1209,0,0,0,0,0,0
1600.66,-0.0232,0,1,0,0,0,0
1372.49,0.5187,0,1,0,0,0,0
6192.33,0.3943,0,0,0,0,0,0
5783.33,0.3053,0,0,0,0,0,0
4277.02,0.489,0,0,0,0,1,0
1881.8,0.1478,0,1,0,0,0,0
2131.13,0.5517,1,0,0,0,0,0
1827.03,0.8749,0,2,0,0,0,1
2248.74,0.0758,0,0,0,0,0,0
3248.96,-0.2228,0,2,1,0,0,0
1837.13,0.2165,0,3,1,0,0,0
3016.46,-0.3671,0,1,0,0,0,0
3524.43,2.6384,0,0,0,0,0,0
4067.82,-0.131,1,0,0,0,0,0
1133.53,0.2849,0,0,1,0,0,0
3518.16,0.0752,0,3,0,0,0,0
1094.62,-0.2676,0,0,0,0,0,0
3156.07,0.3418,0,0,0,0,0,0
4876.1,1.3959,0,1,0,0,0,0
2264.57,-0.2393,1,2,0,0,0,0
837.55,0.1985,0,0,0,0,0,0
9535.86,2.5863,0,4,0,1,1,1
3456.43,0.3274,1,0,1,0,1,0
1909.95,-0.1997,0,0,0,1,0,0
3273.58,-0.3359,0,1,0,0,0,0
1736.39,0.5492,0,3,0,0,0,0
2984.31,0.2283,0,0,0,0,0,0
1789.12,0.3763,0,4,0,0,0,0
3680.31,0.2718,1,0,0,0,0,0
1479.93,0.0535,0,2,0,0,0,0
937.78,0.1407,0,4,0,0,0,0
5122.31,0.8837,0,4,0,0,0,1
5496.37,0.2397,0,0,0,0,0,0
4350.57,0.0287,0,0,0,0,1,0
3194.1,0.9055,0,1,1,0,0,0
8549.49,0.8781,0,0,0,0,0,0
1138.1,0.0996,0,1,0,0,0,0
2199.12,1.3485,0,3,0,0,0,0
4538.0,0.071,1,0,0,1,0,0
5261.16,0.8773,0,3,0,1,1,1
947.98,-0.2246,0,1,0,0,0,0
2152.08,0.1017,0,1,0,0,0,0
1971.82,0.0102,0,1,0,0,0,0
691.92,0.1142,0,0,0,0,0,0
1298.54,1.2457,0,1,0,0,0,0
15915.43,2.9416,0,0,0,0,0,0
3650.71,-0.0101,0,0,0,0,0,0
1275.39,-0.1041,0,6,0,0,0,0
2660.4,-0.2915,0,0,0,0,0,0
2720.48,0.3166,0,0,0,1,0,0
16322.54,2.8477,0,1,0,0,0,0
2985.54,1.2294,0,0,0,0,0,0
4722.71,1.3284,0,2,0,0,0,0
2450.9,-0.1451,1,3,0,0,0,0
3867.86,0.0088,0,2,1,0,0,0
9310.36,1.7212,0,0,0,1,0,0
7435.6,1.6284,0,5,0,0,0,0
3954.33,0.3246,0,3,0,0,0,0
1713.95,0.144,0,5,0,0,0,0
421.63,-0.3606,0,0,0,0,0,0
1722.09,0.7109,0,5,0,0,0,0
2807.26,0.0146,0,1,0,0,0,0
2951.89,0.0885,0,0,0,0,0,0
2779.12,0.1997,0,0,0,0,0,0
11580.36,1.869,0,0,0,0,0,0
2355.9,0.1924,0,0,0,0,0,0
3263.72,-0.1747,1,1,0,0,0,0
2970.18,-0.2125,0,2,0,0,0,0
1060.32,0.165,0,0,0,0,0,0
6119.53,1.2494,0,0,0,0,0,0
3667.2,0.2038,0,2,0,0,0,0
3996.23,-0.0574,0,4,0,0,0,0
7080.5,0.419,0,0,0,0,0,0
4826.67,1.3531,0,1,0,0,0,0
2473.1,0.1125,1,2,0,1,0,0
13559.81,1.822,0,3,0,0,1,0
5793.13,1.9373,0,0,0,0,0,0
3772.37,-0.0596,0,0,0,0,0,0
5695.12,1.8797,0,0,1,0,0,0
10710.72,1.2084,0,0,0,0,0,0
3188.84,-0.0864,0,0,0,0,0,0
3615.64,0.001,0,4,0,0,0,0
2903.52,-0.1042,0,1,0,0,0,0
4303.26,0.2472,0,0,0,0,0,0
2023.96,1.001,0,0,0,0,0,0
2765.42,-0.2074,0,1,0,0,0,0
3119.21,0.1923,0,1,0,0,0,0
3581.19,1.2249,0,0,0,1,0,0
5076.22,0.091,0,0,0,0,1,0
269.79,-0.4791,0,0,0,0,0,0
2660.77,-0.0298,0,1,0,0,0,0
634.81,0.0349,0,0,0,0,0,0
9158.58,1.8483,0,1,0,0,0,0
709.99,0.1519,0,4,0,0,0,0
520.29,-0.1829,1,2,0,0,0,0
2367.92,0.0728,0,0,0,0,0,0
5414.62,0.7719,0,0,0,0,0,0
3696.38,0.0178,0,1,0,0,0,0
938.38,-0.1087,0,2,0,0,0,0
1265.1,0.1125,0,3,0,0,0,0
1962.17,-0.1919,0,1,0,0,0,0
3914.02,-0.1187,0,0,0,0,0,0
1197.95,-0.0237,0,1,0,0,0,0
2799.66,0.2228,0,0,0,0,0,0
2735.48,-0.277,0,3,0,1,0,0
3158.51,0.1891,0,2,0,0,1,0
2368.67,-0.4359,0,0,1,0,0,0
3626.77,0.0566,0,1,0,0,0,0
1146.53,0.6609,1,0,0,0,0,0
1320.38,0.4816,0,5,1,0,0,0
5640.1,0.2518,0,3,0,0,0,0
3401.62,0.0546,0,0,0,0,0,0
2223.67,0.2598,0,1,0,0,0,0
3958.5,0.2069,0,4,0,1,0,1
268.43,-0.5773,0,1,0,0,0,0
4802.09,0.1101,0,0,0,0,0,0
2981.17,0.1425,0,2,0,0,1,0
5505.82,0.1785,0,1,0,0,0,0
3281.94,0.1949,0,0,0,0,0,0
3728.36,1.1953,0,0,0,0,0,0
979.36,-0.252,0,0,0,0,0,0
4110.34,0.3223,0,0,0,0,1,0
6081.56,0.2281,1,0,0,0,1,0
2888.14,0.0117,1,0,1,0,0,0
4607.6,3.939,0,2,0,0,0,0
1622.63,-0.1419,0,0,1,0,0,0
1181.05,0.0213,0,1,0,0,0,0
8911.89,2.166,0,2,0,0,0,1
1905.25,-0.1882,1,0,0,0,1,0
1680.01,0.4967,0,0,0,0,0,0
432.03,-0.2134,0,1,0,0,0,0
927.05,-0.4251,0,1,0,1,0,0
5171.16,1.0644,0,2,0,0,0,0
4332.12,0.358,0,0,0,0,0,0
1988.34,0.2393,0,0,0,0,0,0
3828.47,-0.1709,0,0,0,0,0,0
1074.46,-0.2701,0,0,1,0,0,0
3215.82,-0.1639,0,0,0,0,0,0
452.19,-0.3751,0,2,0,0,0,0
5352.82,0.0962,0,2,0,0,0,0
5973.35,1.8147,0,4,0,0,1,0
583.48,0.0032,0,0,0,0,0,0
15969.07,3.7375,0,1,0,0,0,0
2388.66,1.0298,0,0,0,0,0,0
7166.81,1.9018,0,0,0,0,0,0
2209.69,-0.345,0,0,0,0,0,0
2826.19,0.3942,0,0,0,0,0,0
1430.23,0.5011,0,0,0,0,0,0
3918.11,0.2327,0,0,0,0,0,0
4821.2,0.0454,0,1,0,0,0,0
3364.5,-0.1501,0,6,0,0,0,0
774.53,0.1457,0,0,0,0,0,0
4608.74,0.3136,0,2,1,0,0,0
2772.88,-0.0509,0,2,0,0,0,0
1329.15,1.1401,0,2,0,1,0,0
8627.85,1.8035,0,0,0,0,1,0
7139.73,1.1602,0,3,0,1,0,0
21650.32,6.3071,1,2,0,0,0,1
2612.59,-0.0983,0,0,0,0,1,0
1183.72,-0.3119,0,5,0,0,0,0
3289.82,0.7954,0,2,0,0,0,0
2536.7,0.6441,0,1,0,0,0,0
1345.05,0.0603,0,2,0,0,0,0
4265.69,1.6388,0,2,0,0,0,0
5060.25,1.5235,0,2,0,0,0,0
2306.53,-0.3259,0,3,1,0,0,0
6051.37,0.2742,1,0,0,0,0,0
2233.77,0.8804,1,2,0,0,0,0
7251.0,0.9983,0,3,0,0,0,0
5315.66,0.4785,0,2,0,0,0,0
4576.44,0.2101,1,0,0,0,0,0
797.77,0.1213,0,1,0,0,0,0
4041.06,-0.1581,0,0,0,1,0,0
3091.32,0.1566,0,0,0,0,0,0
2809.96,0.1414,0,1,0,0,0,0
589.51,0.0955,0,1,0,0,0,0
1448.45,-0.3287,0,0,0,0,0,0
4019.2,0.2301,0,0,0,0,0,0
3595.34,0.0013,0,0,0,0,0,0
6415.4,0.8377,0,6,0,0,0,0
1512.97,0.1869,0,3,1,0,1,1
4317.51,-0.033,0,0,0,0,0,0
2548.27,-0.3786,0,1,0,0,0,0
2902.39,1.7264,0,3,0,0,0,0
1184.98,-0.4899,0,0,0,1,0,0
4881.52,1.2167,0,2,0,0,0,0
2684.22,-0.0515,0,0,0,0,0,0
3646.71,-0.0419,0,3,0,0,0,0
3206.58,0.0581,0,2,0,0,0,0
2032.6,-0.0015,0,2,0,0,0,0
4600.37,0.0224,0,7,0,0,0,0
9688.37,1.2469,0,2,0,1,0,0
4974.81,0.2492,0,1,1,0,0,0
1812.93,0.2327,0,3,0,0,0,0
3255.59,-0.3272,0,0,0,0,0,0
2476.86,-0.4042,0,1,0,0,0,0
628.83,0.0494,0,0,0,0,0,0
896.32,0.3242,0,2,1,0,0,0
2452.51,0.2821,0,1,0,0,0,0
1625.01,-0.1377,0,3,0,0,0,0
2192.28,-0.0123,0,2,0,0,0,0
1775.11,0.2777,0,0,0,0,0,0
4166.13,0.1221,0,1,0,0,0,0
1729.56,-0.4241,0,2,0,1,0,0
2846.55,-0.1095,0,2,0,0,0,0
3345.76,0.1724,0,1,1,0,0,0
3669.2,0.0769,0,2,1,0,1,0
3323.84,-0.1461,0,0,0,0,0,0
2507.68,-0.2046,1,1,0,0,0,0
1982.58,0.092,0,0,0,1,0,0
3484.61,-0.0327,1,0,0,0,0,0
2242.62,-0.261,0,0,0,0,0,0
1389.64,-0.3598,0,0,0,0,1,0
957.24,-0.0708,0,0,0,0,0,0
3531.42,1.1919,0,0,0,0,0,0
2771.12,-0.2682,1,0,0,0,0,0
4612.31,0.1223,1,3,0,0,0,0
3278.97,0.7246,0,0,0,0,1,0
3122.47,-0.3583,0,1,0,0,0,0
3037.72,-0.2245,0,2,0,0,0,0
872.21,-0.5409,0,0,0,0,0,0
2198.07,0.1252,0,1,0,1,0,0
668.25,0.0174,0,4,0,0,0,0
825.47,0.3452,0,2,0,0,0,0
1176.4,-0.1646,0,2,0,0,0,0
1743.14,-0.2846,0,0,0,0,0,0
2307.97,0.1804,0,5,0,0,0,0
4104.63,0.1494,1,2,0,0,0,0
3923.13,0.2067,0,0,0,0,0,0
4751.76,0.3456,0,0,0,0,0,0
754.66,-0.1432,0,0,0,0,0,0
2145.5,0.0264,0,1,0,0,1,0
3765.22,1.1644,0,1,0,1,0,0
7436.5,0.8095,0,1,0,0,0,0
2996.74,-0.3341,0,0,0,0,0,0
1552.27,-0.3401,0,0,0,0,0,0
1414.76,-0.0723,0,0,0,0,0,0
3566.41,-0.2334,0,0,0,0,1,0
4852.05,0.4643,0,0,0,0,0,0
5805.57,0.8971,1,0,0,0,0,0
4013.9,0.089,0,3,0,0,0,0
1908.64,0.1117,0,0,0,0,0,0
4312.5,0.13,0,1,0,0,0,0
1872.27,1.9157,0,1,0,1,1,0
3513.96,0.1125,0,1,0,0,0,0
1719.59,1.3574,0,1,0,0,0,0
7788.67,1.9966,0,0,0,0,0,0
4167.57,0.2329,0,0,0,0,0,0
4166.77,0.3787,0,5,0,0,0,0
3831.93,0.3392,0,0,0,1,0,0
2554.66,0.3933,1,1,0,0,0,0
10077.99,1.5461,0,0,0,0,0,0
573.09,0.0383,1,2,1,0,0,0
1708.51,-0.0696,0,4,0,0,0,0
5413.81,1.1397,0,0,0,0,0,0
5535.33,0.3518,0,1,0,0,0,0
2555.97,2.8498,0,0,0,0,0,0
4540.17,-0.0007,0,1,0,1,0,0
2580.95,0.7955,0,3,0,0,0,0
2250.69,3.3345,0,1,0,0,0,0
3162.9,-0.0068,0,3,0,0,0,0
10154.95,1.3821,0,3,1,0,0,0
2447.7,-0.3371,0,2,0,0,0,0
10090.53,1.6304,0,3,0,0,0,0
4691.12,0.1732,0,0,0,0,0,0
1051.63,-0.1892,0,3,0,1,0,0
3808.35,0.0498,0,0,0,1,0,0
1161.73,-0.0428,0,0,0,0,0,0
1961.86,1.0525,0,0,1,1,0,1
803.77,0.1079,0,1,0,0,0,0
5086.8,0.0343,0,2,0,0,0,0
2806.36,-0.122,0,1,0,0,0,0
3481.38,0.1915,0,1,0,0,0,0
15279.3,2.458,1,0,0,1,0,1
3601.85,-0.2261,0,0,1,0,0,0
2715.17,-0.3818,0,0,0,0,0,0
4377.36,0.8479,0,0,0,0,0,0
3320.77,1.7206,0,1,0,0,0,0
1369.49,-0.334,0,2,0,0,0,0
2061.15,0.6512,0,1,0,0,0,0
3645.87,0.0952,0,4,0,1,0,0
5540.74,1.1894,0,2,0,0,0,0
6579.84,0.8793,1,5,0,0,1,1
9937.29,1.0998,0,1,0,0,0,0
9158.44,1.3301,0,3,0,0,0,0
15850.04,2.6637,1,0,1,0,0,0
1134.77,-0.0276,0,0,0,0,0,0
4329.42,0.3084,1,0,0,0,0,0
3579.39,-0.0881,0,0,1,0,0,0
3316.51,2.2899,0,0,0,1,0,0
538.66,-0.1867,0,0,0,0,0,0
673.17,0.1593,0,2,0,0,0,0
598.81,-0.3472,0,0,0,1,0,0
5370.93,0.1365,1,0,0,1,0,0
5090.37,0.3043,0,0,0,0,0,0
1161.9,-0.0042,0,1,0,0,0,0
4917.34,0.2367,0,6,1,0,0,1
793.92,0.0859,0,1,0,0,0,0
1323.71,0.0921,0,0,0,0,0,0
2264.39,-0.1565,0,0,0,0,0,0
4346.1,-0.0954,0,4,0,0,0,0
1262.74,-0.0021,0,5,0,0,1,0
2030.65,0.4295,0,2,0,0,0,0
2076.73,-0.0261,0,1,0,0,0,0
2448.27,0.0055,0,0,0,0,0,0
1709.02,-0.116,0,0,1,0,0,0
3141.4,0.168,0,7,1,0,1,0
1105.77,-0.2001,0,0,0,0,0,0
3058.92,-0.1543,0,1,1,0,0,0
8386.52,1.2864,0,0,0,0,0,0
3518.45,1.5662,1,3,1,1,1,1
1888.22,-0.264,0,0,0,0,0,0
10744.89,2.7122,0,1,0,0,0,0
15297.08,2.5504,0,0,0,0,0,0
2330.88,-0.0511,0,2,0,0,0,0
3329.22,0.1374,0,0,0,0,0,0
1464.49,1.8462,1,1,0,0,0,1
1853.92,0.0565,0,0,0,0,0,0
3779.72,0.9022,1,0,0,0,0,0
3170.43,0.308,0,0,0,0,1,0
2530.19,0.2275,0,1,0,0,0,0
7967.78,1.8772,1,0,1,0,0,0
3862.35,-0.0865,0,0,0,1,0,0
9792.69,2.1237,0,0,0,0,0,0
1437.77,0.0123,0,0,0,1,0,0
5037.55,0.6294,0,0,0,1,0,0
3104.2,0.1513,0,0,0,0,0,0
919.5,0.0164,0,0,0,0,0,0
4537.69,0.0819,0,0,0,0,0,0
1787.72,0.5445,0,0,0,0,0,0
1725.62,0.0547,0,0,1,0,0,0
6567.92,0.559,0,1,1,0,0,0
2236.19,1.8371,0,4,0,0,0,0
5487.63,1.406,1,5,1,0,0,0
1688.29,-0.3436,0,1,1,0,0,0
4858.93,1.3437,0,0,0,0,0,0
5214.58,0.0458,0,1,1,0,0,0
4038.61,-0.1611,0,2,0,1,0,0
2310.49,-0.0447,0,0,0,0,0,0
2162.32,0.0991,0,3,0,0,0,0
2565.79,0.031,0,6,0,0,0,0
10959.88,1.8019,0,2,0,0,0,0
4672.12,1.3627,0,2,0,0,0,0
17811.17,3.2291,0,2,0,0,0,0
12826.17,1.8149,0,1,0,0,0,0
4192.68,-0.1268,0,0,0,0,0,0
3633.3,-0.0564,0,3,0,0,0,0
6634.27,1.7624,0,0,0,0,0,0
1086.23,-0.0127,0,1,0,0,0,0
7542.95,1.472,0,0,0,0,0,0
8287.1,1.9258,0,0,0,0,0,0
1417.38,-0.1997,0,1,0,0,1,0
2468.2,-0.3331,0,1,0,0,0,0
5634.5,0.2457,0,0,0,0,0,0
1231.04,-0.3789,0,0,0,0,0,0
2160.21,-0.1788,0,3,0,1,0,0
496.71,-0.1517,0,0,0,0,0,0
3246.09,-0.0219,0,0,0,0,0,0
3842.48,0.0965,0,1,0,0,0,0
4567.1,0.0738,0,1,0,0,0,0
3237.58,-0.2648,0,1,0,0,0,0
4384.4,-0.0634,0,0,0,0,0,0
471.59,-0.274,0,0,0,0,0,0
2889.38,0.3712,0,2,0,0,0,0
3910.29,1.7436,0,0,0,0,1,0
3790.27,-0.2124,0,0,0,0,1,0
517.54,-0.2219,0,2,0,0,0,0
17306.94,6.9497,0,1,0,0,1,1
2812.82,0.1309,0,0,0,0,0,0
1261.95,-0.2433,1,0,1,0,0,0
1840.72,0.2137,0,0,0,0,0,0
2289.22,-0.0878,0,2,0,1,0,0
4891.58,0.172,0,1,0,0,0,0
4321.37,-0.1071,0,0,0,0,0,0
1831.13,-0.1199,0,4,0,1,0,0
8907.62,1.6279,0,1,0,1,0,0
2175.1,-0.2814,0,0,0,1,0,0
4924.54,-0.0011,0,1,0,0,1,0
4192.0,-0.1516,0,0,0,0,0,0
1795.69,-0.2171,0,2,0,0,1,0
3527.22,-0.2389,0,0,0,0,0,0
6535.05,0.3475,0,0,0,0,1,0
3236.89,0.0894,0,6,0,0,0,0
4763.0,-0.0274,1,1,0,0,1,0
9535.81,1.9158,1,5,0,0,0,1
6992.2,0.6497,0,4,0,0,1,1
4330.78,0.2242,0,0,1,0,0,0
830.9,-0.4663,0,2,0,0,0,0
4351.5,0.2532,0,2,0,0,0,0
2865.21,-0.2487,0,4,0,0,0,0
1695.09,0.0355,0,0,0,0,0,0
7337.01,1.918,0,1,0,0,1,0
2510.16,0.2346,0,6,0,0,0,1
991.62,-0.1695,0,0,0,0,0,0
4007.49,-0.0946,1,0,0,0,0,0
662.05,0.2357,0,0,0,0,0,0
2200.45,-0.3366,0,0,0,0,1,0
10245.49,1.1265,0,1,0,0,0,0
3759.35,-0.1021,0,2,0,0,0,0
2264.58,1.9214,0,0,1,0,0,0
2535.54,-0.2793,0,1,0,1,0,0
10351.46,1.156,0,2,0,0,0,0
3787.33,-0.1769,0,0,0,0,0,0
1497.3,-0.1236,0,2,0,0,0,0
1104.8,-0.7437,0,3,0,1,0,0
2168.0,0.1421,0,0,0,0,0,0
9993.43,1.0093,0,2,0,0,0,0
1521.1,-0.2511,0,0,0,0,0,0
4888.67,0.1943,0,0,0,0,0,0
3869.26,0.2922,0,0,0,0,0,0
2208.2,-0.1668,0,3,0,0,1,0
4746.29,0.1047,0,0,0,0,0,0
1082.17,0.001,0,4,0,0,0,0
8120.12,2.7721,0,2,0,0,0,0
5233.52,0.3082,0,0,0,1,0,0
2189.21,-0.3967,1,0,0,0,0,0
3760.77,0.2692,0,3,1,1,0,0
1337.98,-0.0807,0,0,0,0,0,0
3514.22,-0.0839,0,0,0,0,0,0
2306.1,0.0499,0,0,0,0,0,0
2365.66,0.0283,0,0,1,1,0,0
2660.81,0.0623,0,2,0,0,0,0
3201.25,-0.2626,0,0,0,0,0,0
2324.8,-0.2424,0,0,1,0,0,0
1105.91,-0.1134,0,0,0,0,0,0
2387.12,0.6594,0,0,0,0,1,0
2893.85,0.498,0,5,0,0,0,0
1601.66,0.0134,0,1,0,0,0,0
1990.33,-0.1237,0,3,0,0,0,0
3680.33,0.1872,0,0,0,0,0,0
2647.59,-0.3613,0,0,1,0,0,0
2756.1,-0.0075,0,2,0,0,1,0
4579.73,0.1363,0,4,0,0,0,0
626.74,-0.2792,0,1,0,0,0,0
1981.29,0.0391,0,0,0,0,0,0
1396.66,-0.4636,0,0,0,0,0,0
1966.03,0.2846,1,1,1,0,0,0
502.92,-0.1725,0,0,0,0,0,0
1276.78,-0.2612,0,1,0,1,0,0
3107.48,-0.0007,0,1,0,0,0,0
2742.15,0.2025,0,0,0,0,0,0
4846.44,0.3168,0,1,1,0,0,0
2832.71,-0.3529,0,0,0,0,0,0
3528.44,0.3289,0,0,0,0,0,0
4539.48,0.5618,0,0,0,0,1,0
3319.42,0.2411,0,0,1,0,0,0
3251.69,-0.0668,0,2,0,0,0,0
2980.74,0.4297,0,0,1,0,0,0
2890.65,-0.3008,0,1,0,1,1,0
3667.01,0.2226,0,3,0,1,0,0
4721.25,0.0615,0,0,0,0,0,0
3100.82,0.1032,0,0,1,0,0,0
5555.45,0.4087,0,1,0,0,0,0
3252.97,-0.1049,0,1,0,0,0,0
5002.25,0.1159,0,1,0,0,0,0
7112.05,0.9496,0,4,0,1,0,1
3127.83,0.1679,0,3,0,0,1,0
4144.69,-0.014,0,1,0,0,0,0
1069.7,-0.0233,0,3,0,0,0,0
4569.57,-0.0319,0,2,1,0,0,0
2484.52,0.1511,0,3,0,0,0,0
4427.59,0.308,1,0,1,0,0,0
6742.0,0.433,0,0,0,0,0,0
1209.42,-0.1711,0,0,0,0,0,0
1247.35,0.3453,0,3,0,0,0,0
3766.17,0.0328,0,4,0,0,0,0
1481.3,-0.1448,0,0,1,0,0,0
3205.97,0.1119,1,0,0,0,0,0
2436.47,-0.3921,0,1,0,0,0,0
4480.2,0.0208,0,0,0,0,0,0
1882.26,-0.0199,0,4,0,0,0,0
1724.53,-0.1971,0,0,0,0,0,0
1224.15,-0.2103,0,3,0,0,0,0
2280.3,-0.106,0,2,0,0,0,0
786.92,-0.1473,0,0,0,0,0,0
514.0,-0.1388,1,1,0,0,0,0
9646.84,1.674,0,4,0,0,0,0
415.28,-0.2572,0,0,0,0,0,0
4162.79,-0.0949,0,0,0,0,0,0
11592.02,1.3612,0,6,1,1,0,1
4357.77,-0.0074,0,0,0,1,0,0
1572.81,-0.0756,0,1,0,0,0,0
4945.36,0.7683,1,3,0,1,0,1
3367.79,0.0606,0,4,0,0,0,0
1751.08,-0.4157,0,2,0,0,0,0
1924.4,0.0764,0,1,0,0,0,0
5267.49,0.5179,0,2,0,0,0,0
5424.89,1.058,0,2,0,0,0,1
1047.35,0.252,0,2,0,0,0,0
2156.22,-0.1871,1,2,0,0,0,0
3381.77,-0.0735,0,4,0,0,0,0
9884.4,1.725,0,0,0,0,0,0
2970.24,0.5456,0,3,0,0,0,1
2058.97,0.6144,0,3,0,1,0,1
1392.73,-0.3127,0,0,0,0,0,0
4313.55,0.0607,0,1,0,0,0,0
2505.74,0.3659,0,1,0,0,0,0
3253.96,-0.0093,0,0,0,0,0,0
5411.68,0.2064,0,0,0,0,0,0
2381.96,0.9642,0,1,0,0,0,0
5123.79,0.0841,1,3,0,0,1,0
4639.43,0.1905,0,1,0,0,0,0
2149.77,-0.0844,0,0,0,0,0,0
319.31,-0.3936,0,0,0,0,0,0
1445.78,1.1346,0,1,0,0,0,0
3547.6,-0.2323,0,1,0,0,0,0
2429.33,-0.1514,0,7,0,0,0,0
2889.98,-0.1461,0,0,0,0,0,0
5821.21,0.259,0,1,0,0,0,0
1305.02,0.1558,0,0,0,0,0,0
1899.33,0.3041,0,0,0,0,0,0
3637.72,1.0511,0,1,0,0,0,0
6597.93,0.6424,0,1,1,1,0,1
4726.79,-0.0179,0,1,1,0,0,0
2105.25,1.1204,0,0,0,0,0,0
4391.09,0.0997,0,2,1,0,0,0
9817.65,1.4226,0,0,0,0,0,0
629.55,-0.0986,1,0,0,1,0,0
2993.22,-0.1826,0,0,0,0,0,0
6391.13,0.347,0,0,0,0,0,0
1149.14,-0.0829,1,0,0,0,0,0
2987.53,0.1462,1,0,0,0,0,0
582.77,-0.0244,0,1,0,0,0,0
2510.02,-0.4084,0,1,1,1,0,0
26491.82,8.6448,0,6,1,0,1,1
1336.99,-0.0257,0,1,0,1,0,0
4048.89,0.4408,0,0,0,0,0,0
1542.91,0.0508,0,1,0,0,0,0
3283.11,0.2493,0,1,0,0,0,0
1925.01,0.2535,0,0,0,0,0,0
2965.73,0.2752,1,4,0,0,0,1
345.49,-0.381,0,0,0,1,0,0
1135.29,0.1541,0,0,0,0,0,0
2724.07,-0.2444,0,6,0,0,1,0
3621.5,3.2328,1,2,0,0,0,0
2246.09,-0.1564,0,0,0,0,1,0
2128.77,-0.5076,1,0,0,0,0,0
5703.01,0.2369,0,0,0,0,0,0
3141.35,0.0221,0,3,0,0,0,0
1056.53,-0.0646,0,1,0,1,0,0
1397.14,0.6932,0,1,0,0,0,0
3655.44,0.0405,0,1,0,0,0,0
1201.71,0.016,0,6,0,0,0,0
5006.24,1.7964,0,0,0,0,0,0
4086.0,0.4156,0,0,1,0,0,0
4227.75,0.0542,0,0,1,0,0,0
2252.84,-0.058,0,0,0,0,0,0
2707.06,0.2242,0,0,0,0,0,0
2211.2,-0.0125,0,0,0,0,0,0
3756.87,0.2303,0,2,0,0,0,0
3293.86,0.2398,0,3,0,1,1,1
6649.81,0.435,0,1,0,0,0,0
10289.35,2.5899,0,1,0,0,0,1
2067.63,-0.3237,0,1,0,0,0,0
3178.45,1.0942,0,2,1,0,0,0
2552.04,0.0304,0,4,0,1,0,0
779.1,0.0081,0,0,0,0,0,0
3990.9,1.1273,0,0,0,1,0,0
4220.73,0.2182,0,0,0,0,1,0
11471.07,1.5822,0,2,0,0,0,0
3801.24,0.016,0,2,0,0,0,0
6413.2,0.3141,0,0,0,0,0,0
1537.11,-0.0058,0,0,0,0,0,0
3368.2,0.0742,0,0,0,0,0,0
3172.19,0.2467,0,2,0,0,0,0
1307.09,-0.1618,0,0,0,1,0,0
1942.45,-0.1447,0,0,0,0,1,0
3205.46,-0.1561,1,0,0,0,0,0
3573.98,0.0548,0,1,0,0,0,0
17180.48,3.9986,0,0,1,0,0,0
14157.96,3.4992,0,0,0,0,0,0
998.26,-0.0068,0,0,0,0,0,0
1646.98,-0.2548,1,0,1,1,1,0
9563.94,1.1814,0,0,0,0,0,0
3485.98,0.0639,0,2,0,0,0,0
7016.21,1.3354,1,3,0,0,0,0
13212.17,2.9472,0,3,0,0,0,1
4120.83,0.4674,0,0,0,0,0,0
4805.56,0.0516,0,7,0,0,0,0
1388.67,-0.0816,0,1,0,0,0,0
7669.56,1.3356,0,4,0,0,0,0
5146.77,1.3716,0,0,0,0,0,0
6542.83,3.5218,0,1,1,0,1,0
1567.17,-0.3898,0,1,0,0,0,0
1221.09,0.1916,0,0,0,0,0,0
5750.16,0.1664,1,1,0,0,0,0
2491.07,-0.4296,0,0,0,0,0,0
2141.32,0.0986,1,1,0,0,0,0
2479.1,0.1651,0,0,0,0,0,0
17976.71,2.7297,0,4,1,1,0,1
3594.1,-0.2006,0,1,0,0,0,0
8232.21,1.9505,0,1,0,0,0,0
5409.15,0.101,0,0,0,0,0,0
10324.31,1.884,0,0,0,0,0,0
3409.52,-0.0923,0,0,1,0,0,0
2972.73,0.7534,0,2,0,0,0,0
1743.59,0.4901,0,1,1,0,0,0
397.0,-0.4402,0,5,0,0,0,0
1935.5,-0.0165,0,0,0,0,0,0
3753.9,0.427,0,0,0,0,0,0
5629.24,0.9523,0,1,0,0,0,0
4679.25,-0.0051,0,0,0,0,0,0
3274.84,-0.04,0,2,0,1,0,0
2620.04,-0.0567,0,0,0,0,1,0
16544.17,5.7161,0,1,0,1,0,1
2121.62,0.2268,0,1,0,0,0,0
24406.52,3.987,1,0,0,0,0,0
1266.1,-0.3442,0,0,1,0,0,0
3277.09,-0.0779,0,3,0,0,0,0
3217.25,0.2745,0,0,0,1,0,0
1861.57,-0.0246,0,0,0,0,0,0
1397.26,-0.3437,0,1,0,0,0,0
6931.23,1.8034,0,0,0,1,0,0
4282.88,-0.1037,0,0,0,0,0,0
3686.23,-0.1567,1,0,0,0,0,0
5268.01,0.1357,0,2,0,0,0,0
17974.05,8.5362,0,2,0,0,0,1
4880.67,0.0273,0,1,0,0,0,0
4948.11,-0.0016,0,1,0,0,0,0
3975.31,-0.0986,0,1,0,0,0,0
7462.29,1.7964,0,3,0,0,0,0
611.73,0.1912,0,1,0,0,0,0
1015.91,-0.0731,0,0,0,0,0,0
3396.74,0.0623,0,0,0,0,0,0
1776.5,0.1246,0,2,0,0,0,0
1909.14,-0.0027,0,1,0,0,1,0
4297.79,-0.0686,0,2,0,1,0,0
1779.36,-0.154,0,4,0,1,0,0
2596.55,-0.0813,0,0,1,0,0,0
696.98,-0.2753,1,0,0,0,0,0
3425.76,0.2381,0,5,0,1,0,0
452.7,-0.1349,0,0,0,0,0,0
924.39,0.1198,0,0,0,0,0,0
3385.01,-0.1655,0,4,0,1,0,0
6336.75,0.844,0,0,0,0,0,1
4270.11,0.0414,1,0,0,0,0,0
4449.81,2.7151,1,6,0,1,0,1
1596.57,-0.2356,0,0,0,0,0,0
4316.24,1.1568,0,1,0,1,0,0
2354.06,-0.0081,0,2,0,0,0,0
3826.43,-0.0622,0,3,1,0,0,0
5209.44,0.1924,0,0,0,0,0,0
2506.79,-0.4597,0,7,0,0,0,0
7180.5,0.6784,0,2,1,1,1,1
6080.3,0.5582,0,0,1,0,0,1
16075.07,2.7056,0,2,0,0,0,1
2591.55,0.4514,0,1,0,0,0,0
886.02,-0.0831,0,0,0,0,0,0
10025.5,1.1007,0,0,0,1,0,0
3037.03,-0.0903,1,3,0,0,0,0
19567.31,4.2247,0,4,1,0,0,1
4293.05,-0.0664,0,4,0,0,1,0
1471.04,0.0563,0,4,0,0,0,0
10817.27,1.2836,0,2,0,0,1,0
1959.65,-0.0396,0,0,1,0,0,0
29738.87,7.6506,1,2,0,0,0,1
5746.5,2.4069,0,1,1,0,0,0
2739.42,-0.1819,0,3,0,0,1,0
1497.49,-0.0285,0,0,0,0,0,0
2407.04,2.0314,1,1,1,0,0,1
12424.32,1.7114,1,1,0,0,0,1
3544.46,0.2735,0,3,0,0,0,0
2715.95,0.0136,0,1,0,0,0,0
2877.36,-0.0929,0,0,0,0,0,0
5171.59,0.2846,0,0,1,0,0,0
12298.08,1.9929,0,2,1,1,0,1
1189.03,-0.1015,0,0,0,0,1,0
4139.09,0.0549,0,0,0,0,0,0
2814.09,-0.2564,0,0,0,0,0,0
4924.36,0.0604,1,0,0,0,1,0
3639.49,0.1168,0,0,1,0,0,0
1537.48,0.2102,0,0,0,0,0,0
4719.32,0.136,0,0,0,0,0,0
664.88,-0.1777,0,1,0,0,0,0
9364.83,0.9456,0,0,0,0,0,0
3023.66,0.11,1,0,0,0,0,0
4468.75,0.0721,0,0,0,0,0,0
1832.99,-0.2103,0,2,0,0,0,0
1406.72,-0.0194,0,1,0,0,0,0
9546.76,1.1834,0,0,0,0,0,0
535.89,-0.1832,0,2,0,0,0,0
1923.05,-0.3419,0,0,0,1,0,0
1022.3,-0.136,1,1,0,1,0,0
2130.09,-0.0692,0,1,0,0,0,0
1937.21,-0.2623,0,0,0,0,0,0
3980.48,0.0967,1,2,0,1,0,0
2553.27,2.7557,0,6,1,0,0,1
1432.14,0.3419,1,0,0,0,1,0
4645.39,0.1756,0,3,0,0,0,0
8537.34,0.9629,0,0,0,0,0,0
6679.05,1.7544,1,0,0,0,0,0
5397.49,0.1652,0,0,0,0,0,0
3373.1,-0.1942,0,0,0,0,0,0
1754.44,-0.1807,0,0,0,0,0,0
4434.8,-0.0871,0,1,0,0,0,0
4080.16,0.2099,0,1,0,0,0,0
1563.49,0.0025,0,0,0,0,0,0
1544.75,0.0976,0,3,0,0,0,0
2226.16,0.2508,0,6,0,0,0,0
3449.35,-0.0433,0,0,0,0,0,0
633.95,-0.313,1,1,0,0,0,0
1882.64,0.2982,0,0,0,0,0,0
3443.93,-0.2201,0,0,0,0,0,0
3002.74,0.1307,0,0,0,0,0,0
6046.62,0.4227,0,3,1,0,0,0
4815.08,0.0948,0,1,0,0,0,0
3494.87,-0.0282,0,1,0,0,0,0
6533.48,0.3755,0,1,0,0,1,0
1138.44,-0.4418,0,0,0,0,0,0
2331.78,0.3702,0,2,0,0,0,0
1151.52,-0.0247,1,0,0,0,0,0
2868.24,1.1191,1,2,0,1,0,0
2213.13,-0.1556,0,5,0,0,0,0
6356.73,0.9163,0,0,0,0,0,0
3738.24,-0.063,1,0,0,0,0,0
1580.71,-0.11,0,4,0,0,0,0
3283.26,1.5073,0,0,0,0,0,0
11486.14,3.7282,0,1,0,0,0,0
3327.22,-0.004,1,0,0,0,0,0
3505.52,0.0095,0,0,0,0,0,0
4055.51,-0.0035,0,0,0,0,1,0
8198.17,0.6787,0,3,0,0,0,1
3206.23,0.0749,0,0,0,0,0,0
3316.23,0.1644,0,1,0,0,0,0
3342.78,0.0144,0,1,0,0,1,0
4376.32,0.9636,0,6,0,0,0,1
11432.93,1.5955,0,0,0,0,0,0
3871.15,-0.1738,0,0,0,0,0,0
851.15,-0.0572,0,0,0,0,0,0
2173.28,-0.2646,0,0,0,0,0,0
7088.97,0.4617,0,3,0,0,0,0
3275.9,0.0579,1,1,0,1,0,0
2890.56,-0.1576,0,2,0,0,0,0
4155.16,0.0411,0,1,0,0,0,0
3873.9,-0.0423,1,0,0,0,0,0
2689.05,0.0729,0,2,0,0,0,0
9717.37,1.4487,0,3,0,0,1,1
1471.27,-0.0124,0,1,0,1,0,0
7495.72,1.57,0,1,0,0,0,0
1610.64,-0.4916,0,0,0,0,0,0
1739.23,0.2127,1,3,0,0,1,0
5059.03,0.044,0,1,0,0,0,0
3267.36,-0.2209,0,1,0,1,0,0
1265.04,-0.0236,1,1,0,0,0,0
876.27,-0.0044,1,0,0,0,0,0
1589.0,-0.6173,0,1,0,0,0,0
1297.12,1.55,0,1,0,0,0,0
735.87,0.0895,0,7,0,0,0,0
6435.91,0.7436,0,0,0,0,0,0
4528.68,0.0256,1,7,0,0,0,0
5649.54,0.1789,0,4,1,0,0,0
2409.85,-0.0605,0,2,0,0,0,0
2537.79,-0.242,0,0,0,1,0,0
2438.06,1.2208,0,0,0,0,0,0
1316.39,0.0863,0,3,0,0,0,0
1290.47,0.4578,0,0,0,0,0,0
1236.36,-0.3101,0,1,0,0,0,0
3054.46,-0.1597,0,0,0,0,0,0
2832.32,-0.1092,0,2,0,0,0,0
3637.69,0.0299,1,0,1,0,0,0
2470.87,-0.1576,0,2,0,0,0,0
4030.76,0.8975,0,4,0,0,0,0
16254.94,3.0011,0,0,1,0,0,0
1025.94,0.0026,0,0,0,0,0,0
3650.95,1.501,1,3,0,0,0,1
2176.31,-0.4663,1,2,0,1,0,0
578.37,-0.558,0,1,1,0,0,0
1190.81,1.1936,0,0,0,0,0,0
4413.22,0.3128,0,0,0,0,0,0
3696.79,0.0631,0,1,0,0,0,0
3403.15,-0.0893,0,5,0,0,0,0
1123.67,-0.1723,0,1,0,0,1,0
1014.92,-0.1113,0,1,1,0,0,0
2413.1,-0.0444,0,7,0,0,0,0
779.46,-0.3454,0,2,0,0,0,0
763.25,0.0147,0,1,0,1,0,0
478.38,-0.0547,1,2,0,0,0,0
2523.94,0.6336,0,3,0,0,1,0
1911.89,-0.1446,0,1,0,0,0,0
1522.5,0.1172,0,1,1,0,0,0
20308.44,3.4799,0,1,0,0,1,0
2657.77,-0.028,0,0,1,0,0,0
4413.46,0.2871,0,2,0,0,1,0
3567.08,-0.0084,0,0,1,0,0,0
3097.42,-0.0725,0,2,0,0,0,0
5363.44,1.4926,0,0,0,0,0,0
4910.65,0.0381,0,6,0,1,0,0
2677.75,-0.4171,0,0,0,0,0,0
1252.33,0.1447,0,0,0,0,0,0
5144.5,0.4017,0,3,0,0,0,0
8286.58,2.7532,0,0,0,0,1,0
1028.22,-0.3046,0,0,0,0,0,0
3133.7,0.9719,0,0,0,0,0,0
1608.78,0.4298,0,1,0,0,0,0
1602.86,0.2664,0,1,0,0,0,0
711.71,-0.1147,1,0,1,0,1,0
4486.07,0.3455,0,2,0,1,1,1
4782.63,0.1142,0,0,0,0,0,0
1393.29,-0.3005,0,2,0,0,0,0
3039.56,-0.1633,0,1,0,0,0,0
7251.58,0.5646,0,0,0,1,0,0
2865.91,-0.1988,0,0,0,0,0,0
4124.94,0.0696,0,0,0,0,0,0
2556.22,0.066,0,2,0,0,0,0
2558.9,0.0142,1,1,0,0,0,0
4443.75,0.1879,0,0,0,0,0,0
1034.34,0.044,0,0,0,0,0,0
2387.92,-0.3101,0,1,0,0,0,0
1959.85,0.2539,0,1,0,0,0,0
817.25,-0.4513,0,0,0,0,0,0
4147.35,0.0311,0,2,1,0,0,0
754.57,-0.1141,1,2,0,1,0,0
4580.79,1.1508,0,0,0,0,0,0
4219.19,0.0655,0,1,0,0,0,0
1478.34,0.0296,0,5,0,0,0,0
3980.67,-0.1008,0,2,0,0,0,0
912.07,0.5449,0,2,0,0,0,0
2660.39,-0.3693,0,0,0,0,0,0
3017.31,-0.0818,0,1,0,0,0,0
1721.76,1.2556,0,2,0,0,0,0
4990.33,0.1389,0,1,0,0,0,0
2298.96,-0.1677,0,3,1,0,0,0
808.59,0.058,0,2,0,0,0,0
3853.63,-0.1534,0,0,0,0,0,0
4748.07,1.2063,0,0,0,0,0,0
1812.96,-0.1783,0,1,0,0,0,0
2104.93,0.3037,0,0,0,0,0,0
906.65,-0.4453,0,0,0,0,0,0
1179.3,0.1449,0,3,0,0,0,0
1450.36,-0.0893,1,1,0,0,0,0
7420.08,1.8296,0,0,1,0,0,1
2434.49,1.5159,0,0,0,1,0,0
471.04,-0.0628,0,0,0,0,0,0
10679.61,1.5987,0,2,0,0,0,0
1816.6,-0.0027,0,7,0,0,0,0
659.93,-0.5545,0,1,0,0,0,0
10364.38,1.9895,0,1,0,0,0,0
2955.0,0.1262,0,1,0,0,0,0
11352.53,1.6337,0,2,0,0,0,0
2302.24,-0.1839,0,1,0,0,0,0
5491.25,0.173,0,0,0,0,0,0
5403.01,0.1131,0,5,0,0,0,0
18076.01,3.18,0,3,0,0,0,0
1193.26,0.8748,0,4,1,0,0,1
2922.65,-0.341,0,0,0,0,0,0
7455.87,1.4901,0,1,0,0,0,0
3084.54,0.2414,0,3,0,0,0,0
3404.45,-0.0155,0,1,0,0,0,0
2551.94,-0.1571,0,0,0,0,0,0
2201.84,-0.1348,0,0,0,0,0,0
3702.03,0.1111,0,2,0,0,0,0
604.39,0.1233,0,0,1,0,0,0
2629.61,-0.0625,1,0,0,0,0,0
3231.6,-0.1188,0,4,1,0,0,0
2004.7,-0.285,0,0,0,0,0,0
3580.9,1.5997,1,0,0,0,1,0
851.64,0.1135,0,0,0,0,0,0
10333.82,1.251,0,0,0,1,0,0
3811.43,0.6322,1,0,0,0,0,0
6737.71,0.7198,0,0,0,0,0,0
3473.38,0.3743,0,2,1,0,0,0
969.92,0.0173,0,0,0,0,0,0
2435.81,1.6183,0,4,0,1,0,0
1262.27,0.327,0,1,0,0,0,0
5647.44,0.1605,0,4,1,0,0,0
5441.38,1.9165,0,0,0,1,0,0
1455.91,1.4177,0,2,0,0,0,0
910.12,-0.5404,0,1,0,0,0,0
8540.93,3.62,0,3,0,0,1,0
3265.1,-0.0923,1,0,0,0,0,0
2479.63,-0.3343,0,1,0,0,0,0
1419.56,0.6307,0,2,0,0,0,0
3976.17,0.4724,0,1,0,0,0,0
5677.39,0.1682,0,0,0,0,1,0
3926.46,0.202,0,0,0,0,0,0
995.86,-0.0459,0,1,0,0,0,0
1367.09,1.5577,0,4,0,0,0,0
13905.63,1.8872,0,1,0,0,0,0
5891.59,0.1901,1,0,0,0,0,0
3354.13,-0.3014,0,0,1,0,0,0
17043.72,3.2778,0,0,0,0,0,0
2210.83,1.5562,0,3,0,0,0,0
3548.03,0.3627,0,2,1,0,0,1
5993.66,3.2034,0,0,0,0,0,0
5727.87,1.1131,0,0,0,0,0,0
4018.96,1.3671,0,0,0,0,0,0
2651.51,0.364,0,0,0,0,0,0
1831.6,-0.0862,1,4,0,0,0,0
8960.95,1.5178,0,0,0,0,0,0
4314.17,0.4023,0,0,0,0,0,0
3425.02,-0.0975,0,0,0,0,0,0
2841.75,0.7728,0,5,0,0,1,0
2335.22,-0.1828,1,3,0,0,0,0
3322.0,-0.0655,0,1,0,0,0,0
1305.9,0.4417,0,0,0,0,0,0
8600.94,0.903,0,6,1,0,0,1
3338.5,0.0452,0,1,0,1,1,0
7803.14,1.362,0,0,1,1,0,0
5484.5,1.7505,0,0,0,0,0,0
4269.25,0.2636,0,0,0,0,0,0
1173.59,-0.0414,0,2,0,1,0,0
2744.94,-0.0602,0,0,0,0,1,0
1555.99,0.2698,0,0,0,1,0,0
4277.93,0.1015,0,5,0,0,0,0
13965.34,2.1464,0,4,0,0,0,1
6649.74,1.7995,0,3,0,0,0,0
3672.04,0.0832,0,2,0,0,0,0
7542.81,0.9753,0,0,0,0,0,0
3610.39,-0.2748,1,0,0,0,0,0
4743.55,0.084,0,0,0,0,0,0
4798.95,0.99,0,1,0,0,0,0
3662.0,0.2599,0,3,0,1,0,0
1834.16,0.0565,0,0,1,0,0,0
3073.98,-0.1166,0,0,0,0,0,0
3848.72,-0.1707,0,0,0,0,0,0
3793.23,-0.045,0,3,0,0,0,0
1129.44,0.2199,0,0,0,0,0,0
2480.67,0.0279,0,2,0,0,0,0
2617.61,0.0191,0,1,1,1,0,0
2176.65,-0.2588,1,1,0,0,0,0
3829.76,0.0577,0,0,0,0,0,0
2226.77,-0.419,0,7,0,0,0,0
2089.57,1.5138,0,0,0,0,0,0
5461.47,1.587,0,0,0,1,0,0
9424.3,3.5162,0,1,0,0,0,0
465.95,-0.2911,0,1,0,0,0,0
5505.08,0.2463,0,0,0,0,0,0
2240.05,-0.3384,0,1,0,0,0,0
2512.82,0.1827,0,0,0,0,0,0
2516.52,0.0516,0,2,0,0,0,0
3590.27,-0.1991,0,2,0,0,0,0
3785.35,0.108,0,0,0,0,0,0
3491.74,0.3723,0,1,1,0,0,0
2548.84,0.1668,0,0,0,0,0,0
3450.13,0.2432,0,1,0,0,0,0
3341.67,-0.163,0,0,0,0,0,0
1710.83,1.5262,0,2,0,0,0,0
2748.78,-0.2258,0,0,0,0,0,0
8897.96,0.7932,0,7,1,0,1,1
1312.36,0.7932,1,4,0,0,0,1
15735.28,2.3677,0,0,0,0,0,0
6335.58,0.3676,1,2,0,1,0,0
2657.02,0.7532,0,0,0,0,0,0
3661.88,0.9239,0,0,0,0,0,0
2557.35,0.3237,0,1,0,0,1,0
5527.21,0.4825,0,0,0,0,1,0
4413.06,0.0868,0,2,0,0,0,0
3094.04,-0.3454,0,0,1,0,0,0
13414.63,2.516,0,1,1,0,0,0
3015.07,-0.1633,0,2,0,0,0,0
1354.97,0.0171,0,0,0,0,0,0
2773.53,1.0604,0,5,0,0,0,0
3188.48,0.1768,0,1,0,0,0,0
11404.26,3.7393,0,0,0,0,0,0
2647.46,-0.175,0,2,0,0,0,0
15207.53,6.7556,0,4,1,1,0,1
1552.3,-0.015,0,0,0,0,0,0
2672.48,0.4325,0,7,0,0,0,0
5824.95,1.213,1,0,0,0,0,0
4438.4,0.4057,0,0,0,1,0,0
3053.5,0.0705,0,0,0,0,0,0
1299.51,0.1676,0,0,0,0,0,0
5024.65,0.0929,0,6,0,0,0,0
2324.47,-0.0128,0,0,0,0,0,0
2637.48,1.4135,0,3,0,0,1,0
1825.37,2.5407,0,2,0,0,0,0
7286.58,0.4907,0,0,1,0,0,0
1916.37,-0.2808,0,0,0,0,0,0
2723.61,-0.1444,0,0,0,0,0,0
4277.0,0.6516,0,1,0,0,1,0
4422.88,0.6601,0,0,0,1,1,1
3052.02,-0.1799,0,4,0,0,0,0
2280.81,0.0619,0,0,0,0,0,0
5493.56,0.3718,1,0,0,0,0,0
582.91,-0.1905,0,3,0,0,0,0
1176.52,0.7778,0,2,0,0,0,0
5159.03,0.0433,0,0,0,0,0,0
1953.98,-0.2305,0,1,0,0,0,0
2915.27,0.8406,0,0,1,0,0,0
1912.58,-0.0639,0,0,0,0,0,0
1824.58,-0.019,1,6,0,0,0,0
6931.56,0.6726,0,1,1,0,0,0
916.55,0.2557,0,2,0,0,0,0
706.92,-0.5353,0,0,0,0,0,0
3257.84,-0.1723,0,4,0,0,0,0
8912.0,1.551,0,1,0,0,0,0
6081.92,0.2436,0,1,0,1,0,0
1815.87,0.5075,0,1,0,0,0,0
976.91,-0.1467,1,0,0,0,0,0
8301.57,1.8748,1,4,0,0,0,0
3413.27,-0.2669,1,2,0,0,0,0
325.77,-0.389,0,0,0,0,0,0
1102.8,0.4179,0,3,1,0,0,1
2559.99,-0.4045,0,1,0,0,0,0
3789.17,0.3706,1,0,0,0,0,0
2186.34,-0.4086,0,2,0,1,1,0
348.68,-0.3261,0,1,0,0,0,0
2708.24,-0.0629,0,1,0,0,0,0
14540.65,3.2627,0,7,1,0,1,1
4034.81,0.1449,0,1,0,0,0,0
4078.35,0.4387,0,0,0,0,0,0
2241.07,0.43,0,1,0,0,0,0
1581.98,-0.0927,0,1,1,0,0,0
627.15,0.0618,0,0,0,0,0,0
5593.32,0.4194,0,2,1,0,0,0
2817.56,-0.0385,0,1,0,0,0,0
2228.88,-0.1282,0,1,0,0,0,0
7454.18,0.7487,0,5,0,1,0,1
9517.38,1.6006,0,5,0,0,0,0
3779.13,-0.0655,0,2,0,0,1,0
3059.26,-0.2813,0,0,0,0,0,0
3912.94,0.6162,0,0,0,0,0,0
3385.02,-0.0297,0,3,0,0,0,0
5178.22,0.2176,0,5,0,0,0,0
1903.31,-0.2182,0,1,1,0,0,0
573.85,0.1375,0,2,0,0,1,0
2233.86,-0.13,1,0,0,0,1,0
3119.55,-0.1694,0,1,0,0,0,0
3274.3,0.0239,0,1,0,0,0,0
2038.82,-0.284,0,0,0,0,0,0
2607.51,-0.1159,0,2,0,1,0,0
5812.85,0.4416,0,0,1,0,0,0
4473.59,0.045,1,0,0,0,0,0
1010.58,0.0793,1,0,0,0,0,0
1349.34,-0.084,0,1,0,0,0,0
15528.02,6.8699,1,1,0,0,0,1
2064.22,0.0466,0,3,0,0,0,0
3728.53,-0.0651,0,0,0,0,0,0
2893.2,-0.1703,0,1,0,0,0,0
5082.37,1.3688,0,0,0,1,0,0
3409.24,0.3614,0,2,0,1,1,0
2797.47,0.06,0,1,0,0,0,0
4074.31,0.1954,0,1,0,0,0,0
3958.8,0.0335,0,0,0,0,0,0
10036.41,1.4647,1,2,0,0,0,0
3466.8,0.2426,0,5,0,0,0,0
691.36,-0.1835,0,0,0,0,0,0
19180.93,2.8584,0,2,0,0,1,1
3248.28,0.0968,0,1,0,0,0,0
4386.5,-0.0104,0,0,0,0,1,0
5138.07,0.2824,0,0,0,1,0,0
1982.96,0.1358,0,0,1,0,0,0
602.01,-0.52,0,1,0,0,0,0
4047.68,0.4307,0,2,0,0,0,0
1725.83,-0.2906,0,0,0,0,0,0
5201.74,0.2213,0,0,0,0,0,0
3506.83,0.3805,0,0,0,1,0,0
4141.0,-0.0636,0,0,1,0,0,0
3228.45,0.049,0,1,0,0,0,0
6666.26,0.4873,0,7,0,0,0,0
2569.44,-0.0718,0,1,0,0,0,0
516.79,-0.0463,0,3,0,0,0,0
1211.51,0.1332,0,0,0,0,0,0
12338.61,2.5759,0,7,0,0,0,0
4634.11,0.5778,0,2,1,0,0,0
2527.14,0.2344,0,0,0,0,0,0
1865.04,-0.0765,0,2,0,0,0,0
1232.16,0.5206,0,2,0,0,0,1
1778.82,-0.0991,0,3,0,0,0,0
2869.1,0.0584,0,1,0,0,0,0
1639.46,-0.1031,1,0,0,0,1,0
1788.37,0.0127,0,0,0,0,0,0
4385.61,-0.039,0,3,0,0,0,0
3077.08,-0.1163,0,1,0,0,0,0
9296.22,1.6624,0,0,0,0,0,0
4256.2,1.0077,0,0,1,1,0,0
3287.82,3.7999,0,1,0,0,0,0
802.32,0.1755,0,2,1,0,0,0
2774.31,0.1853,0,1,0,0,0,0
1297.09,-0.3515,0,4,0,0,0,0
2869.27,-0.0437,0,1,0,0,0,0
3834.44,0.0856,1,0,0,1,0,0
1604.38,0.5732,0,1,0,0,0,0
4460.37,-0.019,0,5,0,0,0,0
2662.42,-0.3364,0,1,1,0,0,0
4226.04,0.4306,0,1,0,0,0,0
14608.96,2.9216,0,2,0,0,0,0
1136.04,0.1005,1,0,0,0,0,0
2980.77,-0.156,0,0,0,0,0,0
5648.14,0.2651,0,1,0,0,0,0
2426.79,-0.065,0,0,0,0,0,0
3531.5,0.1039,0,2,0,0,0,0
4127.66,0.1193,0,3,1,0,0,0
5874.16,0.4384,0,3,0,0,0,0
3752.97,0.1925,0,0,0,0,0,0
1394.77,-0.2723,0,0,0,0,0,0
4511.09,-0.047,0,0,0,0,0,0
3546.02,0.7638,0,0,0,0,0,0
1153.58,0.1787,0,0,0,0,0,0
1781.51,0.0944,0,0,0,0,1,0
8942.09,0.8375,1,3,0,0,0,0
1019.61,0.1988,0,0,0,0,0,0
13500.81,3.2175,0,0,0,0,0,0
4012.21,0.0663,0,2,0,0,0,0
8838.97,1.2293,0,6,0,0,1,0
2140.72,1.893,0,0,0,0,0,0
2417.9,0.0333,0,0,0,0,0,0
3875.96,0.9462,0,0,0,0,0,0
3705.85,0.2891,0,2,1,0,0,0
11174.77,2.3948,0,1,0,0,0,0
4418.59,0.7229,0,4,0,0,0,0
9637.72,1.1615,0,2,0,0,1,0
6731.69,1.8223,0,1,0,0,1,0
5555.74,0.2075,0,0,0,0,0,0
3216.24,-0.1267,0,0,1,0,0,0
3308.16,-0.1962,0,0,0,0,0,0
1883.45,0.164,0,0,0,1,1,0
2718.8,0.4565,0,0,0,0,0,0
7858.37,1.2263,1,4,0,1,0,1
6812.65,1.2274,0,4,1,0,0,0
2740.62,0.2482,0,2,0,1,0,0
680.11,-0.0654,0,2,0,0,0,0
2527.06,0.1848,0,3,0,0,0,0
2043.87,-0.1166,0,3,0,0,0,0
1173.2,0.0417,0,1,1,0,0,0
4609.09,0.8343,0,2,0,0,0,0
2545.6,-0.1343,0,1,0,0,0,0
4308.19,-0.057,0,1,0,0,0,0
6751.18,3.781,0,0,0,0,0,0
2484.58,0.5626,0,1,0,0,0,0
6983.22,1.2297,1,6,1,0,0,1
4488.34,0.1201,0,7,0,0,1,0
3830.33,-0.0594,1,6,1,0,0,0
1070.72,0.0044,0,2,0,1,0,0
3572.98,0.3703,0,0,0,0,0,0
2303.34,-0.2834,0,0,0,0,0,0
2421.7,0.0027,0,0,0,0,0,0
1118.43,0.3651,0,0,0,0,0,0
4689.03,3.0441,0,0,0,0,0,0
8244.09,0.8526,0,0,0,0,0,0
4066.16,-0.0713,0,2,0,0,0,0
5555.8,0.14,0,0,0,0,0,0
1013.5,-0.0881,0,1,0,0,1,0
9745.17,1.965,0,0,0,0,0,0
1913.63,-0.2658,0,0,0,0,0,0
4845.4,0.0298,1,2,0,0,0,0
4614.93,0.1737,0,0,0,0,0,0
4248.98,0.0527,0,2,0,0,0,0
12401.69,1.9349,0,0,0,0,0,0
11624.06,3.7292,0,0,0,0,0,0
1077.46,0.9082,1,0,0,0,0,0
4896.48,0.0127,0,0,0,1,0,0
641.07,0.1724,0,0,1,0,0,0
2182.73,0.1822,0,0,1,0,0,0
1195.74,-0.016,0,1,1,1,0,0
1266.16,1.1392,0,1,0,0,0,0
5034.15,1.9941,0,1,0,0,0,0
5149.75,0.1944,0,3,1,0,0,0
754.14,0.0129,1,0,0,0,0,0
1718.03,1.6419,0,0,0,0,0,0
2037.64,0.5319,0,1,0,0,1,0
1745.55,0.2968,0,2,0,0,0,0
2151.64,0.4653,0,3,0,0,0,0
11480.6,1.6315,1,0,1,0,0,0
3906.44,0.0549,0,0,0,0,0,0
2839.44,-0.3171,0,6,0,0,0,0
2851.7,0.1033,1,7,0,0,0,0
3682.6,-0.0955,0,1,0,0,0,0
3812.0,1.2356,0,0,0,0,0,0
5755.55,2.0379,0,1,1,0,0,0
3131.4,1.6098,0,0,0,0,0,0
4805.7,3.8229,0,0,0,0,0,0
2747.61,0.4211,0,1,0,0,0,0
1714.29,-0.3224,0,0,0,0,0,0
8708.74,1.7504,0,2,0,0,0,0
11157.61,3.9381,0,1,0,0,0,0
3475.18,-0.2789,0,3,0,0,0,0
5416.99,0.1205,0,0,0,0,0,0
4425.96,0.1374,0,1,0,0,1,0
591.9,-0.0783,0,1,0,0,0,0
5432.23,0.175,0,1,0,0,0,0
3647.16,-0.1388,0,1,0,0,0,0
2474.28,-0.0304,0,3,0,0,0,0
5687.19,1.7631,0,4,0,0,0,0
4989.7,0.0877,0,1,0,0,0,0
3243.56,0.1367,0,5,0,0,0,0
723.15,0.0069,0,0,0,0,0,0
2528.54,-0.014,0,0,0,0,0,0
2556.12,0.1849,0,0,0,0,0,0
8112.97,2.9203,0,4,1,1,1,1
534.25,-0.2211,0,0,0,0,0,0
5157.53,0.2032,0,0,0,0,1,0
1020.02,-0.1595,0,2,1,0,1,0
5262.15,0.0563,0,0,0,0,0,0
1273.53,-0.47,1,1,0,0,0,0
6472.46,1.128,0,0,0,0,0,0
2591.17,-0.0324,0,1,0,0,0,0
5855.49,0.19,0,0,0,0,0,0
1622.3,-0.3035,0,0,0,0,0,0
1979.83,-0.1122,0,7,0,0,0,0
6764.29,0.3755,0,1,0,0,0,0
2855.12,-0.055,0,5,1,0,0,0
1065.61,0.2231,0,4,0,0,0,0
14886.33,2.7639,0,1,1,0,0,1
3179.13,-0.001,1,2,0,0,0,0
12581.44,3.2598,0,2,0,0,0,0
1811.34,0.3477,0,1,0,0,0,0
4306.65,-0.0615,0,0,0,0,0,0
1628.57,0.4232,0,3,0,0,0,0
5895.65,1.4103,1,1,0,0,0,0
1282.25,0.0515,0,0,1,0,0,0
4436.43,0.124,0,0,0,1,0,0
3214.91,0.3996,0,0,0,0,0,0
898.84,-0.0076,0,1,1,0,0,0
1615.9,0.0307,0,0,1,0,0,0
3502.29,-0.0039,0,4,0,0,0,0
2526.29,-0.12,0,1,0,0,0,0
3152.2,-0.2188,0,1,0,0,0,0
2372.0,-0.2464,0,4,0,1,0,0
1160.91,-0.1339,0,1,0,0,0,0
8853.27,2.1364,0,0,0,0,0,0
4278.28,-0.0921,0,2,0,1,0,0
5278.41,0.4723,0,0,0,0,0,0
2116.63,-0.0055,1,3,0,0,0,0
1119.5,-0.0889,0,0,0,0,0,0
2689.49,-0.1641,1,0,0,0,0,0
6055.95,0.5332,0,0,0,0,0,0
20978.39,3.4056,0,1,0,0,0,0
1814.64,0.1721,0,4,0,0,0,0
6637.71,3.1155,0,3,0,0,0,0
5037.86,0.2437,0,0,0,0,0,0
3293.28,-0.0971,0,1,0,0,1,0
2776.87,-0.1124,0,2,0,0,0,0
3165.04,2.5344,0,5,0,0,1,1
12931.12,2.6132,0,1,0,0,0,0
2941.52,-0.0592,0,0,0,0,0,0
3575.59,-0.1597,0,1,0,0,0,0
4373.01,-0.0261,0,0,0,0,0,0
7407.24,0.7878,0,5,0,0,0,1
5195.44,1.897,0,1,0,0,0,0
3039.42,-0.0714,0,3,0,0,0,0
4887.45,0.2829,0,1,1,0,0,0
5924.13,0.5562,1,0,0,0,0,0
3717.74,-0.0955,0,0,0,0,0,0
2531.1,-0.1827,0,5,0,0,0,0
2801.54,0.112,0,0,0,0,0,0
11132.62,1.5272,0,0,0,1,0,0
1062.17,-0.3221,1,2,0,0,0,0
3121.87,-0.0565,0,3,0,0,0,0
3092.99,0.0928,1,5,0,0,0,0
10733.09,8.4304,0,0,0,0,0,1
3575.72,-0.0429,0,1,0,0,0,0
13926.27,3.9542,0,2,0,0,0,0
1825.69,-0.0722,0,0,0,0,0,0
1538.33,0.2251,0,4,0,0,0,0
5628.14,1.0193,0,0,0,0,0,0
1893.17,-0.2509,0,0,0,0,0,0
4341.4,0.2936,0,2,0,0,0,0
584.15,-0.0171,0,2,0,1,1,0
850.92,0.1136,0,3,1,0,0,0
2058.76,0.7859,0,0,0,0,0,0
1045.35,0.0017,0,0,0,0,0,0
2798.16,0.0831,0,0,0,0,0,0
2451.26,-0.331,0,2,0,0,0,0
2085.72,-0.3507,0,6,0,0,1,0
12829.03,4.0304,0,5,0,0,0,1
2045.51,0.0962,0,0,0,0,0,0
6093.61,0.6779,0,1,0,0,0,0
950.35,-0.0802,0,0,0,1,0,0
6858.2,0.4786,0,2,0,0,1,0
3601.92,0.0845,0,0,0,1,0,0
14812.66,3.5801,0,0,0,0,0,0
3845.21,1.7432,0,0,0,0,1,0
1174.15,-0.2603,0,4,0,0,0,0
3861.09,-0.0273,0,1,0,0,0,0
1915.03,0.0991,0,4,0,1,1,0
800.71,-0.3381,0,0,0,1,0,0
3365.54,1.3727,0,0,0,0,0,0
3183.31,0.3759,0,0,0,0,0,0
5267.47,0.1216,0,0,0,0,0,0
1690.95,-0.2,0,1,1,0,0,0
1814.91,-0.2143,0,0,0,0,0,0
4323.3,0.2865,0,2,0,0,0,0
7844.44,1.057,0,3,0,0,0,0
2046.57,0.4693,0,0,0,0,0,0
4786.63,0.2034,0,0,1,0,0,0
8795.62,1.5152,0,0,0,1,0,1
10262.91,1.1635,0,5,0,0,0,0
3246.33,-0.0107,0,0,0,0,0,0
1927.89,1.7252,0,1,0,0,0,0
4246.45,1.2922,0,0,0,0,1,0
14110.55,1.9624,0,0,0,0,0,0
3364.97,-0.1793,1,0,0,0,0,0
4836.32,4.3654,0,2,0,0,0,1
1859.08,-0.1509,0,3,0,0,0,0
1606.96,0.0063,0,0,0,0,0,0
3332.73,0.1101,1,0,0,0,0,0
984.96,-0.1958,0,1,0,0,0,0
3210.97,0.287,0,0,0,0,0,0
2929.83,0.4507,0,0,0,0,0,0
645.4,-0.1569,0,1,1,0,0,0
5332.92,1.0249,0,4,0,0,1,1
1450.11,-0.4403,0,0,0,0,0,0
3704.36,0.0487,0,3,1,0,0,0
1241.37,-0.2355,0,0,1,0,0,0
4134.39,-0.0879,1,0,0,0,1,0
11810.91,1.604,0,1,0,1,0,0
720.58,-0.1591,0,2,0,0,0,0
23248.72,3.7002,1,5,0,0,0,1
2446.27,-0.031,0,0,0,0,0,0
5228.52,0.604,0,0,0,0,0,0
2002.45,0.28,0,0,0,0,0,0
2116.48,-0.1574,0,0,0,0,0,0
3991.67,0.0152,0,2,0,0,0,0
3703.67,0.1611,0,0,0,0,0,0
4405.59,0.0272,0,0,0,0,0,0
2537.31,1.8974,0,2,0,0,0,0
1620.84,-0.1838,0,0,0,0,0,0
6725.17,0.4382,0,0,1,0,0,0
1026.42,-0.0886,0,1,0,0,0,0
1312.91,0.0089,0,3,0,0,0,0
5767.68,2.313,1,3,0,0,0,1
12301.27,1.6114,1,1,0,0,0,0
3818.99,0.7567,0,4,0,0,0,0
2067.88,-0.2989,0,2,0,0,0,0
7025.42,3.989,0,0,0,0,0,0
1682.53,0.1542,0,0,0,0,0,0
3407.26,-0.0729,1,1,0,1,0,0
4277.96,-0.1271,1,2,0,0,0,0
6107.6,0.3305,0,5,0,0,0,0
2857.9,1.7677,0,3,1,1,0,0
1967.79,-0.1251,0,4,0,0,0,0
1142.85,-0.1615,1,1,1,1,0,0
3056.15,0.1696,1,1,1,1,1,1
35614.5,6.3441,1,5,0,1,0,1
2401.09,-0.3612,0,2,0,0,0,0
4613.24,0.1723,0,0,0,0,0,0
3541.77,0.3085,0,1,0,0,0,0
4114.15,-0.14,0,1,0,0,0,0
3174.46,-0.1477,0,0,0,1,0,0
1441.69,-0.1119,0,2,0,0,0,0
5560.34,0.2555,0,1,0,0,0,0
7396.17,1.9407,0,0,1,0,0,0
7405.86,3.9705,0,4,0,0,0,0
1153.52,0.0238,0,0,0,0,0,0
3722.95,-0.0821,0,0,0,0,0,0
2459.31,-0.493,0,2,0,0,0,0
860.77,0.3796,0,2,0,0,0,0
4207.72,0.2436,0,0,0,0,0,0
4618.0,1.5315,0,3,0,0,0,0
778.89,-0.0689,0,3,1,0,0,0
2717.1,0.4569,1,2,0,0,0,0
2226.72,0.0016,0,0,0,0,0,0
829.45,-0.1407,0,0,0,0,0,0
6767.35,0.7807,0,1,0,0,0,0
4826.04,0.3348,0,1,0,0,1,0
4768.41,0.1791,0,0,0,0,0,0
1328.98,-0.1615,1,1,0,0,0,0
5494.78,0.2987,0,1,0,0,0,0
4895.77,0.2809,0,4,0,0,0,0
3900.83,0.1144,0,1,0,0,0,0
3880.6,0.3607,0,0,0,0,1,0
6046.87,0.78,0,0,1,0,1,0
4083.49,0.0584,0,2,0,0,0,0
8011.51,2.6502,0,7,0,0,0,0
2208.46,0.9826,0,2,0,0,0,1
10011.9,1.7872,0,0,0,0,0,0
2249.12,0.4929,0,1,0,0,0,0
1439.82,0.6682,0,0,0,1,0,0
1254.85,0.1608,0,0,1,0,0,0
2328.47,-0.2226,0,0,0,0,0,0
7061.84,0.6105,0,2,0,0,0,0
2686.36,1.5411,1,0,0,0,0,0
3445.16,-0.1359,0,2,0,1,0,0
33641.44,8.2706,1,4,0,0,0,1
6597.63,0.4236,0,0,0,0,0,0
3380.55,0.1774,0,0,0,0,0,0
4150.37,-0.0941,0,2,0,0,0,0
3330.31,0.1363,1,0,1,0,0,0
2488.3,-0.2146,0,0,0,0,0,0
1568.28,0.1992,1,0,0,0,0,0
9122.75,1.3108,0,0,0,0,0,0
9433.44,2.6337,0,0,0,0,0,0
8228.72,3.7758,1,0,0,0,0,0
4561.21,-0.0732,0,1,0,0,0,0
10938.17,1.889,0,0,0,0,0,0
9772.99,1.3156,0,4,1,0,0,0
4770.66,0.3449,0,3,0,0,0,0
5136.82,0.0964,0,1,0,0,0,0
3640.6,0.9024,0,7,0,0,0,0
6863.45,0.765,0,3,0,0,0,1
6441.05,0.3586,0,1,0,0,0,0
3565.47,-0.1311,0,0,0,0,0,0
4037.12,-0.0743,0,7,0,0,0,0
617.18,0.0587,0,0,0,0,0,0
2170.98,0.0111,0,3,0,0,0,0
10036.42,1.3134,0,0,0,0,0,0
3955.42,0.3342,0,0,0,0,0,0
644.96,-0.1335,0,0,0,0,0,0
6809.92,1.4199,0,2,0,1,0,0
3298.01,-0.0623,0,0,1,0,0,0
1946.64,0.2771,0,2,0,0,0,0
5398.27,1.3546,0,0,0,0,0,0
582.57,0.0221,0,0,0,0,0,0
2816.36,-0.3219,0,3,1,0,0,0
5202.02,3.0828,0,4,0,0,0,0
8517.36,1.1289,0,0,0,1,0,0
7230.43,1.8333,0,1,1,0,0,0
2934.36,-0.1681,0,4,0,0,0,0
1963.97,-0.0776,0,1,1,0,0,0
13298.43,1.9473,0,2,0,0,0,0
1541.89,-0.5805,0,0,0,0,0,0
3021.44,-0.1745,0,0,0,0,1,0
5056.46,0.1236,0,0,0,0,0,0
1752.57,-0.288,0,2,0,0,0,0
2899.45,-0.0407,0,3,0,0,1,0
10414.15,1.5826,0,0,0,0,0,0
3521.86,1.1606,0,2,0,0,0,0
3823.0,0.1955,1,2,0,0,0,0
10950.08,1.3713,0,0,0,1,0,0
6249.67,0.2645,0,0,0,0,0,0
2069.64,-0.2346,0,1,0,0,0,0
3359.82,0.1074,0,1,1,0,0,0
657.77,0.0305,1,0,0,0,1,0
479.57,-0.3138,0,5,0,0,0,0
726.0,-0.1806,0,3,0,0,0,0
3216.18,-0.0117,0,2,0,0,0,0
1660.38,0.3425,0,3,0,0,0,0
2247.12,0.1695,0,2,0,0,0,0
2250.6,0.0548,0,1,0,0,0,0
9252.86,1.6037,0,1,0,1,0,0
2859.39,0.4092,0,1,0,0,0,0
2389.23,-0.2432,0,1,0,0,0,0
5448.02,3.1475,0,1,0,0,1,0
4844.57,0.0557,0,2,1,0,0,0
2451.7,0.2302,1,1,0,0,0,0
4776.88,0.0085,0,1,0,1,0,0
6946.12,0.756,0,4,0,1,0,1
5059.72,1.3756,0,4,0,0,0,0
1829.27,-0.2788,0,1,0,0,0,0
7102.76,1.0873,0,1,0,0,0,0
4383.08,-0.0877,0,1,0,0,0,0
5697.4,0.3562,0,2,0,0,0,0
4058.72,2.4568,0,0,0,0,0,0
2853.95,0.2028,0,0,0,0,0,0
3881.5,0.1796,0,1,0,0,0,0
1832.32,-0.1445,0,0,0,0,0,0
9932.35,1.8992,0,0,0,0,0,0
3412.63,0.3927,0,1,0,0,0,0
2150.13,0.0336,0,0,0,0,1,0
3157.56,0.0534,0,1,0,0,0,0
7721.39,2.0912,0,2,0,0,0,0
980.23,-0.0396,0,0,0,0,0,0
7574.09,1.0259,0,1,0,0,0,0
6344.25,0.398,0,3,0,1,0,0
2974.75,-0.0066,0,1,0,0,1,0
4220.02,0.4344,0,1,0,0,0,0
636.58,0.1772,0,1,1,0,0,0
915.98,-0.0979,1,0,0,0,0,0
7382.76,0.8989,0,0,0,0,0,0
2465.35,0.0754,0,1,0,0,0,0
1856.76,0.0589,1,2,0,0,0,0
2363.09,-0.4459,0,4,0,1,0,0
2193.63,0.1597,1,0,0,0,0,0
13106.11,2.0599,0,1,0,0,0,0
1494.58,-0.0353,1,0,0,0,0,0
3978.52,0.0498,0,4,0,0,0,0
2034.79,0.0281,0,2,0,0,0,0
1973.96,-0.3561,0,0,0,0,0,0
713.11,-0.1629,1,2,0,0,0,0
951.05,0.0358,0,0,0,0,1,0
20483.25,3.2906,1,5,1,0,0,1
3702.03,0.1547,0,1,0,0,0,0
5455.27,0.1275,0,0,0,0,0,0
4968.11,0.143,0,2,0,0,0,0
4917.67,0.0026,1,2,0,0,0,0
1363.8,-0.1985,0,0,0,0,0,0
2209.61,1.2421,0,1,0,0,0,0
13309.35,1.866,0,0,0,0,0,0
872.07,-0.0018,0,1,0,0,0,0
2810.26,0.1957,0,1,1,0,0,0
1666.52,-0.1996,0,4,0,0,0,0
4683.81,0.3185,0,2,0,0,0,0
2198.4,0.0024,0,1,0,1,0,0
2959.44,0.2479,0,3,0,0,0,0
1757.24,-0.475,1,0,0,0,0,0
721.88,0.2087,0,0,0,0,0,0
8825.45,1.2221,0,0,0,1,0,0
3459.83,0.1212,1,2,0,0,0,0
3667.59,0.1996,0,0,0,0,0,0
5251.53,0.5073,0,0,0,0,0,0
3660.63,-0.0562,0,0,0,0,0,0
4441.23,0.016,0,1,0,0,0,0
4780.24,0.1412,0,0,0,0,0,0
2352.9,-0.2307,0,2,0,0,0,0
8515.21,0.9799,0,0,0,0,1,0
5292.93,0.2033,0,0,0,0,0,0
11244.18,1.7846,0,0,0,0,0,0
1983.42,0.0096,0,0,0,1,0,0
823.31,0.2168,0,0,0,0,0,0
5405.06,0.1216,0,3,0,1,0,0
3727.13,-0.0249,0,3,0,0,0,0
2994.22,-0.0477,0,1,0,0,0,0
5217.68,0.1828,0,0,0,0,0,0
1592.45,-0.1858,0,0,0,0,0,0
4173.86,0.7814,0,5,0,0,0,1
2635.85,0.4877,0,0,0,1,0,0
1287.34,-0.1438,0,0,0,0,0,0
3798.91,1.2399,0,2,0,0,0,0
2250.63,0.2352,0,1,0,0,0,0
842.73,-0.0013,0,0,1,0,0,0
2380.98,-0.0754,0,2,1,0,0,0
6881.81,1.1819,0,0,1,0,0,0
17532.79,3.4894,0,4,0,0,0,0
1827.44,1.822,0,2,0,0,0,0
2393.89,0.269,0,0,0,0,0,0
1646.42,-0.1637,0,0,1,0,0,0
5055.43,0.0285,1,1,0,0,0,0
3028.44,-0.0431,0,0,0,0,0,0
2261.62,0.2984,0,1,1,0,0,0
3961.77,0.1479,1,0,0,1,0,0
2027.45,-0.4108,1,2,0,0,1,0
3196.45,-0.2789,0,1,0,0,0,0
840.05,0.3182,0,0,0,0,1,0
2567.0,-0.0019,0,0,0,0,0,0
2344.87,-0.1272,0,5,0,0,0,0
3164.76,2.7529,0,0,0,1,0,0
788.49,0.4814,0,0,0,0,0,0
4049.68,0.8321,0,0,0,0,0,0
1419.03,0.2433,0,2,0,0,0,0
5896.43,0.8105,1,4,1,1,0,1
2112.78,0.1881,0,3,0,0,0,0
2899.74,0.3236,0,0,0,0,0,0
796.65,0.0225,0,3,0,0,0,0
1476.94,0.0709,0,1,0,0,0,0
3098.82,-0.036,0,0,1,0,1,0
10840.47,1.6009,0,0,0,0,0,0
1552.11,0.0914,0,1,0,0,0,0
1448.69,-0.2997,0,3,0,0,0,0
8310.1,0.7712,0,1,0,0,0,0
8521.56,1.9892,0,2,0,0,0,0
3979.09,0.0976,0,2,0,0,1,0
2337.25,-0.3343,0,1,0,0,0,0
3273.25,1.5655,1,1,1,0,0,0
1470.47,-0.3908,0,5,0,0,0,0
3701.04,0.1244,0,2,0,0,0,0
5826.9,0.9578,0,0,0,0,0,0
2507.71,-0.1101,0,2,0,0,0,0
929.61,-0.1325,0,5,0,0,0,0
3200.74,0.0804,0,3,0,0,0,0
2628.42,-0.3747,0,1,0,0,0,0
1732.54,0.7795,0,1,0,0,0,0
1097.35,-0.3635,0,0,0,0,0,0
2627.33,-0.0044,0,2,0,0,0,0
8692.27,1.4209,1,2,1,0,0,1
2607.15,0.2889,1,1,0,0,0,0
4327.43,0.1046,0,0,1,0,0,0
1914.39,-0.0121,0,0,0,0,0,0
8576.86,1.6375,0,0,1,0,0,0
2820.15,-0.2617,0,2,0,0,0,0
2599.76,-0.2523,0,1,0,0,0,0
1019.56,-0.2639,0,6,0,0,0,0
4721.43,-0.0459,0,0,0,1,0,0
1134.59,0.326,0,0,0,0,0,0
4625.45,0.1589,0,0,0,0,0,0
904.64,-0.1117,0,2,0,0,0,0
5857.39,0.6648,0,0,0,0,0,0
1123.6,-0.2498,0,3,0,0,0,0
6913.84,0.6423,0,0,1,0,0,0
3539.77,0.0193,0,1,0,0,0,0
2453.57,-0.2283,0,1,0,0,0,0
5683.7,0.2069,0,0,0,0,0,0
6087.48,0.3975,0,0,0,1,0,1
2983.94,0.2889,0,1,0,0,0,0
1170.79,0.1515,0,1,0,0,0,0
1565.41,-0.3584,0,0,0,0,0,0
2030.69,-0.2188,0,0,0,0,0,0
4480.84,0.1075,0,1,0,0,0,0
4341.7,0.2939,0,1,0,0,0,0
1044.75,0.1056,0,4,0,0,1,1
2499.69,0.4848,0,2,0,0,0,0
10839.13,1.7945,0,0,0,0,0,1
2113.09,0.036,1,3,0,1,0,0
1491.45,0.2252,0,0,0,0,0,0
2043.73,-0.132,0,1,0,0,0,0
3989.64,0.0702,0,0,1,1,0,0
3278.14,0.0277,0,3,0,1,0,0
4155.98,0.0836,0,2,0,0,0,0
2293.86,0.0677,0,0,0,0,1,0
2413.44,-0.0967,0,0,0,0,0,0
4702.74,-0.058,0,7,0,0,0,0
3496.88,-0.154,0,0,0,0,0,0
4845.01,0.0839,0,0,0,0,0,0
4754.78,0.237,0,0,1,0,0,0
14700.55,2.6372,1,3,1,0,0,1
1141.87,-0.0247,0,2,0,0,0,0
1765.69,0.0175,0,3,0,0,1,0
2979.01,0.0041,0,0,0,0,0,0
1178.0,-0.2209,0,0,0,0,0,0
1091.81,-0.1374,0,1,0,0,0,0
4014.83,-0.1787,0,4,0,0,0,0
1075.43,0.3027,0,1,0,0,0,0
4848.0,0.0575,0,2,0,0,0,0
1347.48,0.676,0,1,0,1,0,0
2404.95,-0.1058,1,0,0,0,0,0
1431.6,-0.589,0,3,0,1,0,0
3293.09,0.0259,0,1,0,0,0,0
5680.52,0.2187,0,0,0,0,0,0
1698.29,-0.0313,0,2,0,0,0,0
5944.27,1.5645,0,1,0,0,0,0
4434.13,-0.056,0,2,0,0,1,0
8324.47,1.7494,0,1,0,0,1,0
1509.77,-0.0187,0,0,0,0,0,0
2123.2,0.6274,0,2,0,0,0,0
3598.53,-0.0611,0,1,0,0,0,0
2549.06,0.9775,0,0,0,0,0,0
1815.34,0.3482,0,0,1,0,0,0
4477.94,0.0641,0,3,0,0,0,0
6425.47,1.7065,0,1,0,0,0,1
5637.32,0.161,0,1,0,0,0,0
9194.81,1.8179,0,3,0,1,0,0
47664.68,8.6262,0,3,1,0,0,1
3603.05,1.7172,0,1,0,0,0,0
2260.4,0.1601,1,1,0,0,0,0
2066.39,1.0521,0,4,0,0,0,0
9065.66,1.335,1,0,0,0,0,0
1826.34,0.3302,0,0,0,0,1,0
5076.62,0.115,1,0,0,0,0,0
4741.47,0.1516,0,2,0,0,0,0
2387.39,-0.4483,0,0,0,1,0,0
1734.37,-0.0685,0,1,0,0,0,0
35698.22,6.6879,0,4,0,0,0,1
2492.53,-0.0086,0,0,0,1,1,0
4554.36,-0.0174,0,1,1,0,1,0
5006.18,0.0871,0,0,0,0,0,0
26949.84,4.9544,0,1,1,0,1,1
942.76,-0.2122,0,2,0,0,0,0
7136.29,0.6683,0,1,1,0,0,1
8406.18,0.9849,0,1,0,0,0,0
1968.79,0.1143,0,0,0,0,0,0
870.29,-0.1014,0,2,0,1,0,0
2502.42,1.172,0,0,0,0,0,0
6327.83,2.0399,0,0,0,0,0,0
1077.08,-0.1713,0,1,0,0,0,0
3926.27,-0.0496,0,0,0,0,0,0
1906.41,-0.4759,1,2,0,0,1,0
1265.01,0.253,1,1,0,0,1,0
4681.18,0.1741,0,3,0,0,0,0
5017.91,0.0648,0,3,0,0,0,0
729.55,0.224,0,0,1,0,0,0
2235.29,1.9109,0,1,1,0,0,0
2530.78,1.9012,0,0,0,0,0,0
2683.62,0.605,0,0,1,0,1,1
11969.05,1.5073,0,2,0,0,0,0
656.1,-0.3323,0,0,0,0,0,0
1746.92,0.1835,1,1,1,0,0,0
2669.73,0.1348,0,0,0,1,0,0
4760.69,-0.045,0,2,0,0,0,0
482.85,-0.2982,0,2,0,0,0,0
3513.9,0.041,0,2,0,0,0,0
4725.6,0.0052,0,1,0,0,0,0
6201.46,1.0563,0,4,1,0,0,1
1877.92,-0.0176,0,0,0,0,1,0
11055.74,1.754,1,2,0,0,0,0
3048.31,-0.1284,0,0,0,0,0,0
1430.89,-0.0096,0,3,0,0,0,0
3208.12,-0.2904,0,0,0,0,0,0
4044.59,-0.0935,0,0,0,0,0,0
489.31,-0.0574,0,0,0,0,0,0
3549.93,-0.2271,0,0,0,0,0,0
1087.64,0.1243,0,3,0,0,0,0
774.11,0.3908,0,1,0,0,0,0
3296.9,-0.1603,0,3,0,0,0,0
11751.23,1.4061,0,7,0,0,0,0
2237.91,0.1847,0,7,0,0,1,0
7058.51,0.4798,0,3,0,0,1,0
2738.78,-0.079,0,2,0,0,0,0
12482.28,1.8513,1,0,0,0,0,0
1886.08,0.3477,0,2,0,0,0,0
1838.23,-0.1168,0,0,0,0,0,0
3489.7,1.3807,0,2,0,0,0,0
23801.69,6.2032,0,3,0,1,0,1
2531.9,0.7889,0,1,0,0,0,0
9337.96,1.076,0,1,0,1,0,1
4097.08,-0.1327,0,2,0,1,0,0
7065.71,0.4813,0,0,0,0,0,0
1144.37,-0.0482,0,0,0,0,1,0
1632.96,0.0171,0,4,0,0,0,0
2930.76,-0.3071,0,3,0,0,0,0
13101.54,1.7564,1,1,0,0,0,0
5632.35,0.3291,0,2,0,0,0,0
785.49,-0.4026,0,0,1,0,0,0
1017.44,0.0433,1,0,0,1,1,0
2928.99,0.1201,0,0,0,0,0,0
1330.03,0.1198,0,0,0,0,0,0
3376.15,-0.0105,0,4,1,0,0,0
9087.59,1.1553,0,0,1,0,0,0
5332.86,1.7438,0,0,0,0,0,0
1294.42,-0.0821,0,1,0,0,0,0
5703.0,0.253,0,1,0,0,0,0
1483.6,1.0843,1,2,0,0,0,0
2838.38,-0.1842,0,0,0,0,1,0
1173.07,-0.52,0,1,0,0,0,0
8425.02,2.5318,1,1,0,0,0,1
2894.77,-0.0787,0,0,0,0,0,0
5518.4,1.9479,0,2,0,0,0,0
3845.9,0.3445,0,1,1,0,0,0
7056.34,0.7451,0,1,0,0,1,0
5194.89,0.2845,0,0,0,0,0,0
2600.18,1.2212,0,2,0,0,1,0
1893.3,-0.2355,0,5,0,0,0,0
6874.32,0.9613,0,1,0,0,0,0
3334.57,-0.1419,0,4,0,0,0,0
849.72,-0.0197,0,2,0,1,0,0
785.67,-0.1032,0,1,0,0,0,0
4254.36,-0.1437,0,5,0,0,0,0
4925.34,0.4346,0,0,1,0,0,0
2203.84,0.1846,0,0,0,0,0,0
2478.79,0.1881,0,0,0,0,0,0
1331.31,0.4428,0,0,0,0,0,0
5334.89,0.2674,0,1,0,0,0,0
1102.88,0.8719,1,2,0,0,0,0
1754.38,-0.2161,0,0,0,1,0,0
3241.33,0.2462,0,0,0,0,0,0
2966.56,0.2671,0,0,0,0,0,0
5092.86,0.2123,0,6,0,0,0,0
3658.56,1.1251,0,1,0,0,0,0
1727.4,-0.1642,0,1,0,0,0,0
1707.46,-0.021,0,0,0,0,0,0
4894.04,0.5187,0,1,0,1,0,0
1586.73,-0.5307,0,0,0,1,0,0
13904.43,1.8134,0,2,0,0,0,0
1393.55,0.5787,0,1,0,0,0,0
12551.0,2.2919,0,1,1,0,0,0
1710.79,0.1134,0,3,0,0,0,1
5626.54,1.379,0,0,0,0,0,0
13866.54,2.024,0,2,1,0,0,1
2053.64,0.0266,0,1,0,0,0,0
3444.99,0.1963,0,0,0,0,0,0
1091.57,-0.0574,1,2,0,0,0,0
969.9,0.3781,0,0,0,0,0,0
1216.75,1.0331,1,0,0,0,0,0
1108.57,0.376,1,0,0,0,0,0
2301.86,-0.3396,0,1,0,0,0,0
1041.58,-0.0088,0,1,0,0,0,0
3100.24,-0.2061,0,0,0,0,0,0
5197.19,0.1151,0,0,0,0,0,0
1490.68,-0.0271,1,1,0,0,0,0
2869.22,0.0816,1,0,0,0,0,0
1862.87,0.0836,0,0,0,0,0,0
5707.82,0.158,0,1,0,0,0,0
1396.98,0.328,0,0,0,0,0,0
1491.24,-0.3706,0,3,0,0,0,0
3157.92,0.2908,0,3,1,0,0,0
984.09,-0.3673,0,0,0,0,1,0
779.97,-0.1739,0,1,1,0,0,0
1355.36,0.1058,0,1,0,0,0,0
7809.84,0.8158,0,3,0,0,0,0
1877.63,-0.3131,0,2,0,0,0,0
8577.4,1.6924,0,1,0,0,0,0
4013.91,-0.011,0,1,0,0,0,0
4800.27,-0.0342,0,1,0,0,0,0
4086.78,0.2432,0,1,0,0,0,0
1367.8,0.1863,0,0,0,0,0,0
1474.27,0.2395,0,3,0,0,0,0
2471.86,0.0732,0,0,0,0,0,0
5721.45,0.3843,0,1,0,0,0,0
2545.27,0.6904,1,2,1,1,0,1
6128.71,0.6365,0,6,0,0,0,0
3262.5,0.0409,0,2,0,0,0,0
563.84,0.1132,0,0,0,0,0,0
4966.23,0.0359,0,2,1,0,0,0
3817.65,0.0152,0,2,0,0,0,0
1923.63,-0.1405,0,0,0,1,1,0
5055.9,0.2039,0,0,0,1,0,0
4884.82,0.1124,0,0,0,0,0,0
22658.85,3.8692,0,0,0,0,0,0
3993.68,-0.1745,0,2,0,1,0,0
11292.96,2.0362,0,3,0,0,0,1
2678.03,-0.2443,0,2,0,0,0,0
2592.22,0.2191,0,0,0,0,0,0
2375.18,-0.0859,0,2,0,0,0,0
1126.16,-0.3581,0,0,0,0,0,0
3993.92,-0.0726,0,0,0,0,0,0
1476.85,0.1704,0,0,0,0,0,0
2332.74,0.0857,0,0,0,0,0,0
3059.66,0.0902,0,2,0,0,1,0
6424.3,1.1692,0,0,0,0,0,0
1520.93,-0.2516,0,2,0,0,0,0
2819.89,-0.1574,0,0,0,0,0,0
997.39,-0.2962,1,0,0,0,0,0
10600.93,1.1509,0,2,1,0,0,0
2332.66,0.1332,0,3,0,0,0,0
4140.32,0.0138,0,0,0,0,0,0
5434.97,0.8435,1,0,0,0,0,1
14342.39,1.962,0,0,0,0,0,0
1819.04,-0.2399,0,1,0,0,1,0
2030.84,-0.0864,0,1,0,0,0,0
780.22,-0.0332,0,1,0,0,0,0
5258.56,0.3499,0,0,0,0,0,0
5044.64,0.0574,0,0,0,0,0,0
5199.89,0.8053,0,1,0,1,0,1
6603.4,0.3974,0,0,0,0,0,0
778.79,0.2437,0,0,0,0,0,0
3728.7,-0.1859,0,4,0,1,0,0
2297.75,0.2269,0,1,0,0,0,0
3530.25,0.2789,1,1,0,0,0,0
7638.25,2.7119,0,3,1,0,0,1
1421.95,0.106,0,1,0,0,0,0
2214.59,0.0763,0,3,0,0,0,0
9456.29,1.421,0,1,0,0,1,0
915.75,-0.211,0,0,0,0,0,0
3862.26,0.0239,0,4,0,0,0,0
4623.69,0.1279,0,0,0,0,0,0
3432.08,1.2127,0,0,0,0,0,0
3071.63,0.186,1,3,0,0,0,0
1323.51,-0.1269,0,0,0,0,0,0
1160.09,0.4677,0,2,0,0,0,0
5218.6,0.2138,0,0,0,0,0,0
4072.15,0.1002,0,2,0,0,0,0
330.62,-0.4375,0,0,0,1,0,0
3420.6,-0.1857,0,0,0,0,0,0
1935.31,0.2602,0,0,1,0,0,0
3546.83,-0.1457,0,0,0,0,0,0
3900.48,0.0887,0,0,0,0,0,0
5814.57,1.9114,0,1,0,0,0,0
3685.0,-0.2072,0,1,0,0,0,0
4511.32,0.121,0,0,0,1,0,0
4222.76,1.5343,0,0,0,0,0,0
10759.12,1.1828,0,1,0,0,0,0
4598.24,-0.0072,0,0,0,0,0,0
1930.94,0.9523,0,1,1,0,0,1
3112.59,-0.0635,1,2,0,0,0,0
5614.42,0.3781,0,0,0,0,0,0
2381.31,0.3912,0,1,0,0,0,0
4516.03,-0.0525,0,0,0,0,0,0
4275.02,0.1118,0,0,0,0,0,0
2488.13,0.1038,0,0,0,0,0,0
798.38,-0.3028,0,4,0,0,0,0
3712.15,0.0955,0,1,0,0,0,0
3340.92,1.652,0,0,0,0,0,0
1970.95,-0.2184,1,2,0,0,0,0
778.26,-0.243,0,0,0,0,0,0
1974.3,-0.0389,0,3,0,0,0,0
5150.39,0.122,0,0,0,0,0,0
7840.71,2.0389,0,6,0,0,0,0
1916.76,-0.1114,0,0,0,0,0,0
6065.66,2.2506,0,1,0,0,0,0
1801.24,-0.1476,1,1,0,0,0,0
3869.13,0.0412,0,0,0,0,1,0
5623.09,0.2922,0,4,1,0,0,0
3994.1,-0.1008,0,2,0,0,0,0
3564.8,0.3423,0,1,0,1,0,0
2795.04,0.2504,0,0,0,0,0,0
2515.92,-0.127,0,0,0,0,0,0
2007.34,0.1758,0,2,0,0,0,0
4375.31,0.7807,0,3,0,1,0,1
1723.15,0.017,0,1,0,0,0,0
4721.27,0.0396,0,0,0,0,0,0
2025.41,-0.2426,0,0,1,0,0,0
2025.46,-0.1699,0,0,0,0,0,0
1229.95,-0.4744,0,2,1,0,0,0
5121.15,0.1753,0,1,0,0,0,0
3165.51,-0.3106,0,2,0,0,0,0
4794.46,0.0433,0,0,0,0,0,0
2499.99,-0.1459,0,1,0,0,0,0
4857.91,0.0652,0,0,0,0,1,0
1219.94,-0.1894,0,0,0,0,0,0
3220.19,0.2159,0,0,0,0,0,0
2238.8,-0.0665,0,0,0,0,0,0
3152.66,-0.2304,1,0,0,0,1,0
3641.42,-0.0742,0,0,0,0,0,0
2555.98,-0.2508,0,0,1,0,0,0
5980.75,1.9106,0,2,0,0,0,0
8236.62,2.5694,0,3,0,0,0,0
8517.18,0.9414,0,3,0,0,0,0
5888.1,1.3503,0,4,0,0,0,0
9670.95,1.9643,0,3,0,0,0,1
6820.64,2.0137,0,0,0,1,0,0
3807.11,-0.0709,0,0,0,0,0,0
7226.38,1.2719,0,0,1,0,0,0
2098.39,-0.1818,0,1,0,0,0,0
2672.42,-0.1034,0,0,0,0,0,0
11670.8,1.5995,0,0,0,0,0,0
9030.27,1.9685,0,0,0,0,0,0
4672.42,1.0869,1,1,0,0,0,0
3390.71,0.1762,0,0,0,0,0,0
1234.92,-0.0713,0,1,1,0,0,0
3181.9,-0.2054,0,0,1,0,0,0
12486.58,1.6611,0,5,0,1,0,0
3767.16,0.0433,0,0,0,1,0,0
571.45,-0.1366,0,0,1,0,0,0
721.11,-0.0216,0,2,0,0,0,0
2825.57,-0.0686,0,1,0,0,0,0
1135.8,-0.1921,0,1,0,0,0,0
3106.43,0.148,0,0,0,0,0,0
1163.62,-0.1414,0,0,0,0,0,0
5872.76,0.2553,0,5,0,0,0,0
2626.61,0.0222,0,0,0,0,0,0
1774.07,0.8191,0,1,1,0,0,0
2897.75,-0.266,0,3,0,1,0,0
2672.28,-0.0837,0,0,0,0,0,0
3121.26,-0.0087,0,0,0,0,0,0
1239.72,-0.005,0,0,0,0,0,0
926.06,0.1249,0,2,0,0,0,0
5509.27,0.9026,0,0,0,0,0,0
13382.68,1.8892,1,1,0,1,0,0
2994.59,-0.0887,1,2,0,0,0,0
2301.85,-0.3548,0,3,0,0,1,0
5939.67,0.9019,1,5,1,1,0,1
1368.84,-0.0881,0,0,0,0,0,0
4360.77,1.839,0,1,0,0,0,0
4814.92,1.1321,0,4,0,0,0,0
4707.51,0.2818,0,5,0,0,0,0
1353.08,0.504,0,3,0,0,0,1
4921.14,0.5896,0,0,0,0,0,0
1089.17,0.0697,0,0,0,0,0,0
4393.96,0.7893,0,2,1,0,0,0
630.82,-0.1097,0,1,0,0,0,0
5627.86,0.4606,0,0,1,0,0,0
2734.45,0.2947,0,1,0,0,0,0
1852.04,0.1966,0,0,1,0,0,0
9700.75,2.1035,0,2,1,0,0,0
2176.38,0.1672,0,0,0,0,0,0
2663.3,-0.1984,0,1,0,0,0,0
8478.23,1.0437,1,3,0,0,0,0
3809.05,0.2156,0,1,0,0,0,0
1387.8,0.0986,0,0,0,0,0,0
2412.64,-0.2684,0,1,0,0,0,0
4412.96,-0.0363,0,1,0,0,0,0
34780.15,8.9376,1,0,0,1,1,1
1295.57,0.2173,0,1,1,1,0,0
2947.98,0.0353,0,2,0,0,0,0
5096.64,0.0975,0,0,0,0,0,0
2982.67,-0.2177,0,1,0,1,0,0
3734.53,-0.133,0,0,1,0,0,0
6552.77,0.7961,0,1,0,0,0,0
2617.0,0.1616,0,1,0,0,0,0
2320.19,-0.0569,1,3,0,0,0,0
5740.31,0.3517,1,0,0,0,0,0
1657.43,-0.1416,0,0,0,0,0,0
8848.58,1.8839,0,0,0,0,0,0
6219.4,2.2273,0,0,0,0,0,0
2110.06,3.0163,0,1,0,1,0,0
2989.92,0.9786,1,0,0,0,0,0
3198.11,0.4471,0,3,0,0,0,0
4362.75,-0.002,0,7,0,0,0,0
4234.21,0.2159,0,1,1,0,0,0
4638.09,0.0853,0,0,1,0,0,0
1472.88,-0.0732,0,2,0,0,0,0
7852.0,1.8034,0,0,1,0,0,0
2747.58,-0.1575,0,0,0,0,0,0
1529.12,0.11,0,0,0,0,0,0
3799.67,0.14,0,4,0,0,0,0
5782.4,1.7006,0,1,0,0,0,0
1751.38,1.6451,0,0,0,0,0,0
3183.86,-0.1459,0,2,1,0,0,0
3464.99,0.8862,0,0,0,0,0,0
3447.3,-0.0407,0,3,0,0,0,0
30462.71,8.2013,1,1,0,1,1,1
1214.77,1.1844,0,1,1,0,0,0
4283.19,-0.0076,0,0,0,0,0,0
1968.1,0.2342,0,2,1,0,0,0
10993.33,1.6389,0,4,0,0,0,0
6895.58,1.7312,0,1,0,0,0,0
802.57,-0.0521,0,1,0,0,0,0
1965.82,-0.0312,0,1,1,0,0,0
7934.89,1.5874,1,6,0,0,0,0
2874.33,0.0548,0,1,0,0,0,0
4299.08,-0.0464,0,1,1,0,0,0
5782.78,1.4716,0,1,0,0,1,0
1284.78,0.1935,0,0,0,0,0,0
498.22,-0.3077,0,0,0,0,0,0
2811.54,0.265,1,4,0,0,0,0
5932.87,0.5647,0,1,0,0,0,0
9340.03,1.0661,0,4,1,0,1,1
4530.0,0.3641,0,0,0,0,0,0
3231.77,-0.17,0,1,0,1,0,0
3611.62,0.211,1,0,0,0,0,0
7199.16,1.7345,0,0,0,0,0,0
3195.75,-0.2361,1,1,0,0,0,0
10725.49,1.2908,1,1,1,0,0,0
1445.53,-0.3626,1,0,0,0,0,0
4606.84,0.1032,1,3,0,0,0,0
1852.15,-0.0833,0,0,0,1,0,0
5209.56,0.1087,0,4,0,0,0,0
5845.87,0.3174,0,0,0,0,0,0
1238.51,-0.1596,0,0,0,0,0,0
2864.06,-0.2741,1,0,0,0,0,0
529.97,-0.2587,0,1,0,1,0,0
2606.42,0.7727,1,0,0,0,0,0
1293.53,0.0701,0,0,0,0,0,0
4769.92,1.3729,1,4,0,0,0,1
12797.36,3.9017,0,3,1,0,0,1
3458.68,0.1054,0,0,0,0,0,0
3775.03,0.0998,0,2,0,0,0,0
1238.97,-0.019,0,2,0,0,0,0
10397.95,1.5616,0,3,0,0,1,1
384.32,-0.2645,1,0,0,0,0,0
20288.83,3.6187,0,5,0,0,0,0
3592.7,0.0344,0,0,0,0,0,0
2408.63,0.0142,0,0,0,0,0,0
2620.22,-0.142,1,0,0,0,0,0
2112.21,0.3628,0,2,0,0,1,0
4619.59,0.0545,0,0,0,0,0,0
2871.46,-0.3336,0,3,0,0,0,0
2443.89,-0.0386,0,2,0,0,0,0
2705.45,-0.3185,0,2,0,0,0,0
3839.34,-0.113,0,0,0,0,0,0
6825.05,0.4575,0,0,0,0,0,0
10752.95,1.4108,0,4,0,0,0,0
1307.2,-0.2836,0,0,0,0,0,0
4246.94,-0.0684,0,0,0,0,0,0
1342.55,-0.3087,0,0,0,0,0,0
6644.25,1.7957,0,2,1,0,0,0
10117.55,1.7469,0,1,0,0,0,0
1113.76,-0.3232,0,0,0,0,0,0
3629.87,0.0336,1,2,0,0,0,0
3922.03,-0.0433,0,3,0,0,0,0
2809.88,0.0584,0,1,0,0,0,0
3058.85,0.8855,1,6,0,0,0,1
1594.83,0.3308,0,0,0,0,0,0
3745.94,0.6811,0,0,0,0,0,1
2220.19,-0.0839,0,1,0,0,0,0
2078.67,-0.4167,0,1,0,0,0,0
3860.36,0.6947,0,1,1,0,0,0
769.56,0.023,0,2,0,0,0,0
1819.84,-0.1886,0,3,0,0,0,0
1079.07,0.1872,0,0,1,0,0,0
11812.26,1.6158,0,2,1,0,0,0
1719.78,0.0186,0,7,0,0,0,0
1325.29,-0.0552,0,2,0,0,1,0
4553.85,-0.065,0,1,0,0,0,0
5177.6,0.1057,0,3,1,0,0,0
6810.72,0.3866,0,2,0,0,0,0
3337.67,0.163,0,0,0,0,0,0
2418.37,-0.129,0,0,0,1,1,0
2622.18,-0.0971,0,0,0,0,0,0
11950.89,1.9568,0,1,0,0,0,0
4789.87,0.3455,0,1,0,0,0,0
2531.1,0.2404,1,0,0,0,0,0
15116.59,7.2911,0,0,1,0,0,1
1075.88,-0.0311,0,1,0,0,0,0
5950.68,0.213,0,3,0,0,0,0
3679.14,0.5881,0,1,1,0,0,0
4131.94,-0.0521,0,0,0,0,0,0
3553.03,0.0958,1,3,0,0,0,0
12776.32,1.6714,0,1,0,0,0,0
4891.6,0.0563,1,1,0,0,0,0
3822.78,0.1055,0,1,1,0,0,0
1873.47,0.5095,0,1,0,0,0,0
1011.63,0.2109,0,3,0,0,0,0
1075.1,-0.4203,0,0,1,0,0,0
5205.06,0.1796,0,1,0,0,0,0
2265.12,-0.3019,0,0,0,0,0,0
4466.48,0.1144,0,0,0,0,0,0
548.15,-0.0105,1,1,0,1,0,0
5314.16,2.2656,1,0,0,0,0,0
599.47,0.0129,0,0,0,0,0,0
4238.94,1.9274,0,0,0,0,0,0
5755.49,0.1934,0,2,0,0,0,0
8117.93,2.6955,0,5,0,0,0,0
10660.53,3.477,0,6,0,0,0,0
5489.39,1.6416,0,0,0,0,1,0
4507.88,0.0832,0,2,0,0,0,0
980.82,0.3276,0,4,0,0,0,0
3577.88,0.1429,0,0,0,0,0,0
2320.08,-0.4235,0,0,0,1,0,0
2429.73,-0.3186,1,1,0,0,0,0
3934.16,-0.1761,0,0,0,0,0,0
3440.59,1.6987,1,0,0,0,1,0
8594.03,0.835,0,3,0,0,0,0
672.15,-0.128,0,1,0,0,0,0
5526.49,1.2322,1,1,0,0,0,0
3606.16,-0.165,1,2,0,1,0,0
1996.95,-0.1212,0,1,0,0,0,0
4932.45,0.7717,0,0,0,0,0,0
386.32,-0.2607,0,0,0,0,1,0
5472.14,0.1141,0,0,0,0,0,0
599.46,0.1801,0,0,0,0,0,0
646.45,-0.2384,0,5,0,0,0,0
9696.22,1.1446,0,0,0,0,0,0
3078.18,0.1565,0,0,0,0,0,0
3873.24,0.0304,0,0,0,0,0,0
2645.26,-0.1085,0,2,0,0,0,0
1212.2,-0.2044,0,4,0,0,0,0
6065.6,0.3964,0,0,0,0,0,0
1730.97,-0.1597,0,7,0,0,0,0
4652.84,0.2613,0,4,0,0,0,0
5842.27,0.1773,0,1,0,0,0,0
11188.1,1.915,0,0,0,0,0,0
1925.96,0.0473,0,4,0,1,0,0
7770.8,1.0299,0,0,0,0,0,0
2932.18,0.0196,0,0,1,0,0,0
1994.76,0.1591,0,0,0,0,0,0
8195.8,0.9058,1,2,0,0,0,0
4014.03,0.0442,0,0,0,1,0,0
3490.57,-0.0464,0,0,0,0,1,0
4563.46,0.4644,0,1,0,0,0,0
1959.93,0.3511,0,2,0,0,0,0
3225.66,-0.0237,0,1,0,0,0,0
3487.23,-0.1817,0,1,0,0,0,0
1948.92,-0.3978,0,0,0,0,0,0
9101.53,0.9319,0,1,0,0,0,0
884.9,0.1829,0,3,0,0,0,0
2878.24,0.0703,1,0,0,0,0,0
3287.67,-0.1577,0,2,0,0,0,0
11195.93,1.7257,0,0,0,0,0,0
5789.83,0.2488,0,2,0,0,0,0
3552.19,0.096,0,1,0,0,0,0
4258.81,-0.0202,0,1,0,0,0,0
2653.52,0.1398,0,2,0,0,0,0
22046.48,3.648,0,0,0,0,0,0
936.09,-0.127,0,4,0,1,0,0
2884.94,-0.1344,1,2,0,0,0,0
2142.49,-0.0252,0,1,0,0,0,0
2588.24,-0.4793,0,1,0,0,1,0
4375.1,0.0373,0,0,0,0,0,0
1069.36,-0.1049,0,3,0,0,0,0
4406.53,0.674,0,0,0,0,0,0
12050.47,1.8406,0,7,0,0,0,0
3784.86,0.3231,0,0,0,0,0,0
2614.12,-0.4341,0,0,0,0,0,0
2616.13,-0.265,0,2,0,0,0,0
1417.09,0.1538,0,1,0,0,0,0
3165.06,0.1831,0,0,0,0,1,0
10630.29,1.8388,0,0,0,0,0,0
3629.14,-0.0115,1,2,0,0,0,0
5310.54,1.4459,0,1,0,0,0,0
1988.98,-0.1587,0,0,0,0,0,0
2218.27,0.4696,0,4,1,0,0,1
3710.09,0.114,0,0,0,0,0,0
2634.18,0.9865,1,0,0,0,0,0
3625.61,-0.2258,0,0,0,1,0,0
4127.78,-0.1239,0,0,0,0,0,0
5525.23,0.2198,0,0,0,0,0,0
3903.34,0.6167,1,0,0,0,1,0
5144.3,1.5381,0,1,0,0,0,0
1668.67,-0.0309,0,1,0,0,0,0
688.2,-0.3336,1,0,0,0,0,0
3871.09,0.0876,0,0,0,0,0,0
2490.57,-0.2851,1,2,0,0,0,0
4659.91,0.398,0,3,0,0,0,0
4660.1,0.9328,0,0,0,1,0,0
3485.54,0.7146,0,3,0,0,0,0
378.0,-0.2697,1,1,0,0,0,0
3385.26,-0.0522,0,0,0,0,0,0
2623.0,0.417,0,0,0,0,0,0
1093.42,-0.0062,0,3,0,0,0,0
3013.95,-0.2688,0,1,0,0,0,0
3063.73,-0.1138,0,2,0,0,0,0
12422.71,1.5783,0,7,0,0,0,0
5294.72,0.7887,0,0,0,0,0,0
3465.84,-0.0035,0,2,0,0,0,0
1685.79,-0.171,0,2,0,0,0,0
621.76,0.0749,0,0,0,0,0,0
1746.95,0.2199,0,1,0,0,0,0
1874.18,0.1845,0,3,0,0,0,0
9620.39,1.1281,0,0,0,0,0,0
4764.89,-0.0358,0,0,0,0,0,0
4256.81,0.2677,0,4,1,0,0,0
1186.75,0.5783,0,0,0,0,0,0
1603.89,0.0829,0,0,0,0,0,0
3547.83,0.451,0,1,0,0,0,0
4910.91,0.8044,0,0,0,0,0,0
1491.99,-0.4846,0,1,0,0,0,0
2688.81,0.0246,0,0,0,0,0,0
1899.54,-0.0045,0,0,0,0,0,0
1128.27,0.037,0,0,0,0,0,0
8272.75,2.3139,0,0,0,0,0,0
23949.36,3.9299,0,0,0,0,0,0
2605.72,-0.0418,1,0,0,0,0,0
3321.33,2.6416,0,0,0,0,0,0
2153.8,-0.2361,0,2,0,0,1,0
3917.68,-0.2121,1,3,1,0,0,0
4359.72,0.0308,0,2,0,0,0,0
5920.27,1.3808,1,4,0,0,0,0
912.71,0.3897,0,1,0,0,0,0
4658.72,0.1451,0,7,0,0,0,0
2152.67,-0.109,0,0,0,0,0,0
4814.82,-0.014,0,1,0,0,0,0
6962.8,1.0152,0,0,0,0,1,0
4321.26,1.8375,0,1,0,0,0,0
5723.11,0.4801,0,1,0,0,0,0
2885.16,-0.066,0,1,0,0,0,0
3713.08,-0.0385,0,0,0,0,0,0
2121.73,-0.0539,0,5,0,0,0,0
3938.17,0.3166,0,3,0,0,0,0
4998.31,0.4347,0,0,0,0,0,0
1577.72,0.0181,0,0,0,0,0,0
1539.22,0.1352,0,2,0,0,0,0
7999.44,0.7689,0,0,0,0,0,0
2802.41,0.0149,0,0,0,0,0,0
4083.34,-0.0653,0,0,1,0,0,0
2809.69,0.0014,0,0,0,0,0,0
3005.02,1.5815,0,4,0,1,0,1
4198.4,-0.0107,1,1,0,0,0,0
2422.17,-0.2107,0,3,0,0,0,0
2361.71,-0.1051,0,0,0,0,0,0
728.84,-0.258,0,1,0,0,0,0
4226.9,0.6609,0,0,0,0,0,0
5210.14,0.675,0,2,0,0,0,1
6865.05,1.6579,0,2,0,0,0,0
4073.7,1.2116,0,4,0,0,1,0
2929.26,0.0832,0,0,1,1,0,0
1163.2,0.2529,0,0,0,0,0,0
4552.85,-0.0295,0,3,0,0,0,0
1782.34,-0.1565,0,2,0,0,0,0
2044.7,1.4539,0,1,0,0,0,0
1443.82,0.3399,0,3,0,0,0,0
21551.46,3.3548,0,0,0,0,0,0
837.49,-0.0825,0,2,1,0,0,0
1637.29,0.1481,0,0,0,0,0,0
1072.71,-0.1024,0,0,0,0,0,0
3070.46,0.1638,0,1,0,0,0,0
4273.97,-0.1267,0,1,0,0,0,0
1969.55,0.922,0,0,0,0,0,0
5248.52,0.1124,0,1,0,0,0,0
4667.6,0.0056,0,0,0,0,0,0
12755.84,1.7031,0,2,0,1,0,1
1219.08,0.027,0,1,0,0,0,0
3826.54,-0.178,0,2,0,0,0,0
3599.78,0.1995,0,0,0,0,1,0
2849.59,0.1137,0,0,0,0,0,0
1629.12,-0.1477,0,1,0,0,0,0
3453.42,-0.1174,0,2,0,0,0,0
8788.8,1.3762,0,3,0,0,0,0
1991.68,0.3455,0,3,1,0,0,0
776.1,-0.395,0,0,0,0,0,0
2844.06,-0.1027,0,2,0,1,0,0
2396.54,0.0049,0,3,0,0,1,0
2007.39,0.7552,0,0,0,0,0,0
4410.26,-0.1004,0,3,0,0,0,0
1087.17,-0.1988,0,3,0,0,0,0
5031.49,0.5099,1,2,0,0,0,1
3866.45,-0.0039,0,0,0,0,0,0
8893.33,0.8199,0,2,0,0,0,0
1880.37,-0.3104,0,2,1,0,1,0
1433.24,1.49,0,3,0,0,0,0
2700.56,-0.4385,1,1,0,0,0,0
3216.04,0.025,0,0,1,0,0,0
3562.5,-0.0587,0,1,0,0,0,0
7709.47,1.8827,0,1,0,0,0,1
3528.27,0.2107,0,7,0,0,0,0
12098.24,1.5612,0,2,1,0,0,1
1780.84,0.0901,1,0,0,1,0,0
4448.25,0.1193,0,4,0,0,0,0
1168.03,0.2071,1,0,0,0,0,0
3638.97,0.2443,0,2,0,0,0,0
1489.64,0.4893,0,0,0,0,0,0
1774.89,-0.3766,0,1,0,0,0,0
4647.87,0.2627,0,1,0,0,0,0
11693.02,2.6277,0,3,0,1,1,1
4409.6,0.6909,0,0,0,0,0,0
4462.54,0.1622,0,0,0,0,0,0
5531.91,1.0221,0,0,0,0,0,0
10308.74,1.4745,0,1,0,1,1,1
7602.8,1.6983,0,1,0,0,0,0
3769.75,0.2364,0,1,0,0,0,0
2736.99,-0.1795,0,2,0,0,0,0
3216.62,0.4177,0,1,0,0,0,0
1322.16,-0.5057,0,1,0,1,0,0
4501.94,0.4701,1,2,0,0,0,0
10604.84,1.3722,1,2,0,0,0,0
5511.4,0.1671,0,0,0,0,0,0
3342.21,-0.2661,0,1,0,0,0,0
2804.36,3.8952,0,3,0,1,0,0
4592.13,-0.0002,0,1,0,0,0,0
7977.62,0.6359,0,2,0,0,0,0
2195.09,-0.2701,0,2,0,0,0,0
2873.75,-0.0426,0,2,0,0,0,0
3912.44,-0.1409,0,0,0,0,0,0
5583.18,0.3294,0,5,0,0,0,0
18095.36,2.6609,0,2,0,0,0,0
1521.1,0.4862,0,0,0,0,0,0
1272.57,-0.4561,0,0,1,0,0,0
1699.47,-0.0455,0,1,0,0,0,0
2127.9,-0.3023,0,2,0,0,0,0
3118.95,0.4398,0,0,0,0,0,0
2047.72,0.1844,0,0,0,0,1,0
3633.64,0.0153,0,1,0,0,0,0
862.2,0.1509,0,6,1,0,0,0
2097.58,0.0311,0,0,0,0,0,0
2673.66,1.0989,0,1,0,1,0,0
2703.72,0.2573,0,0,0,0,0,0
6674.28,1.2323,0,0,0,0,0,0
1733.24,0.0594,0,0,0,0,0,0
3186.09,-0.2143,0,1,0,0,0,0
2436.99,0.0594,0,0,0,0,0,0
2099.68,-0.0694,0,3,0,1,0,0
1458.66,1.4131,0,0,0,0,0,0
830.79,0.3068,0,0,0,0,0,0
1123.95,0.1471,0,0,0,0,0,0
5310.59,0.1614,0,0,0,0,0,0
2641.01,0.1313,0,0,0,0,0,0
3646.77,-0.2166,0,1,0,0,0,0
2652.4,0.3426,0,1,0,1,0,0
10353.25,1.4864,0,6,0,0,0,0
8077.23,0.6684,0,1,0,0,0,0
3256.6,-0.2216,0,1,0,0,0,0
3043.47,0.7743,0,0,0,1,0,1
1168.86,-0.2183,0,1,0,0,0,0
2427.97,1.2002,0,1,0,0,1,0
13081.67,1.7237,0,1,0,0,0,0
1532.91,0.1735,1,1,0,0,0,0
3227.72,-0.0692,0,0,0,0,0,0
1795.12,-0.5375,0,0,0,0,0,0
3791.49,0.1114,0,0,0,0,0,0
5038.18,0.2291,0,0,0,0,0,0
4525.7,-0.0117,0,0,0,1,0,0
3726.84,0.011,0,0,0,1,1,0
1212.63,-0.2487,0,0,1,0,0,0
938.62,0.5509,0,5,0,1,0,0
5742.54,0.1919,0,0,0,1,0,0
3291.54,0.0484,0,7,0,0,0,0
4666.53,-0.0377,0,1,0,0,0,0
893.64,-0.2603,1,0,0,0,0,0
2485.67,0.4516,0,1,0,0,0,0
4147.95,0.0083,0,5,0,0,0,0
4984.51,0.0721,0,0,0,0,0,0
1563.28,-0.3036,0,1,0,0,1,0
3001.53,-0.2221,0,0,0,0,1,0
4174.64,0.7002,0,0,0,0,0,1
4621.07,0.3255,0,0,0,0,1,0
3866.28,-0.1443,0,0,0,0,0,0
6047.54,1.3923,0,1,0,0,0,0
4401.02,0.0286,0,1,0,0,0,0
1388.38,-0.2271,0,0,0,0,0,0
5363.21,0.1004,0,5,0,0,0,0
532.13,-0.3855,0,2,0,0,0,0
3694.94,-0.1234,0,0,1,0,0,0
8689.28,0.7636,0,1,0,0,0,0
16318.43,2.297,0,0,1,1,0,0
1855.73,-0.015,0,1,0,0,0,0
2872.99,-0.0564,1,0,0,0,0,0
905.49,-0.0253,0,0,1,0,0,0
2017.42,-0.085,0,1,0,0,0,0
2678.48,0.5064,1,0,0,0,0,0
2397.6,-0.1072,0,0,0,1,0,0
2984.06,0.0134,0,0,0,0,0,0
4581.88,0.4707,0,4,0,1,0,0
6980.65,1.6431,0,0,0,0,0,0
4246.63,0.0605,0,0,0,0,0,0
7593.88,2.7155,0,1,0,1,0,0
2270.51,0.0493,0,1,1,0,0,0
3697.07,0.1358,1,4,1,0,0,0
1824.34,0.0815,0,2,0,0,0,0
423.7,-0.4362,0,0,0,0,0,0
13151.23,1.9241,1,0,0,0,0,0
1098.63,0.3696,0,0,0,0,0,0
1853.99,0.4466,0,6,0,0,1,1
3915.62,0.1972,0,1,0,0,0,0
1477.42,-0.0623,0,1,0,0,0,0
3618.75,0.0538,0,1,0,0,0,0
2653.47,-0.1918,0,3,0,0,0,0
2150.41,0.8714,1,1,1,0,1,1
4149.4,0.3155,0,0,0,0,0,0
13921.58,1.9697,0,3,0,0,0,0
7429.97,1.7246,0,1,0,0,0,0
4130.79,-0.0014,1,0,0,0,0,0
5103.85,0.0502,0,0,0,0,0,0
5548.55,0.7173,0,0,0,0,0,0
2272.52,0.9394,0,5,0,0,0,1
1104.39,-0.2369,0,0,0,1,0,0
2121.86,0.0105,0,2,1,0,1,0
3707.37,0.3646,0,1,0,1,0,0
2166.8,-0.063,0,0,0,0,0,0
1893.46,0.0264,0,0,0,0,1,0
1189.91,0.0068,0,6,0,0,0,0
3899.19,-0.0445,0,1,0,1,0,0
4128.32,-0.1709,0,0,0,0,0,0
1992.44,0.2177,0,0,0,0,0,0
1094.68,-0.165,0,2,0,0,0,0
2636.46,0.6473,1,5,0,0,0,0
914.17,-0.1802,0,0,0,0,0,0
9207.72,3.9361,0,0,0,0,1,0
6463.43,0.8085,0,0,0,0,0,0
2634.56,-0.0079,0,1,0,0,0,0
4339.65,0.0409,0,0,0,0,0,0
5612.23,0.2237,0,0,0,0,0,0
1981.74,-0.1295,0,0,0,0,0,0
3777.12,0.0172,0,2,0,1,0,0
975.88,-0.0816,0,0,0,0,0,0
6255.41,1.8131,0,6,0,0,0,0
4907.76,2.705,0,5,1,0,0,0
1762.45,2.1573,0,1,0,1,0,1
3565.14,0.0726,0,4,0,0,1,0
3592.52,-0.13,0,0,0,0,0,0
4502.61,-0.0637,1,4,0,0,0,0
2076.33,0.0569,0,1,0,0,0,0
11585.62,3.0193,0,2,1,0,0,0
13056.19,1.7398,0,2,0,0,0,0
3536.81,-0.2695,0,0,0,0,0,0
1348.57,-0.1207,0,0,0,0,0,0
3941.49,0.0804,1,2,0,0,0,0
908.01,0.0054,0,0,0,0,0,0
3455.93,0.2019,0,1,0,0,0,0
1811.43,0.0993,0,0,0,0,0,0
2575.08,1.7309,0,4,0,0,0,0
769.11,0.136,0,5,0,1,0,0
4982.57,0.3683,0,1,0,0,0,0
3249.72,-0.0897,0,0,0,0,0,0
4976.77,0.1401,1,0,0,0,0,0
3053.37,-0.2423,1,1,0,0,1,0
3809.44,0.0537,1,1,1,0,0,0
3454.83,-0.2528,0,0,0,0,0,0
3938.69,0.2351,0,2,0,0,0,0
2296.85,-0.1728,1,1,0,0,0,0
13251.78,1.656,0,2,0,0,0,0
3183.68,0.1154,0,3,0,0,0,0
3665.38,0.3708,1,7,0,0,0,1
2594.97,-0.1363,0,0,0,0,0,0
2445.26,0.0282,0,1,1,0,0,0
3754.15,-0.2186,0,2,1,1,0,0
2304.1,0.0904,1,4,0,1,1,0
9728.23,1.948,0,0,1,0,0,0
3313.53,0.6283,0,0,0,0,0,1
6796.07,1.759,0,0,0,0,0,0
822.07,-0.2567,1,1,0,0,0,0
863.85,0.5322,0,2,0,0,0,0
2124.27,-0.1633,0,2,0,0,0,0
3536.68,0.2634,0,4,0,0,0,0
3337.54,2.536,0,1,0,0,0,0
2232.03,-0.481,0,4,0,0,1,0
891.27,-0.0185,0,0,0,0,0,0
6092.64,0.4384,0,0,0,0,1,0
6199.1,0.3296,0,0,0,0,0,0
3463.29,3.285,0,1,0,0,0,0
3885.11,0.6339,0,2,0,0,0,0
2662.38,-0.1538,0,1,0,1,1,0
6506.35,0.8688,0,0,0,0,0,0
2803.85,0.3374,0,2,1,0,0,0
1237.92,-0.2105,0,0,1,0,0,0
3897.74,0.3361,0,0,0,0,0,0
5884.71,1.3055,0,0,0,0,0,0
4106.38,0.0989,0,2,0,0,0,0
2848.29,0.1475,0,1,0,0,0,0
1487.39,-0.0541,0,3,0,0,0,0
5315.52,0.1416,0,3,0,0,0,0
2390.7,-0.306,0,3,0,0,1,0
2160.53,0.9062,0,2,0,0,0,1
4121.95,0.3536,0,0,0,0,0,0
3381.52,0.1338,0,0,0,0,0,0
2061.85,-0.1235,0,1,0,0,0,0
4684.72,0.5936,0,2,1,0,0,0
3653.01,1.2685,0,3,0,0,0,0
3467.38,-0.1723,0,0,0,0,0,0
6229.97,1.8608,0,0,1,0,0,0
924.56,-0.0197,0,1,0,0,0,0
4615.36,0.0566,0,0,1,0,0,0
4021.17,-0.118,0,1,0,0,0,0
11521.69,1.5681,0,1,0,0,0,0
8304.19,1.8478,0,2,0,1,0,1
4093.77,0.063,0,0,0,0,0,0
3328.06,0.1891,0,0,0,0,0,0
3896.48,0.8517,0,0,1,0,0,0
3944.32,0.2194,1,0,0,0,0,0
2648.83,-0.3607,0,2,0,0,0,0
9977.94,1.1042,0,1,0,0,0,0
5556.96,1.2493,0,2,0,0,0,0
10234.03,1.5847,0,2,0,0,0,0
5338.91,0.3439,0,0,0,0,0,0
4487.13,-0.0427,1,1,0,0,0,0
2455.83,0.381,0,4,0,0,0,0
2910.63,-0.1411,0,0,0,0,0,0
473.33,-0.7014,0,1,0,0,0,0
6744.47,0.9004,0,0,0,0,0,0
5289.76,0.0806,0,1,0,0,0,0
1298.78,0.2875,0,2,0,0,0,0
5037.94,0.0417,0,0,0,0,0,0
1913.9,0.2189,0,0,0,0,0,0
2206.06,-0.0108,0,4,0,0,0,0
4830.54,0.2035,0,2,0,0,0,0
2032.3,0.0536,0,0,0,0,0,0
1682.41,0.359,0,2,0,0,1,0
9484.88,1.7184,0,0,0,0,0,0
4200.27,0.1891,0,0,1,0,0,0
1837.67,1.0737,1,1,0,0,1,1
4645.47,1.7879,0,0,0,0,0,0
3166.93,0.0031,0,0,0,0,0,0
2063.9,-0.0595,0,2,0,0,0,0
3562.29,-0.0166,0,0,0,0,0,0
4634.78,0.3073,1,6,1,0,0,1
5024.74,2.146,0,3,0,0,0,0
5039.99,0.0268,0,0,0,0,0,0
1504.82,-0.6067,0,3,0,0,1,0
686.08,-0.0401,0,0,0,0,0,0
3426.02,-0.0907,0,0,0,0,0,0
4251.94,1.9731,0,1,0,0,0,0
2198.09,-0.4061,0,1,0,0,0,0
738.46,0.1944,0,1,1,0,0,0
1888.15,-0.2786,0,3,0,0,0,0
4195.86,0.5701,0,0,0,0,0,0
1330.42,1.3911,0,0,0,0,0,0
1330.71,-0.1613,0,0,0,0,0,0
4458.09,0.2088,0,1,0,0,0,0
4552.99,0.065,0,0,0,0,0,0
1641.91,-0.0939,0,0,0,0,0,0
3464.79,-0.0723,0,0,0,0,0,0
3501.8,-0.2446,1,3,0,0,0,0
6086.7,0.2523,0,0,0,0,0,0
1873.4,-0.0843,0,0,0,0,0,0
2385.37,-0.2134,0,1,0,0,0,0
3151.29,1.4624,0,0,0,0,0,0
4414.14,0.1219,0,1,0,0,0,0
2508.6,1.0936,0,0,0,0,0,0
1226.3,-0.2386,0,0,0,0,0,0
1268.11,-0.203,0,1,0,0,1,0
1117.46,-0.2677,0,0,1,0,0,0
3728.48,0.0006,0,2,0,0,0,0
3727.77,-0.0507,0,2,1,0,0,0
8750.34,0.7782,0,0,0,0,0,0
3168.06,0.241,1,0,0,0,0,0
4624.22,-0.0358,0,0,0,0,0,0
2680.71,0.4356,0,0,0,0,0,0
1522.7,-0.2739,0,0,0,0,0,0
2183.72,0.3506,0,0,0,0,0,0
4585.52,0.1972,0,0,0,0,0,0
1887.86,-0.2543,0,5,0,0,0,0
4264.77,0.0261,0,0,0,0,0,0
1211.2,0.0823,0,0,0,0,0,0
1125.56,1.2219,0,2,0,0,0,0
7230.54,0.4772,0,1,0,0,0,0
2474.17,-0.1225,0,0,0,1,0,0
11106.65,1.7287,1,1,0,0,0,0
3560.53,-0.0728,0,2,0,0,0,0
2017.68,0.0957,0,1,0,0,0,0
1234.62,-0.1792,0,0,0,0,0,0
3533.81,0.1691,0,1,0,0,0,0
2776.09,-0.066,0,2,0,1,0,0
1323.49,0.1396,0,6,0,0,0,0
4292.44,0.498,0,0,0,0,0,0
1825.77,0.1649,1,0,0,0,0,0
2326.84,-0.0495,0,3,1,0,0,0
661.7,-0.2708,0,1,0,0,1,0
2795.63,-0.1636,0,0,0,0,0,0
883.7,0.0953,0,1,0,0,0,0
3788.37,-0.2204,0,1,1,0,0,0
12235.01,1.9063,1,0,0,0,0,0
5007.66,0.4038,0,4,0,0,0,0
6683.69,1.5117,0,1,0,0,0,0
2842.99,0.0702,0,0,0,0,0,0
4331.19,0.2858,0,1,0,1,0,0
4470.66,0.1044,0,0,0,0,0,0
2976.46,-0.0614,0,0,1,0,0,0
4717.28,0.2602,1,5,0,0,0,0
2497.73,-0.2914,0,3,0,0,0,0
884.01,-0.1054,0,1,0,1,0,0
2664.73,0.1581,0,0,0,1,0,0
5868.23,2.2761,1,0,0,0,0,0
2215.06,0.0764,1,0,0,0,0,0
2873.19,-0.3734,0,0,0,0,0,0
4118.44,1.7819,0,3,0,0,0,0
5593.28,0.8409,0,2,0,0,0,0
1158.89,-0.1507,0,2,0,0,1,0
1081.22,-0.3696,0,0,0,0,0,0
7014.83,0.494,0,0,0,0,0,0
2908.35,0.2436,0,4,0,0,0,0
3912.48,0.902,1,1,0,0,0,0
3695.89,-0.043,0,0,0,0,0,0
2466.83,-0.3634,1,1,0,0,0,0
966.05,-0.2386,0,0,1,1,0,0
5648.75,0.2182,0,0,0,0,0,0
2835.89,-0.0816,0,2,1,0,0,0
1860.85,-0.1849,0,0,0,0,0,0
1609.36,0.2285,0,0,0,0,0,0
5990.18,1.5663,0,0,0,0,0,0
2519.59,-0.2327,0,2,0,0,0,0
835.39,-0.2561,0,1,0,0,0,0
4577.12,0.3518,0,1,0,1,0,0
692.47,0.1614,0,1,0,0,1,0
5549.08,0.9767,0,2,0,0,0,0
3924.22,-0.1895,0,2,0,0,0,0
2495.9,-0.1719,0,5,0,1,0,0
1542.81,-0.0978,0,0,0,0,0,0
9442.77,0.9505,0,1,0,0,0,0
3192.17,-0.0903,0,1,1,1,0,0
2433.1,0.1664,0,0,0,0,1,0
4057.55,0.0783,0,6,0,0,1,0
2616.84,-0.0569,0,0,0,0,0,0
1122.49,-0.0289,0,1,1,1,0,0
2526.58,0.3482,0,3,0,0,0,0
2066.24,0.3893,0,0,0,0,0,0
713.56,0.0969,1,1,0,0,0,0
2057.32,0.0185,0,4,0,0,0,0
1457.87,-0.3594,0,2,0,0,0,0
4350.98,0.2791,0,1,0,0,0,0
1779.95,0.094,0,0,0,0,0,0
586.95,-0.1016,0,0,0,0,0,0
4934.74,0.1832,0,1,0,0,0,0
1194.4,-0.043,0,1,0,0,0,0
12161.42,2.1233,0,2,0,1,1,1
1353.54,-0.0945,0,0,0,0,1,0
2988.52,0.1435,0,0,0,0,0,0
1707.95,0.2192,0,2,0,0,0,0
1427.39,0.4082,0,0,0,0,0,0
12825.86,1.8585,0,1,0,0,0,0
1914.47,-0.2215,0,3,0,0,0,0
4889.17,0.0215,0,1,1,0,0,0
3096.6,0.0901,0,0,0,0,0,0
3065.14,-0.2201,1,1,0,1,0,0
9552.22,1.6737,0,0,0,0,0,0
1502.68,-0.3899,0,0,0,0,0,0
619.72,-0.1024,1,0,1,0,0,0
1152.87,-0.1259,0,1,0,0,0,0
1018.68,-0.2875,0,1,0,1,0,0
3967.61,-0.1468,0,4,0,0,0,0
1273.98,-0.1362,0,1,0,0,0,0
2130.04,0.062,0,3,0,0,0,0
3826.28,0.1027,0,0,0,0,0,0
2171.52,0.0491,0,1,0,0,0,0
1024.78,-0.55,0,0,0,0,0,0
3506.97,0.1948,0,0,0,0,0,0
4975.6,0.0694,0,7,0,0,0,0
1357.7,-0.0435,0,1,0,0,0,0
4502.0,-0.0496,0,0,0,0,0,0
2605.14,-0.0198,0,0,0,1,0,0
2322.77,0.2032,0,0,0,1,1,0
4254.12,-0.1336,0,5,0,0,0,0
3100.56,-0.1627,0,3,0,0,0,0
2757.89,-0.054,0,0,0,0,0,0
6144.4,1.4905,0,0,0,0,0,0
1547.86,-0.1233,0,0,0,0,0,0
1926.82,-0.4123,0,7,0,0,0,0
4718.74,0.0,0,3,0,0,0,0
1362.71,0.1055,0,0,0,0,0,0
742.09,-0.5387,0,6,0,0,0,0
5043.92,0.1486,0,0,1,0,0,0
3086.95,-0.2465,0,0,0,0,0,0
6314.65,2.5194,0,2,0,0,0,0
2961.21,0.0449,0,0,0,0,0,0
1144.57,0.2447,0,0,0,0,1,0
5407.95,0.2991,0,0,0,1,0,0
5205.47,0.7099,0,1,0,0,0,0
13014.04,1.8074,0,0,0,0,0,0
10804.43,1.5667,0,0,0,0,0,0
2496.89,0.0546,0,1,0,0,1,0
12023.71,2.6635,0,4,0,0,0,1
3272.89,0.4141,1,0,0,0,0,0
14500.64,3.1889,0,1,0,1,0,0
1495.68,0.1176,0,0,0,0,0,0
2650.99,-0.206,0,4,0,0,0,0
3690.91,0.4797,0,1,0,0,1,0
3538.24,0.0377,0,1,1,0,0,0
4986.44,0.061,0,0,0,0,0,0
1422.35,-0.3709,0,0,0,0,0,0
2942.73,-0.1353,0,2,0,0,0,0
1505.39,-0.0016,0,1,0,0,0,0
1660.93,-0.0601,0,0,0,0,0,0
3834.62,-0.0282,0,1,0,0,0,0
2639.17,-0.2273,0,0,1,1,0,0
1628.55,-0.0772,0,4,0,0,0,0
4273.96,0.2153,0,0,0,0,0,0
2308.4,1.6974,0,3,0,0,0,0
785.22,0.0076,0,0,0,0,0,0
5896.97,0.6153,0,1,1,0,0,0
1164.32,-0.218,0,0,0,0,0,0
2973.92,0.576,0,1,0,0,0,0
3169.32,1.9122,0,0,0,0,0,0
1685.86,0.0041,0,2,0,0,0,0
4218.93,0.3372,1,0,0,1,0,1
2355.6,-0.0458,0,2,0,0,0,0
2949.89,0.4303,0,0,0,0,0,0
1298.77,-0.3074,1,0,0,0,0,0
1469.57,-0.3275,0,1,0,0,0,0
7729.27,0.5755,1,0,0,0,0,0
1527.71,0.0994,0,1,0,0,0,0
9008.99,3.086,0,0,0,0,0,0
1867.48,-0.269,0,0,0,0,1,0
8638.0,2.3846,0,1,0,0,1,0
1529.83,-0.0241,0,2,1,0,0,0
4890.89,0.4017,0,0,0,0,0,0
586.15,-0.0431,0,0,0,0,0,0
803.96,-0.1752,0,2,0,0,0,0
3068.12,0.1362,0,2,0,0,0,0
5234.52,1.9578,0,2,0,0,0,0
3205.72,-0.183,0,0,0,0,0,0
597.52,0.155,0,1,1,0,0,0
2055.28,2.5246,0,0,0,1,0,0
1683.1,0.0665,0,0,0,0,0,0
3356.84,0.3148,0,0,1,0,0,0
2910.67,-0.0093,0,1,0,0,0,0
3606.47,-0.0482,0,0,0,0,0,0
4032.04,0.3038,0,1,1,0,0,0
2919.7,-0.3257,0,1,0,0,0,0
9410.18,1.8913,0,0,0,0,0,0
3373.24,0.1736,0,3,0,0,0,0
6667.27,0.672,0,0,0,0,0,0
4335.69,0.1532,1,0,0,0,0,0
1711.63,1.5142,0,2,0,0,0,0
3919.28,0.1634,0,1,0,0,0,0
3406.01,0.4865,0,1,0,1,0,0
779.31,0.1396,0,6,0,0,0,0
3494.83,0.0965,0,0,0,0,0,0
7955.56,1.3247,0,1,0,0,0,0
3992.25,-0.1133,0,0,0,0,0,0
4014.1,-0.1037,0,6,0,0,0,0
3577.07,0.0801,1,0,0,0,1,0
3674.29,-0.26,0,0,0,0,0,0
1847.89,0.228,0,7,0,0,0,0
968.02,0.1211,0,3,0,0,0,0
5291.27,0.2261,0,2,0,0,1,0
6762.64,0.5314,0,1,0,0,0,0
1690.82,-0.0532,0,0,0,0,0,0
1292.16,-0.2316,0,0,0,0,0,0
2388.65,0.3465,1,2,0,0,0,1
668.83,0.1414,0,1,0,0,0,0
1047.75,-0.0121,0,6,0,0,0,0
5723.9,1.6147,0,1,0,0,0,0
3253.56,0.5435,0,0,0,1,0,0
2860.64,0.6442,0,1,0,1,0,0
4687.68,0.3138,0,2,0,0,0,0
4760.16,0.2895,0,2,0,1,0,0
3507.9,-0.1209,0,3,0,0,1,0
2577.98,-0.3018,0,0,0,0,0,0
3134.42,0.1564,0,0,0,0,0,0
8339.9,1.4867,0,0,0,1,0,0
928.92,0.2989,0,0,0,0,0,0
586.3,-0.2034,0,0,0,1,0,0
3357.35,0.1355,0,1,0,0,0,0
3069.86,-0.2249,0,4,0,0,0,0
711.58,0.0358,0,2,0,0,0,0
11073.48,1.8219,0,0,0,1,0,0
3110.31,0.025,0,1,0,0,0,0
1664.39,-0.1955,0,0,0,0,0,0
1474.65,0.0264,0,4,0,0,0,0
3678.76,1.7703,0,2,0,0,0,0
5115.16,0.4509,0,1,0,0,0,0
2765.04,-0.3627,0,0,0,0,0,0
1114.13,-0.0671,0,0,0,0,0,0
11921.87,1.5362,0,1,0,0,0,0
983.94,0.0217,0,1,0,0,0,0
3135.06,0.0699,0,1,0,0,0,0
818.99,-0.06,0,0,0,0,0,0
1936.58,-0.3924,0,0,1,0,0,0
2433.22,0.2674,0,0,0,0,0,0
1962.46,-0.0045,0,0,1,0,0,0
21270.12,3.8773,1,3,0,0,1,0
3923.1,-0.0094,0,1,0,0,0,0
4102.61,1.763,0,2,1,0,0,0
1286.88,-0.0305,0,3,0,0,0,0
5112.01,0.1397,0,3,0,0,0,0
3546.1,0.0795,0,0,0,0,0,0
2475.77,-0.2419,0,0,0,0,0,0
1599.21,0.3007,0,2,0,0,0,0
3245.7,-0.1057,0,0,0,0,0,0
2622.41,1.0722,0,0,0,0,1,0
2489.36,0.8768,1,0,0,0,0,0
3252.16,1.509,0,2,0,0,1,0
5880.6,0.527,0,0,0,0,0,0
1381.22,-0.2441,0,2,0,0,0,0
1594.12,1.4741,0,0,0,0,1,0
1577.0,-0.1984,1,1,0,0,0,0
3853.24,-0.2147,0,1,0,0,0,0
807.51,-0.1748,0,0,0,0,0,0
18625.28,3.7372,0,4,0,0,1,1
1509.07,-0.5313,0,0,0,0,0,0
7816.62,1.4091,1,0,1,0,0,0
2148.07,-0.2036,0,1,0,0,0,0
1239.62,0.2244,1,2,1,0,0,0
2210.39,-0.4132,0,0,0,0,0,0
1321.39,-0.1835,0,0,0,0,0,0
6544.87,0.9692,0,0,0,0,0,0
2366.93,0.0263,0,1,0,0,0,0
3271.47,-0.1237,0,6,0,0,0,0
4070.67,-0.1749,1,0,0,0,0,0
1326.3,0.2067,0,1,0,0,0,0
2086.88,-0.1524,1,0,0,1,0,0
1249.41,1.2402,1,1,0,0,0,0
2817.41,0.0102,0,0,0,0,0,0
2805.65,1.1163,0,5,0,0,0,0
1451.26,-0.294,0,7,0,0,0,0
1460.82,0.9342,0,0,0,0,0,0
2921.92,0.4402,0,1,0,0,0,0
3153.89,-0.0032,0,4,1,0,0,0
11453.42,2.7018,1,1,0,0,0,0
1649.73,0.1436,0,3,0,0,0,0
2184.01,0.3069,0,0,0,0,0,0
446.4,-0.3882,0,1,0,0,0,0
1178.67,-0.1985,0,1,0,0,0,0
3528.55,0.0833,0,3,0,0,0,0
5970.33,2.2029,0,1,0,1,1,1
4282.33,0.2431,0,1,0,0,0,0
5618.41,1.367,0,0,0,0,0,0
2656.17,0.1406,0,1,0,0,0,0
930.37,-0.2648,0,0,0,0,0,0
3029.05,0.629,0,1,0,0,0,0
10504.65,1.5407,0,1,0,0,0,0
9005.74,1.5476,0,0,0,0,0,0
2371.63,-0.0865,0,1,0,0,0,0
4031.83,2.1829,0,6,0,0,0,0
3781.18,-0.0907,0,1,0,0,0,0
2468.46,0.3535,0,0,0,0,0,0
6884.75,0.4872,0,0,0,0,0,0
5733.19,1.3435,0,2,0,0,0,0
5507.02,0.1489,0,0,0,0,0,0
2489.61,0.2333,0,2,0,0,0,0
13281.09,3.1831,0,3,0,0,0,0
2528.21,0.1393,0,0,0,0,0,0
3254.0,0.5464,0,2,0,0,0,0
4089.76,0.5635,1,2,0,1,0,1
1587.43,-0.2969,0,0,0,0,0,0
5986.78,0.4749,0,1,0,0,0,0
850.25,0.0823,0,0,0,0,0,0
21314.38,3.6492,1,1,0,0,0,0
2698.34,-0.0162,0,2,0,0,0,0
2204.35,0.1881,0,0,0,1,0,0
8106.49,0.7238,0,3,0,0,0,0
486.59,-0.1127,0,0,0,0,0,0
4698.67,0.1163,0,0,1,0,0,0
734.75,0.1534,0,2,0,0,0,0
2352.42,-0.1485,0,3,0,0,0,0
1669.08,-0.0954,0,1,0,0,0,0
2176.31,0.02,0,0,0,0,0,0
4707.59,0.1186,0,0,0,0,0,0
3462.36,-0.2023,0,2,0,0,0,0
935.42,-0.1628,0,2,0,0,0,0
3599.63,-0.1873,0,3,0,0,0,0
4231.39,1.375,0,1,0,1,0,0
928.47,0.3591,0,0,0,0,0,0
5512.16,0.7459,0,0,0,0,0,0
2842.46,-0.1697,0,2,0,0,0,0
8499.9,1.4792,0,3,0,0,0,0
4193.34,0.7658,0,0,0,0,0,0
1608.92,-0.1732,1,0,0,0,0,0
1195.61,-0.0669,0,2,0,1,0,0
2590.39,-0.2866,1,3,0,1,0,0
1891.31,-0.111,0,4,0,0,0,0
1148.44,0.2333,0,0,0,0,0,0
1977.27,-0.1706,0,0,0,0,0,0
4478.2,1.8302,0,1,1,0,0,0
2499.65,-0.008,0,0,0,0,1,0
1858.03,1.8978,1,1,0,0,0,0
9842.76,1.2809,0,2,1,0,0,0
3233.98,0.0862,0,0,0,0,0,0
5891.45,0.3571,0,1,0,1,0,0
808.53,0.326,0,0,1,0,0,0
1871.03,-0.0778,0,1,0,0,0,0
3275.47,0.1514,0,2,0,0,0,0
2263.18,0.1263,0,0,0,0,0,0
5666.71,0.1885,0,1,0,0,0,0
6446.94,0.3391,0,1,1,0,0,0
3756.49,0.2036,0,3,0,0,0,0
5328.09,1.832,0,0,0,0,0,0
7616.78,0.7616,0,0,0,1,1,0
2685.15,-0.2683,0,2,0,0,0,0
2661.71,0.6646,0,1,0,1,0,0
2762.92,-0.0851,1,0,1,0,0,0
6700.11,1.7852,0,0,0,0,0,1
9264.0,1.6851,0,0,0,0,0,0
1688.25,0.2455,0,0,0,0,0,0
11084.34,2.2501,0,2,0,0,0,0
6506.19,0.323,0,1,1,0,0,0
3420.77,0.3735,0,0,0,0,1,0
7707.51,0.6204,1,0,0,0,0,0
1516.22,-0.3323,0,2,0,0,0,0
1932.51,-0.0785,1,2,0,0,0,0
4218.24,-0.0947,0,0,0,0,0,0
3814.15,0.2198,0,3,0,0,0,0
2114.09,0.0299,1,3,0,0,0,0
1724.51,1.801,0,2,1,0,1,0
7493.69,1.6022,0,0,0,0,0,0
901.31,0.344,0,2,0,0,0,0
852.25,0.2329,1,1,1,0,0,0
9731.02,2.4843,0,0,1,0,0,1
4196.38,0.1852,0,0,1,0,1,0
6796.16,2.4992,0,1,1,0,0,0
1389.32,0.4898,0,2,0,0,0,0
743.68,0.3684,0,2,0,0,0,0
7367.8,1.9992,0,0,0,0,0,0
923.55,0.0544,0,5,0,0,0,0
1349.82,0.0672,0,2,0,0,0,0
1526.06,-0.0627,0,0,0,0,0,0
5551.13,0.2877,0,1,0,0,0,0
1541.48,-0.1397,0,0,0,0,0,0
2267.75,0.4603,0,0,0,0,0,0
794.97,0.3407,0,2,0,0,1,0
3907.93,0.133,0,3,0,0,0,0
1102.03,-0.1646,0,0,0,1,0,0
3504.28,-0.0957,0,0,1,0,1,0
919.61,0.0724,0,0,0,0,0,0
1593.88,0.2623,0,4,1,0,1,0
2487.73,-0.1977,0,0,0,0,0,0
2951.6,0.5644,0,0,0,0,0,0
2450.37,0.9485,0,3,0,0,0,1
676.09,-0.1203,0,0,0,0,0,0
1546.6,-0.4743,0,0,0,0,0,0
1518.28,-0.2026,0,0,0,0,0,0
2711.88,0.0851,1,0,0,0,0,0
6347.76,0.3218,0,6,0,0,0,0
9726.87,1.9254,0,1,0,0,0,0
3403.84,-0.1266,0,0,0,0,0,0
3584.13,0.2272,0,2,0,0,0,0
566.48,-0.1517,1,0,0,0,0,0
3572.62,-0.1627,0,0,0,0,0,0
1433.53,0.0096,0,1,0,0,0,0
2309.85,-0.094,1,2,0,0,0,0
7299.8,0.7182,0,0,0,0,0,0
3146.77,0.1042,0,0,0,0,0,0
5469.79,0.1788,0,0,0,0,0,0
4377.82,0.6087,0,5,1,1,0,1
4273.94,0.0037,0,0,0,0,0,0
4474.12,-0.0188,0,0,0,0,0,0
3491.57,0.0608,0,0,0,0,0,0
3020.83,0.4662,0,0,0,0,0,0
5135.7,0.1024,0,1,0,0,0,0
16050.42,2.7777,0,2,0,0,0,1
1472.85,0.1414,1,0,0,0,0,0
1469.82,-0.4097,0,0,0,0,0,0
3365.04,-0.1705,0,0,0,0,0,0
4139.26,0.705,0,0,0,1,0,0
2551.25,0.0215,0,4,0,0,0,0
2316.57,0.4408,0,0,0,1,1,0
387.15,-0.2433,0,0,0,1,0,0
5179.79,0.3108,0,3,0,0,0,0
12111.23,1.6516,0,0,0,0,1,0
3979.41,-0.1147,0,4,1,0,0,0
4495.23,-0.0855,0,0,0,0,0,0
5730.26,0.1543,0,0,0,0,0,0
3148.08,3.917,1,0,0,0,0,0
2855.35,0.1652,0,3,0,0,0,0
1167.33,1.2642,0,3,0,0,0,0
4167.04,0.2972,0,0,0,0,0,0
3021.59,-0.2263,0,1,0,0,0,0
1460.7,0.936,0,1,0,0,0,0
515.07,-0.1182,1,0,1,0,0,0
5034.84,0.0639,0,1,1,1,0,0
3072.46,-0.0799,0,2,0,0,0,0
1221.61,-0.268,0,0,0,0,0,0
11796.37,1.5141,0,0,0,0,0,0
3883.07,-0.1116,0,4,0,0,0,0
3108.04,-0.222,0,1,0,0,0,0
2429.24,0.2356,0,1,0,0,0,0
4613.11,0.0343,0,0,0,0,0,0
1445.33,0.1674,0,0,0,0,0,0
2918.94,0.7221,1,0,0,0,0,0
1333.97,0.0193,0,0,0,0,0,0
4643.33,0.0173,0,0,0,0,0,0
1977.93,-0.5723,0,2,0,0,0,0
4457.06,0.0774,0,3,0,0,1,0
9923.51,1.4762,1,3,0,0,0,1
1009.04,0.1489,0,2,0,0,0,0
3848.29,-0.1332,0,2,1,0,0,0
3018.14,-0.1523,0,0,0,0,1,0
5452.58,0.3005,1,6,0,0,0,0
2579.09,-0.1299,0,1,0,0,0,0
3055.13,1.346,0,0,1,0,0,0
2151.76,-0.4635,0,1,0,0,0,0
3605.45,0.592,1,6,0,1,1,1
3864.28,0.2062,0,1,1,0,0,0
6445.68,0.4448,0,0,0,0,0,0
7544.96,0.5359,0,4,0,0,0,1
3272.82,2.6899,0,0,0,0,0,0
5317.41,1.4214,0,4,0,0,0,0
7652.42,6.0202,0,4,0,1,0,1
709.79,-0.2138,0,0,0,0,0,0
2121.38,-0.0402,0,3,0,0,0,0
1416.87,0.3303,1,3,0,1,0,0
3439.78,0.0278,0,4,0,0,0,0
11291.16,3.2585,0,1,0,0,0,0
9990.94,2.1548,0,5,1,0,0,0
2755.96,-0.1876,0,1,0,0,0,0
2841.92,0.497,1,0,0,0,0,0
4497.98,0.0378,0,2,0,0,0,0
5197.68,0.351,0,1,0,0,1,0
3472.9,-0.2522,0,0,0,0,0,0
2980.07,-0.221,0,0,0,0,0,0
6614.24,1.3885,0,2,0,0,0,0
880.91,0.5564,0,2,0,0,0,0
4624.87,0.0348,0,1,0,0,0,0
2024.79,0.0408,0,0,0,0,0,0
5752.12,2.9924,0,0,0,0,0,0
1359.8,-0.4611,0,6,0,0,0,0
8407.67,0.7365,0,2,0,1,0,0
2200.15,-0.3482,0,4,0,0,0,0
4185.62,0.0605,0,2,0,0,0,0
1823.39,-0.0873,1,0,0,0,0,0
2831.32,-0.1536,1,1,0,0,0,0
3850.17,1.2945,0,0,0,0,0,0
4675.84,-0.0138,0,0,0,1,1,0
7434.71,0.7594,0,0,0,0,0,0
3892.06,0.3954,0,0,0,0,0,0
1258.18,0.2726,0,0,0,0,0,0
3768.49,0.0357,0,3,0,0,0,0
10469.36,1.6861,0,0,0,0,0,0
5940.71,0.2105,0,0,0,0,0,0
6333.18,0.5209,0,0,0,0,0,0
3183.86,0.5679,0,1,0,0,0,0
2034.31,0.2859,0,0,0,0,0,0
3926.19,-0.1305,0,1,1,0,0,0
1323.77,-0.2287,0,3,0,0,0,0
2896.57,-0.1955,0,0,0,0,0,0
3911.61,-0.0172,0,0,0,0,0,0
2448.35,-0.0426,1,0,0,0,0,0
4947.61,0.235,0,3,0,0,0,0
816.72,0.0296,0,2,0,0,0,0
2305.15,-0.3074,1,3,0,0,0,0
710.05,0.3307,0,2,0,0,0,0
1471.43,0.2565,0,0,0,0,0,0
1905.4,-0.1424,0,1,1,0,0,0
1476.43,-0.2641,0,1,0,0,0,0
702.16,-0.1459,0,4,1,0,0,0
775.62,0.0647,0,3,0,0,0,0
16246.22,2.8516,0,4,0,0,0,0
633.01,-0.283,0,1,0,1,0,0
474.88,-0.3325,0,1,0,0,0,0
596.74,-0.1988,0,2,0,0,0,0
3121.35,0.1193,0,0,0,0,1,0
2853.07,-0.0284,0,1,0,0,0,0
2128.28,-0.3654,0,0,0,0,0,0
8256.16,1.8837,0,0,0,0,0,0
3953.14,2.2321,0,4,0,0,0,0
597.49,-0.0289,0,1,0,0,0,0
6278.36,0.4819,0,0,1,0,0,0
4643.98,1.1982,0,1,0,0,0,0
2785.96,1.0326,0,2,0,0,0,0
6550.46,0.5201,0,0,0,1,0,1
2477.49,0.2471,0,0,0,0,0,0
5437.8,1.7056,0,4,0,0,0,0
2380.99,0.2396,0,7,0,0,0,0
2019.61,-0.038,0,0,0,0,0,0
4642.34,0.016,0,1,0,0,0,0
626.44,0.0485,1,4,1,0,0,0
8977.13,1.3783,0,1,0,0,1,0
3501.71,0.0043,0,1,0,0,0,0
1001.69,-0.518,0,0,0,0,1,0
3674.27,-0.0299,0,0,0,0,0,0
4533.28,-0.0241,0,2,0,0,0,0
13392.17,2.9984,0,1,0,0,0,0
4148.05,0.2358,0,2,0,0,0,0
1445.48,0.2496,0,2,0,0,0,0
7119.04,0.435,0,3,0,1,1,1
2026.69,2.452,0,1,0,0,0,0
1980.1,-0.0818,1,0,0,0,0,0
2074.9,-0.045,0,2,0,0,0,0
3615.85,0.1563,0,0,0,0,0,0
6992.77,0.4941,0,1,1,0,0,0
2973.62,0.5932,0,0,0,0,0,0
4235.48,0.7638,0,2,0,0,0,0
5708.32,0.2209,0,2,0,0,0,0
4910.35,0.0599,0,0,0,0,0,0
3299.24,-0.1298,0,0,0,0,0,0
7306.09,1.2354,0,0,0,0,0,0
4228.2,-0.0594,1,0,0,0,0,0
11156.25,1.9223,0,0,0,0,0,0
15424.56,2.648,0,0,0,0,0,0
2082.25,0.469,0,3,0,0,0,0
5878.57,0.6723,0,3,0,0,0,0
3258.9,0.0796,1,1,0,0,0,0
7094.52,0.429,0,3,0,0,0,0
1995.69,-0.2577,1,0,0,0,1,0
3278.67,0.3719,0,2,0,0,0,0
2881.73,0.4878,0,0,1,0,0,0
4977.55,1.7488,0,3,0,0,0,1
666.66,0.2611,0,0,0,0,0,0
1723.25,-0.2076,0,1,0,0,0,0
6330.87,0.3858,0,4,0,0,0,0
9707.77,1.283,0,0,0,0,0,0
4758.72,0.0762,0,0,0,0,0,0
4942.73,0.6199,0,6,0,0,0,1
1180.82,0.1882,1,0,0,0,0,0
4277.4,-0.0751,0,0,0,0,0,0
17696.86,3.9713,1,1,0,0,0,0
9363.35,1.1589,0,2,0,0,0,0
5578.5,2.9128,0,3,1,0,0,1
4257.42,0.7938,0,7,0,0,0,0
6448.13,0.98,0,1,0,0,0,0
492.32,-0.1085,0,0,0,0,0,0
2548.38,1.7886,1,4,1,0,1,0
3906.61,1.2073,0,3,0,0,1,0
1814.29,1.1931,0,4,0,0,0,0
5596.97,0.1391,0,1,0,0,0,0
1383.55,1.1569,0,2,0,0,0,0
1552.45,-0.1713,0,0,0,0,0,0
257.41,-0.5856,0,1,0,0,0,0
2199.59,-0.5512,0,0,1,0,0,0
3594.97,0.0833,1,2,0,0,0,0
2768.38,0.402,0,1,0,0,0,0
2232.67,0.1355,0,1,0,0,0,0
10180.59,1.6993,0,0,0,0,0,0
4571.27,0.3191,0,0,0,0,0,0
1456.53,0.0123,0,6,0,0,0,0
1363.22,-0.0976,1,2,0,0,0,0
4695.22,0.0157,0,0,0,0,0,0
1963.45,1.4072,0,1,0,0,0,0
8702.51,1.9889,0,1,0,0,0,0
2650.93,-0.1814,1,0,0,0,0,0
3940.67,0.0192,0,1,0,0,0,0
1421.86,-0.2193,0,3,0,0,1,0
1389.99,-0.3021,0,0,0,0,0,0
2444.25,-0.2052,0,1,0,0,0,0
12173.24,1.6164,1,0,0,0,0,0
5808.14,2.5018,0,3,1,0,0,0
2280.77,0.0318,0,0,0,0,0,0
2125.36,0.5312,0,1,1,0,0,0
4077.85,-0.1817,0,1,0,0,0,0
2731.75,0.4512,0,0,0,0,0,0
3713.84,0.3504,0,0,0,0,0,0
2029.79,-0.3845,0,0,1,0,0,0
2021.37,0.2691,1,0,0,0,0,0
4499.93,0.1858,0,2,0,0,0,0
3543.49,-0.195,0,2,0,1,1,0
1963.22,-0.2763,0,2,0,0,0,0
811.42,0.283,0,2,0,1,0,0
4826.83,1.9365,0,1,1,0,0,0
5086.2,0.1357,0,1,0,0,0,0
3342.76,-0.2577,0,1,0,0,0,0
466.73,-0.2296,0,7,0,0,0,0
2360.2,0.3559,0,0,0,0,0,0
907.81,-0.1794,0,0,0,0,0,0
4705.53,-0.0566,0,1,0,0,0,0
3518.52,-0.1165,0,0,0,0,0,0
639.03,-0.3976,0,1,0,1,0,0
977.42,-0.3434,1,1,0,0,0,0
2438.59,-0.0135,0,0,0,0,0,0
3642.15,0.1111,0,0,0,0,0,0
3085.53,0.0751,0,0,0,0,0,0
410.54,-0.4887,0,1,0,0,0,0
4112.18,0.0374,1,5,0,0,0,0
2491.6,0.1721,0,2,0,0,0,0
1830.41,0.3267,1,0,0,0,0,0
1363.15,0.0418,0,1,1,0,0,0
3558.98,0.6108,1,0,0,0,0,0
2637.83,0.8783,0,2,0,0,0,0
2687.12,-0.0208,0,0,0,0,0,0
5768.3,1.3179,0,0,0,0,1,0
4707.09,0.4519,0,1,0,0,0,0
1441.44,-0.4399,0,1,1,0,0,0
1977.04,0.3217,0,2,0,0,0,0
2836.56,-0.0549,0,0,0,0,0,0
941.64,0.5432,0,1,0,0,0,0
3676.88,-0.056,0,1,0,0,0,0
4372.5,0.0122,0,0,0,0,0,0
993.81,0.5485,0,2,0,0,0,0
3532.28,-0.0667,1,1,0,1,0,0
4844.8,0.0064,0,0,0,0,0,0
1443.93,-0.2548,0,0,1,0,0,0
4501.89,1.2007,1,7,1,0,0,1
5824.6,0.1667,1,0,0,0,0,0
2151.03,0.2155,0,0,1,0,0,0
5290.74,0.2365,0,3,0,0,0,0
1856.63,0.0252,0,1,0,0,0,0
962.09,-0.2709,0,0,0,0,0,0
3217.88,-0.1547,0,1,1,0,0,0
2703.37,-0.0654,0,1,0,0,1,0
2243.66,0.9479,0,3,0,0,0,1
1858.33,1.0872,0,3,1,0,0,0
3663.17,-0.2196,0,0,0,0,0,0
1637.65,-0.2424,0,0,0,0,0,0
6431.42,2.3319,0,1,1,1,0,1
4080.88,-0.092,0,0,0,0,1,0
6987.37,2.001,0,0,0,0,0,0
4027.36,-0.1132,0,0,0,0,0,0
1160.81,-0.3156,0,4,0,0,0,0
3308.25,-0.2068,0,1,0,0,0,0
2740.04,-0.0272,0,0,0,0,0,0
6321.08,1.1554,0,1,0,0,0,0
3943.12,0.4096,0,3,0,0,0,0
7171.24,0.6475,0,0,0,0,0,0
3692.06,0.872,0,0,0,0,0,0
5647.7,0.1791,0,3,0,0,0,0
1788.31,-0.0189,0,0,0,0,0,0
2557.67,3.3614,0,2,0,0,0,0
2245.25,-0.3618,0,1,0,0,0,0
2595.81,-0.0315,0,0,0,0,0,0
4778.66,0.2986,0,0,0,0,0,0
3296.8,0.0155,0,0,0,0,1,0
1522.71,-0.2674,0,3,0,0,0,0
1278.56,-0.0672,0,2,0,0,0,0
538.91,-0.4691,0,2,0,0,0,0
3713.06,0.0991,0,0,0,1,0,0
1691.91,-0.1497,0,6,0,0,0,0
838.76,-0.2549,1,1,0,0,0,0
2571.76,0.1067,0,1,0,0,0,0
4844.21,0.1484,1,1,1,0,0,0
6496.54,1.4169,0,3,1,0,0,0
1124.89,-0.0937,0,2,0,0,0,0
4599.21,0.1175,0,0,0,0,0,1
5697.29,2.8814,1,2,0,0,0,0
2001.36,-0.0177,1,0,0,0,0,0
2184.01,0.3641,0,0,0,0,0,0
4037.7,1.5591,0,0,0,0,0,0
11244.85,1.6705,0,3,0,0,1,1
1805.65,-0.1437,0,0,1,0,0,0
2635.96,1.0971,0,0,0,0,0,0
2105.64,-0.1965,0,0,0,0,0,0
9206.73,1.1823,0,1,0,0,0,0
582.79,-0.4038,0,0,0,0,0,0
2095.51,0.0408,0,2,0,0,0,0
3111.85,-0.1238,0,0,0,0,0,0
3782.28,0.2694,0,2,0,0,0,0
1077.33,1.0595,0,0,0,1,0,0
2844.25,0.4272,0,3,0,0,0,0
1780.94,-0.4779,0,0,0,0,0,0
2070.41,-0.1085,0,3,1,0,0,0
18947.53,3.1629,0,2,0,0,0,0
3931.98,-0.2026,0,0,0,0,0,0
830.07,0.5563,1,1,0,0,0,1
4656.19,1.8247,0,0,0,0,0,0
3003.32,0.0497,0,0,1,0,0,0
7240.52,1.5905,1,0,0,0,0,0
28980.58,7.7735,1,1,0,0,0,1
1445.14,0.1611,0,0,0,0,0,0
5005.5,1.212,0,0,0,0,0,0
2747.02,-0.2769,0,0,0,0,0,0
3051.29,-0.0455,0,1,0,0,0,0
3250.23,0.0203,0,0,0,0,0,0
3634.74,0.3879,0,2,0,0,0,0
2641.42,0.1769,0,3,0,0,0,0
10719.61,1.5928,0,2,0,0,0,0
648.35,0.2463,0,0,1,0,0,0
718.05,0.3036,0,3,0,0,0,0
2638.39,-0.1027,0,0,0,0,0,0
2934.16,0.0071,0,0,0,0,0,0
1705.48,-0.071,1,1,0,0,0,0
2682.04,0.0059,0,2,0,0,1,0
2653.51,-0.3005,0,0,0,0,0,0
1216.41,-0.187,0,0,0,0,0,0
7509.91,1.1856,0,2,1,0,1,1
4439.18,0.6286,0,1,0,0,0,0
4604.81,2.7907,0,0,0,0,0,0
1263.8,-0.1048,1,4,0,0,0,0
1782.66,-0.0412,0,0,0,0,0,0
9190.58,1.1942,0,0,0,0,0,0
711.87,0.1032,1,1,0,0,0,0
4203.77,0.2875,0,3,0,0,0,0
10162.89,2.4322,0,1,0,0,0,0
2169.24,-0.1926,0,0,0,0,0,0
5591.81,0.9847,0,1,1,0,0,0
16728.14,3.6638,1,4,0,0,0,0
8343.57,0.8151,0,5,0,0,0,0
714.9,0.2933,0,0,0,0,1,0
2383.13,-0.1805,0,0,0,0,0,0
3145.74,0.2326,1,0,0,0,0,0
1309.99,-0.42,0,4,0,0,1,0
3755.25,0.0657,0,2,0,1,0,0
3275.49,-0.1722,0,0,0,0,0,0
3956.72,-0.0516,0,1,1,0,0,0
4301.77,0.5063,0,3,1,0,0,1
5190.73,0.3733,0,1,0,0,0,0
10421.9,1.78,1,2,0,0,0,0
3383.31,-0.1308,0,6,0,0,0,0
12346.88,2.2567,0,2,0,0,0,0
6658.71,0.7062,0,1,1,0,0,0
1103.55,-0.2497,0,2,0,0,0,0
881.98,0.2679,1,1,0,0,0,0
1753.2,0.0984,1,2,0,0,0,0
2464.41,0.3224,0,0,0,0,0,0
791.61,-0.2638,0,1,0,0,0,0
3799.65,0.0703,0,1,0,0,0,0
12169.77,1.9912,0,0,0,0,0,0
4260.27,3.982,0,0,0,0,0,0
1071.33,0.1124,0,1,0,0,0,0
3986.74,0.0161,0,0,0,0,0,0
1564.37,0.1584,0,2,0,0,0,0
9310.08,1.2173,1,0,0,0,0,0
816.65,-0.5533,0,2,0,0,0,0
2236.78,-0.1911,0,0,0,0,0,0
266.38,-0.4871,1,0,0,0,0,0
4039.66,0.0287,0,0,0,0,0,0
2596.65,-0.1097,0,0,0,0,0,0
2604.42,-0.0252,0,4,0,0,0,0
4971.42,0.1809,0,0,1,0,0,0
391.03,-0.375,0,0,0,0,0,0
1524.0,-0.0732,0,2,0,0,0,0
2745.73,-0.3617,0,0,0,0,0,0
2730.64,0.3841,0,3,0,0,1,0
5849.91,1.1283,1,0,1,0,0,1
2425.61,0.1354,0,1,0,0,0,0
1219.5,-0.0121,0,0,0,0,0,0
15761.6,3.3071,0,0,0,1,0,0
1262.07,-0.0299,0,3,0,0,0,0
2398.5,-0.2339,0,1,0,0,0,0
3315.69,-0.231,1,0,0,0,0,0
2061.95,-0.1295,1,4,0,0,0,0
1951.38,0.0836,0,0,0,0,0,0
3816.35,-0.0679,0,0,0,0,0,0
4848.91,-0.0026,0,2,0,0,0,0
4839.0,0.133,0,1,0,0,0,0
5794.77,0.9918,0,2,0,1,0,0
2823.11,-0.2122,0,1,0,0,0,0
3763.34,-0.1356,0,1,0,0,0,0
913.92,0.1432,0,0,1,0,0,0
8205.27,1.0989,0,0,0,0,0,0
3898.59,-0.1312,0,0,0,0,0,0
2696.11,0.4735,0,0,0,0,0,0
2902.22,0.0117,0,2,0,0,0,0
1668.6,0.0242,0,0,0,1,0,0
3049.29,0.1172,0,0,0,1,0,0
579.37,-0.2828,0,1,0,0,0,0
4558.38,0.3704,0,1,0,0,0,0
2272.17,-0.0984,0,1,1,0,0,0
10631.41,1.9387,0,1,0,0,0,0
1120.82,-0.1491,0,7,0,1,0,0
2422.9,0.0278,0,3,0,0,0,0
6306.88,1.1761,0,0,0,0,0,0
2686.35,-0.3353,0,2,1,0,0,0
2440.53,0.0956,0,2,0,0,0,0
3757.15,0.017,1,1,0,0,0,0
2642.55,1.4563,0,0,0,0,0,0
1313.73,0.7088,1,3,1,0,0,1
3849.0,-0.1608,0,0,0,0,0,0
8536.52,3.6028,0,0,0,0,0,0
5385.44,2.4114,0,3,1,0,0,1
4578.28,1.9317,0,0,0,0,0,0
1656.83,-0.2286,0,0,0,0,0,0
13495.24,4.1487,1,7,0,0,0,1
3193.16,0.0791,0,0,1,0,0,0
3836.84,0.0347,0,5,0,0,0,0
6113.33,0.3032,0,0,1,0,0,0
6013.92,0.4078,0,0,0,0,0,0
4815.22,0.0106,0,1,0,0,0,0
5380.67,0.2056,0,0,0,0,0,0
2929.57,0.2409,0,2,0,0,0,0
1089.09,0.3296,0,0,0,0,0,0
2033.8,-0.0079,1,0,0,0,1,0
788.99,0.2379,0,0,0,0,0,0
2642.59,0.3018,0,0,1,0,0,0
4108.31,0.2824,0,0,0,0,0,0
3181.14,-0.0104,0,3,0,0,0,0
5539.0,0.1507,0,0,0,1,0,0
1378.17,-0.0551,0,5,0,0,0,0
4605.59,0.1264,0,0,1,0,0,0
3903.99,0.1155,0,2,0,0,0,0
3791.11,-0.1813,0,0,0,0,0,0
1297.11,0.0897,1,0,0,0,0,0
1118.36,0.1493,0,2,0,0,0,0
4842.97,0.1185,1,1,0,0,0,0
2761.21,0.5136,0,0,0,1,0,0
3724.85,1.6434,0,0,0,0,1,0
8032.71,0.7523,0,0,0,0,0,0
3055.48,0.2119,0,2,0,0,0,0
1288.7,0.0958,0,1,0,0,0,0
3325.13,0.1418,0,1,0,0,0,0
3894.5,-0.0221,0,1,1,0,0,0
1597.91,0.1662,0,1,0,0,0,0
3616.23,0.2432,0,5,0,0,0,0
1548.21,-0.4549,1,4,0,0,0,0
1601.64,-0.1076,0,1,0,1,0,0
2419.73,0.0274,0,2,0,0,0,0
4243.45,0.1515,0,0,0,0,0,0
4792.9,2.4212,0,2,0,0,0,1
1709.42,-0.3966,0,1,0,0,0,0
5563.92,0.2478,0,0,1,0,0,0
1506.22,-0.5514,1,0,0,0,0,0
3844.22,0.014,0,0,0,0,0,0
5907.41,0.2684,0,0,0,0,0,0
4561.99,-0.0057,0,0,0,0,0,0
4213.86,0.2693,0,2,0,0,0,0
9151.82,1.9899,0,0,0,0,0,0
2309.07,-0.2385,0,1,0,0,0,0
1660.56,-0.2817,0,0,1,0,0,0
3580.61,-0.1749,0,0,0,0,0,0
2927.29,0.2259,0,7,0,1,0,0
1186.76,0.2593,0,0,0,1,0,0
4971.38,0.3223,0,1,0,0,1,0
727.01,-0.3152,0,1,0,0,0,0
4436.28,0.0556,0,2,1,0,0,0
2737.26,1.0835,0,2,0,0,0,1
4372.31,0.9088,0,1,0,0,0,0
1037.42,0.2599,0,0,0,0,1,0
3828.97,0.3062,0,0,0,0,0,0
1421.39,0.2503,0,0,0,0,1,0
3287.38,-0.042,0,0,0,1,0,0
824.97,0.0999,0,2,0,0,1,0
743.31,-0.1773,0,0,0,0,0,0
5001.84,1.1951,0,0,0,0,0,0
4270.61,-0.0784,0,1,0,0,0,0
4276.33,-0.0445,0,1,0,0,0,0
2563.21,-0.086,1,0,0,0,0,0
11256.12,1.5156,0,1,0,0,0,0
3575.87,0.0502,0,1,0,0,0,0
5272.34,1.4475,1,0,0,0,0,0
1435.33,-0.1992,0,0,0,0,0,0
892.06,-0.2849,0,0,0,0,0,0
2159.75,0.1247,0,0,0,0,0,0
3833.95,1.3755,0,0,0,0,0,0
5117.97,0.1747,0,1,0,0,0,0
5433.39,0.9231,0,5,0,0,0,0
4792.74,0.478,0,3,0,0,0,0
533.58,-0.1988,0,2,0,1,0,0
2135.37,0.2811,0,2,0,0,0,0
1085.23,0.1627,0,1,0,0,0,0
2016.56,-0.4627,1,0,0,0,0,0
1594.22,1.8292,0,0,0,0,0,0
3018.15,-0.2478,0,4,0,0,0,0
2086.2,-0.1753,0,0,0,0,0,0
6023.45,0.3395,0,0,0,0,1,0
1064.33,0.7813,0,0,0,0,0,0
5027.02,0.2686,0,1,0,0,0,1
8921.23,1.088,0,2,0,0,1,0
8261.76,1.6587,0,2,0,0,0,0
3583.55,-0.0809,0,1,0,0,0,0
8045.76,1.191,0,0,0,1,0,0
3053.97,-0.1301,0,1,0,1,0,0
3115.02,-0.3559,0,0,0,0,0,0
2461.29,-0.1549,0,0,0,0,0,0
6965.06,0.9936,0,1,0,0,0,0
2162.29,-0.0418,0,1,0,0,0,0
868.88,0.355,0,0,0,0,0,0
7625.08,0.5287,0,5,1,0,0,1
1125.89,0.0545,0,6,1,0,0,0
7547.5,1.7663,0,4,0,0,0,0
630.33,0.0971,0,0,0,0,0,0
4968.15,0.5117,1,2,1,0,0,1
2133.74,0.2702,1,3,0,0,0,0
5333.58,0.5525,0,4,0,0,0,0
4586.31,0.0804,0,1,0,0,0,0
4962.03,0.0981,0,0,0,0,0,0
2978.24,-0.3609,0,2,0,0,0,0
4709.19,0.1015,0,1,0,0,0,0
2660.63,-0.1605,0,0,0,0,0,0
2846.65,0.2737,0,2,0,0,0,0
659.92,-0.2111,0,2,1,0,0,0
9472.2,1.2544,0,0,0,0,0,0
2919.95,0.4379,0,0,0,0,0,0
6303.78,1.6324,0,0,0,0,0,0
1535.53,0.1549,0,2,0,0,0,0
626.31,-0.4454,0,0,0,0,1,0
3244.27,0.6228,0,1,0,0,0,0
3754.37,-0.1711,0,0,0,0,0,0
3181.35,-0.042,0,0,0,0,0,0
4586.89,0.211,0,1,0,0,0,0
3268.18,1.0883,1,1,1,0,0,0
4744.62,1.1104,0,1,0,0,0,0
2467.21,0.9879,0,1,0,0,0,0
4561.67,3.4422,0,0,0,0,0,0
1205.43,-0.1026,0,5,0,0,0,0
3890.4,-0.0617,0,3,0,0,0,0
21341.66,3.7838,0,4,0,0,0,0
5127.65,0.3402,0,1,0,0,0,0
3298.83,0.1439,0,1,0,1,0,0
2764.91,-0.1853,0,1,0,0,0,0
3648.67,0.1433,0,3,0,0,0,0
4219.03,1.1031,0,0,0,0,0,0
2832.2,-0.1404,0,1,0,0,0,0
6341.73,0.4237,0,1,0,0,0,0
4718.93,0.0301,0,1,0,0,0,0
2404.46,-0.3325,0,1,0,0,0,0
1944.32,0.762,0,1,0,0,0,0
3964.6,0.9988,0,0,0,0,0,0
2406.46,1.8392,0,0,0,0,0,0
1790.9,-0.2574,1,0,0,0,0,0
2814.46,-0.0865,0,0,0,0,0,0
1585.63,-0.3033,0,7,0,0,0,0
917.08,-0.1866,0,2,0,0,0,0
1787.31,-0.3943,0,2,1,0,1,0
2240.12,-0.051,0,0,0,0,1,0
4318.97,0.3335,0,0,1,0,0,0
9128.34,1.6865,0,3,0,0,0,0
